Location,Month,Population,Antibiotic,Class,Spectrum,Is_Combination,Quantity_Sold,Latitude,Longitude
Delhi,2024-01,19000000,Amoxicillin,Penicillin,Narrow,0,42275,28.61,77.21
Delhi,2024-01,19000000,Amoxicillin-Clavulanate,Penicillin + beta-lactamase inhibitor,Broad,1,101370,28.61,77.21
Delhi,2024-01,19000000,Azithromycin,Macrolide,Broad,0,61792,28.61,77.21
Delhi,2024-01,19000000,Cefixime,Cephalosporin,Broad,0,46332,28.61,77.21
Delhi,2024-01,19000000,Ceftriaxone,Cephalosporin,Broad,0,18509,28.61,77.21
Delhi,2024-01,19000000,Ciprofloxacin,Fluoroquinolone,Broad,0,47436,28.61,77.21
Delhi,2024-01,19000000,Doxycycline,Tetracycline,Broad,0,40032,28.61,77.21
Delhi,2024-01,19000000,Metronidazole,Nitroimidazole,Narrow,0,31197,28.61,77.21
Delhi,2024-01,19000000,Cotrimoxazole,Sulfonamide combination,Broad,1,34525,28.61,77.21
Delhi,2024-01,19000000,Meropenem,Carbapenem,Very Broad,0,2615,28.61,77.21
Delhi,2024-02,19000000,Amoxicillin,Penicillin,Narrow,0,52659,28.61,77.21
Delhi,2024-02,19000000,Amoxicillin-Clavulanate,Penicillin + beta-lactamase inhibitor,Broad,1,97278,28.61,77.21
Delhi,2024-02,19000000,Azithromycin,Macrolide,Broad,0,74462,28.61,77.21
Delhi,2024-02,19000000,Cefixime,Cephalosporin,Broad,0,51685,28.61,77.21
Delhi,2024-02,19000000,Ceftriaxone,Cephalosporin,Broad,0,24244,28.61,77.21
Delhi,2024-02,19000000,Ciprofloxacin,Fluoroquinolone,Broad,0,45529,28.61,77.21
Delhi,2024-02,19000000,Doxycycline,Tetracycline,Broad,0,40794,28.61,77.21
Delhi,2024-02,19000000,Metronidazole,Nitroimidazole,Narrow,0,34781,28.61,77.21
Delhi,2024-02,19000000,Cotrimoxazole,Sulfonamide combination,Broad,1,37043,28.61,77.21
Delhi,2024-02,19000000,Meropenem,Carbapenem,Very Broad,0,2936,28.61,77.21
Delhi,2024-03,19000000,Amoxicillin,Penicillin,Narrow,0,52075,28.61,77.21
Delhi,2024-03,19000000,Amoxicillin-Clavulanate,Penicillin + beta-lactamase inhibitor,Broad,1,107251,28.61,77.21
Delhi,2024-03,19000000,Azithromycin,Macrolide,Broad,0,74647,28.61,77.21
Delhi,2024-03,19000000,Cefixime,Cephalosporin,Broad,0,53147,28.61,77.21
Delhi,2024-03,19000000,Ceftriaxone,Cephalosporin,Broad,0,21890,28.61,77.21
Delhi,2024-03,19000000,Ciprofloxacin,Fluoroquinolone,Broad,0,51704,28.61,77.21
Delhi,2024-03,19000000,Doxycycline,Tetracycline,Broad,0,39680,28.61,77.21
Delhi,2024-03,19000000,Metronidazole,Nitroimidazole,Narrow,0,34647,28.61,77.21
Delhi,2024-03,19000000,Cotrimoxazole,Sulfonamide combination,Broad,1,46056,28.61,77.21
Delhi,2024-03,19000000,Meropenem,Carbapenem,Very Broad,0,3122,28.61,77.21
Delhi,2024-04,19000000,Amoxicillin,Penicillin,Narrow,0,51502,28.61,77.21
Delhi,2024-04,19000000,Amoxicillin-Clavulanate,Penicillin + beta-lactamase inhibitor,Broad,1,115250,28.61,77.21
Delhi,2024-04,19000000,Azithromycin,Macrolide,Broad,0,72055,28.61,77.21
Delhi,2024-04,19000000,Cefixime,Cephalosporin,Broad,0,57111,28.61,77.21
Delhi,2024-04,19000000,Ceftriaxone,Cephalosporin,Broad,0,20218,28.61,77.21
Delhi,2024-04,19000000,Ciprofloxacin,Fluoroquinolone,Broad,0,47182,28.61,77.21
Delhi,2024-04,19000000,Doxycycline,Tetracycline,Broad,0,42180,28.61,77.21
Delhi,2024-04,19000000,Metronidazole,Nitroimidazole,Narrow,0,35818,28.61,77.21
Delhi,2024-04,19000000,Cotrimoxazole,Sulfonamide combination,Broad,1,45001,28.61,77.21
Delhi,2024-04,19000000,Meropenem,Carbapenem,Very Broad,0,3112,28.61,77.21
Delhi,2024-05,19000000,Amoxicillin,Penicillin,Narrow,0,48840,28.61,77.21
Delhi,2024-05,19000000,Amoxicillin-Clavulanate,Penicillin + beta-lactamase inhibitor,Broad,1,112261,28.61,77.21
Delhi,2024-05,19000000,Azithromycin,Macrolide,Broad,0,71985,28.61,77.21
Delhi,2024-05,19000000,Cefixime,Cephalosporin,Broad,0,54843,28.61,77.21
Delhi,2024-05,19000000,Ceftriaxone,Cephalosporin,Broad,0,21947,28.61,77.21
Delhi,2024-05,19000000,Ciprofloxacin,Fluoroquinolone,Broad,0,49818,28.61,77.21
Delhi,2024-05,19000000,Doxycycline,Tetracycline,Broad,0,36794,28.61,77.21
Delhi,2024-05,19000000,Metronidazole,Nitroimidazole,Narrow,0,33832,28.61,77.21
Delhi,2024-05,19000000,Cotrimoxazole,Sulfonamide combination,Broad,1,39659,28.61,77.21
Delhi,2024-05,19000000,Meropenem,Carbapenem,Very Broad,0,3267,28.61,77.21
Delhi,2024-06,19000000,Amoxicillin,Penicillin,Narrow,0,45271,28.61,77.21
Delhi,2024-06,19000000,Amoxicillin-Clavulanate,Penicillin + beta-lactamase inhibitor,Broad,1,98242,28.61,77.21
Delhi,2024-06,19000000,Azithromycin,Macrolide,Broad,0,73427,28.61,77.21
Delhi,2024-06,19000000,Cefixime,Cephalosporin,Broad,0,53264,28.61,77.21
Delhi,2024-06,19000000,Ceftriaxone,Cephalosporin,Broad,0,20535,28.61,77.21
Delhi,2024-06,19000000,Ciprofloxacin,Fluoroquinolone,Broad,0,48981,28.61,77.21
Delhi,2024-06,19000000,Doxycycline,Tetracycline,Broad,0,40821,28.61,77.21
Delhi,2024-06,19000000,Metronidazole,Nitroimidazole,Narrow,0,39656,28.61,77.21
Delhi,2024-06,19000000,Cotrimoxazole,Sulfonamide combination,Broad,1,38366,28.61,77.21
Delhi,2024-06,19000000,Meropenem,Carbapenem,Very Broad,0,2950,28.61,77.21
Delhi,2024-07,19000000,Amoxicillin,Penicillin,Narrow,0,47523,28.61,77.21
Delhi,2024-07,19000000,Amoxicillin-Clavulanate,Penicillin + beta-lactamase inhibitor,Broad,1,90915,28.61,77.21
Delhi,2024-07,19000000,Azithromycin,Macrolide,Broad,0,60704,28.61,77.21
Delhi,2024-07,19000000,Cefixime,Cephalosporin,Broad,0,43828,28.61,77.21
Delhi,2024-07,19000000,Ceftriaxone,Cephalosporin,Broad,0,20025,28.61,77.21
Delhi,2024-07,19000000,Ciprofloxacin,Fluoroquinolone,Broad,0,42643,28.61,77.21
Delhi,2024-07,19000000,Doxycycline,Tetracycline,Broad,0,40403,28.61,77.21
Delhi,2024-07,19000000,Metronidazole,Nitroimidazole,Narrow,0,41017,28.61,77.21
Delhi,2024-07,19000000,Cotrimoxazole,Sulfonamide combination,Broad,1,36302,28.61,77.21
Delhi,2024-07,19000000,Meropenem,Carbapenem,Very Broad,0,2798,28.61,77.21
Delhi,2024-08,19000000,Amoxicillin,Penicillin,Narrow,0,65952,28.61,77.21
Delhi,2024-08,19000000,Amoxicillin-Clavulanate,Penicillin + beta-lactamase inhibitor,Broad,1,93124,28.61,77.21
Delhi,2024-08,19000000,Azithromycin,Macrolide,Broad,0,56664,28.61,77.21
Delhi,2024-08,19000000,Cefixime,Cephalosporin,Broad,0,44000,28.61,77.21
Delhi,2024-08,19000000,Ceftriaxone,Cephalosporin,Broad,0,19428,28.61,77.21
Delhi,2024-08,19000000,Ciprofloxacin,Fluoroquinolone,Broad,0,43550,28.61,77.21
Delhi,2024-08,19000000,Doxycycline,Tetracycline,Broad,0,34187,28.61,77.21
Delhi,2024-08,19000000,Metronidazole,Nitroimidazole,Narrow,0,29505,28.61,77.21
Delhi,2024-08,19000000,Cotrimoxazole,Sulfonamide combination,Broad,1,41930,28.61,77.21
Delhi,2024-08,19000000,Meropenem,Carbapenem,Very Broad,0,2702,28.61,77.21
Delhi,2024-09,19000000,Amoxicillin,Penicillin,Narrow,0,43996,28.61,77.21
Delhi,2024-09,19000000,Amoxicillin-Clavulanate,Penicillin + beta-lactamase inhibitor,Broad,1,96791,28.61,77.21
Delhi,2024-09,19000000,Azithromycin,Macrolide,Broad,0,65442,28.61,77.21
Delhi,2024-09,19000000,Cefixime,Cephalosporin,Broad,0,41983,28.61,77.21
Delhi,2024-09,19000000,Ceftriaxone,Cephalosporin,Broad,0,19513,28.61,77.21
Delhi,2024-09,19000000,Ciprofloxacin,Fluoroquinolone,Broad,0,44188,28.61,77.21
Delhi,2024-09,19000000,Doxycycline,Tetracycline,Broad,0,36729,28.61,77.21
Delhi,2024-09,19000000,Metronidazole,Nitroimidazole,Narrow,0,31611,28.61,77.21
Delhi,2024-09,19000000,Cotrimoxazole,Sulfonamide combination,Broad,1,41307,28.61,77.21
Delhi,2024-09,19000000,Meropenem,Carbapenem,Very Broad,0,2942,28.61,77.21
Delhi,2024-10,19000000,Amoxicillin,Penicillin,Narrow,0,37077,28.61,77.21
Delhi,2024-10,19000000,Amoxicillin-Clavulanate,Penicillin + beta-lactamase inhibitor,Broad,1,96915,28.61,77.21
Delhi,2024-10,19000000,Azithromycin,Macrolide,Broad,0,58351,28.61,77.21
Delhi,2024-10,19000000,Cefixime,Cephalosporin,Broad,0,39319,28.61,77.21
Delhi,2024-10,19000000,Ceftriaxone,Cephalosporin,Broad,0,18729,28.61,77.21
Delhi,2024-10,19000000,Ciprofloxacin,Fluoroquinolone,Broad,0,40482,28.61,77.21
Delhi,2024-10,19000000,Doxycycline,Tetracycline,Broad,0,34195,28.61,77.21
Delhi,2024-10,19000000,Metronidazole,Nitroimidazole,Narrow,0,30253,28.61,77.21
Delhi,2024-10,19000000,Cotrimoxazole,Sulfonamide combination,Broad,1,28531,28.61,77.21
Delhi,2024-10,19000000,Meropenem,Carbapenem,Very Broad,0,2226,28.61,77.21
Delhi,2024-11,19000000,Amoxicillin,Penicillin,Narrow,0,41010,28.61,77.21
Delhi,2024-11,19000000,Amoxicillin-Clavulanate,Penicillin + beta-lactamase inhibitor,Broad,1,79836,28.61,77.21
Delhi,2024-11,19000000,Azithromycin,Macrolide,Broad,0,60520,28.61,77.21
Delhi,2024-11,19000000,Cefixime,Cephalosporin,Broad,0,47256,28.61,77.21
Delhi,2024-11,19000000,Ceftriaxone,Cephalosporin,Broad,0,20150,28.61,77.21
Delhi,2024-11,19000000,Ciprofloxacin,Fluoroquinolone,Broad,0,57915,28.61,77.21
Delhi,2024-11,19000000,Doxycycline,Tetracycline,Broad,0,34637,28.61,77.21
Delhi,2024-11,19000000,Metronidazole,Nitroimidazole,Narrow,0,30800,28.61,77.21
Delhi,2024-11,19000000,Cotrimoxazole,Sulfonamide combination,Broad,1,41405,28.61,77.21
Delhi,2024-11,19000000,Meropenem,Carbapenem,Very Broad,0,2291,28.61,77.21
Delhi,2024-12,19000000,Amoxicillin,Penicillin,Narrow,0,54206,28.61,77.21
Delhi,2024-12,19000000,Amoxicillin-Clavulanate,Penicillin + beta-lactamase inhibitor,Broad,1,88208,28.61,77.21
Delhi,2024-12,19000000,Azithromycin,Macrolide,Broad,0,55745,28.61,77.21
Delhi,2024-12,19000000,Cefixime,Cephalosporin,Broad,0,42350,28.61,77.21
Delhi,2024-12,19000000,Ceftriaxone,Cephalosporin,Broad,0,22353,28.61,77.21
Delhi,2024-12,19000000,Ciprofloxacin,Fluoroquinolone,Broad,0,40602,28.61,77.21
Delhi,2024-12,19000000,Doxycycline,Tetracycline,Broad,0,31072,28.61,77.21
Delhi,2024-12,19000000,Metronidazole,Nitroimidazole,Narrow,0,36978,28.61,77.21
Delhi,2024-12,19000000,Cotrimoxazole,Sulfonamide combination,Broad,1,33642,28.61,77.21
Delhi,2024-12,19000000,Meropenem,Carbapenem,Very Broad,0,3131,28.61,77.21
Delhi,2025-01,19000000,Amoxicillin,Penicillin,Narrow,0,47691,28.61,77.21
Delhi,2025-01,19000000,Amoxicillin-Clavulanate,Penicillin + beta-lactamase inhibitor,Broad,1,94834,28.61,77.21
Delhi,2025-01,19000000,Azithromycin,Macrolide,Broad,0,75713,28.61,77.21
Delhi,2025-01,19000000,Cefixime,Cephalosporin,Broad,0,48181,28.61,77.21
Delhi,2025-01,19000000,Ceftriaxone,Cephalosporin,Broad,0,23571,28.61,77.21
Delhi,2025-01,19000000,Ciprofloxacin,Fluoroquinolone,Broad,0,47641,28.61,77.21
Delhi,2025-01,19000000,Doxycycline,Tetracycline,Broad,0,39926,28.61,77.21
Delhi,2025-01,19000000,Metronidazole,Nitroimidazole,Narrow,0,34212,28.61,77.21
Delhi,2025-01,19000000,Cotrimoxazole,Sulfonamide combination,Broad,1,40394,28.61,77.21
Delhi,2025-01,19000000,Meropenem,Carbapenem,Very Broad,0,2650,28.61,77.21
Delhi,2025-02,19000000,Amoxicillin,Penicillin,Narrow,0,56787,28.61,77.21
Delhi,2025-02,19000000,Amoxicillin-Clavulanate,Penicillin + beta-lactamase inhibitor,Broad,1,113890,28.61,77.21
Delhi,2025-02,19000000,Azithromycin,Macrolide,Broad,0,69255,28.61,77.21
Delhi,2025-02,19000000,Cefixime,Cephalosporin,Broad,0,53945,28.61,77.21
Delhi,2025-02,19000000,Ceftriaxone,Cephalosporin,Broad,0,19159,28.61,77.21
Delhi,2025-02,19000000,Ciprofloxacin,Fluoroquinolone,Broad,0,51666,28.61,77.21
Delhi,2025-02,19000000,Doxycycline,Tetracycline,Broad,0,39691,28.61,77.21
Delhi,2025-02,19000000,Metronidazole,Nitroimidazole,Narrow,0,35837,28.61,77.21
Delhi,2025-02,19000000,Cotrimoxazole,Sulfonamide combination,Broad,1,43147,28.61,77.21
Delhi,2025-02,19000000,Meropenem,Carbapenem,Very Broad,0,3047,28.61,77.21
Delhi,2025-03,19000000,Amoxicillin,Penicillin,Narrow,0,49743,28.61,77.21
Delhi,2025-03,19000000,Amoxicillin-Clavulanate,Penicillin + beta-lactamase inhibitor,Broad,1,115202,28.61,77.21
Delhi,2025-03,19000000,Azithromycin,Macrolide,Broad,0,66186,28.61,77.21
Delhi,2025-03,19000000,Cefixime,Cephalosporin,Broad,0,61283,28.61,77.21
Delhi,2025-03,19000000,Ceftriaxone,Cephalosporin,Broad,0,24071,28.61,77.21
Delhi,2025-03,19000000,Ciprofloxacin,Fluoroquinolone,Broad,0,51005,28.61,77.21
Delhi,2025-03,19000000,Doxycycline,Tetracycline,Broad,0,41139,28.61,77.21
Delhi,2025-03,19000000,Metronidazole,Nitroimidazole,Narrow,0,38441,28.61,77.21
Delhi,2025-03,19000000,Cotrimoxazole,Sulfonamide combination,Broad,1,48185,28.61,77.21
Delhi,2025-03,19000000,Meropenem,Carbapenem,Very Broad,0,3478,28.61,77.21
Delhi,2025-04,19000000,Amoxicillin,Penicillin,Narrow,0,50352,28.61,77.21
Delhi,2025-04,19000000,Amoxicillin-Clavulanate,Penicillin + beta-lactamase inhibitor,Broad,1,110807,28.61,77.21
Delhi,2025-04,19000000,Azithromycin,Macrolide,Broad,0,69990,28.61,77.21
Delhi,2025-04,19000000,Cefixime,Cephalosporin,Broad,0,54881,28.61,77.21
Delhi,2025-04,19000000,Ceftriaxone,Cephalosporin,Broad,0,24505,28.61,77.21
Delhi,2025-04,19000000,Ciprofloxacin,Fluoroquinolone,Broad,0,55466,28.61,77.21
Delhi,2025-04,19000000,Doxycycline,Tetracycline,Broad,0,43087,28.61,77.21
Delhi,2025-04,19000000,Metronidazole,Nitroimidazole,Narrow,0,35997,28.61,77.21
Delhi,2025-04,19000000,Cotrimoxazole,Sulfonamide combination,Broad,1,48130,28.61,77.21
Delhi,2025-04,19000000,Meropenem,Carbapenem,Very Broad,0,2935,28.61,77.21
Delhi,2025-05,19000000,Amoxicillin,Penicillin,Narrow,0,48310,28.61,77.21
Delhi,2025-05,19000000,Amoxicillin-Clavulanate,Penicillin + beta-lactamase inhibitor,Broad,1,109848,28.61,77.21
Delhi,2025-05,19000000,Azithromycin,Macrolide,Broad,0,77942,28.61,77.21
Delhi,2025-05,19000000,Cefixime,Cephalosporin,Broad,0,56255,28.61,77.21
Delhi,2025-05,19000000,Ceftriaxone,Cephalosporin,Broad,0,23628,28.61,77.21
Delhi,2025-05,19000000,Ciprofloxacin,Fluoroquinolone,Broad,0,43906,28.61,77.21
Delhi,2025-05,19000000,Doxycycline,Tetracycline,Broad,0,44673,28.61,77.21
Delhi,2025-05,19000000,Metronidazole,Nitroimidazole,Narrow,0,41092,28.61,77.21
Delhi,2025-05,19000000,Cotrimoxazole,Sulfonamide combination,Broad,1,48256,28.61,77.21
Delhi,2025-05,19000000,Meropenem,Carbapenem,Very Broad,0,3330,28.61,77.21
Delhi,2025-06,19000000,Amoxicillin,Penicillin,Narrow,0,50021,28.61,77.21
Delhi,2025-06,19000000,Amoxicillin-Clavulanate,Penicillin + beta-lactamase inhibitor,Broad,1,104382,28.61,77.21
Delhi,2025-06,19000000,Azithromycin,Macrolide,Broad,0,70353,28.61,77.21
Delhi,2025-06,19000000,Cefixime,Cephalosporin,Broad,0,57132,28.61,77.21
Delhi,2025-06,19000000,Ceftriaxone,Cephalosporin,Broad,0,21937,28.61,77.21
Delhi,2025-06,19000000,Ciprofloxacin,Fluoroquinolone,Broad,0,47395,28.61,77.21
Delhi,2025-06,19000000,Doxycycline,Tetracycline,Broad,0,41964,28.61,77.21
Delhi,2025-06,19000000,Metronidazole,Nitroimidazole,Narrow,0,35781,28.61,77.21
Delhi,2025-06,19000000,Cotrimoxazole,Sulfonamide combination,Broad,1,46664,28.61,77.21
Delhi,2025-06,19000000,Meropenem,Carbapenem,Very Broad,0,3158,28.61,77.21
Delhi,2025-07,19000000,Amoxicillin,Penicillin,Narrow,0,39781,28.61,77.21
Delhi,2025-07,19000000,Amoxicillin-Clavulanate,Penicillin + beta-lactamase inhibitor,Broad,1,146960,28.61,77.21
Delhi,2025-07,19000000,Azithromycin,Macrolide,Broad,0,59443,28.61,77.21
Delhi,2025-07,19000000,Cefixime,Cephalosporin,Broad,0,44537,28.61,77.21
Delhi,2025-07,19000000,Ceftriaxone,Cephalosporin,Broad,0,21785,28.61,77.21
Delhi,2025-07,19000000,Ciprofloxacin,Fluoroquinolone,Broad,0,48795,28.61,77.21
Delhi,2025-07,19000000,Doxycycline,Tetracycline,Broad,0,32547,28.61,77.21
Delhi,2025-07,19000000,Metronidazole,Nitroimidazole,Narrow,0,32843,28.61,77.21
Delhi,2025-07,19000000,Cotrimoxazole,Sulfonamide combination,Broad,1,43957,28.61,77.21
Delhi,2025-07,19000000,Meropenem,Carbapenem,Very Broad,0,2745,28.61,77.21
Delhi,2025-08,19000000,Amoxicillin,Penicillin,Narrow,0,45240,28.61,77.21
Delhi,2025-08,19000000,Amoxicillin-Clavulanate,Penicillin + beta-lactamase inhibitor,Broad,1,95642,28.61,77.21
Delhi,2025-08,19000000,Azithromycin,Macrolide,Broad,0,65646,28.61,77.21
Delhi,2025-08,19000000,Cefixime,Cephalosporin,Broad,0,46665,28.61,77.21
Delhi,2025-08,19000000,Ceftriaxone,Cephalosporin,Broad,0,24951,28.61,77.21
Delhi,2025-08,19000000,Ciprofloxacin,Fluoroquinolone,Broad,0,38625,28.61,77.21
Delhi,2025-08,19000000,Doxycycline,Tetracycline,Broad,0,33242,28.61,77.21
Delhi,2025-08,19000000,Metronidazole,Nitroimidazole,Narrow,0,30700,28.61,77.21
Delhi,2025-08,19000000,Cotrimoxazole,Sulfonamide combination,Broad,1,38823,28.61,77.21
Delhi,2025-08,19000000,Meropenem,Carbapenem,Very Broad,0,2968,28.61,77.21
Delhi,2025-09,19000000,Amoxicillin,Penicillin,Narrow,0,47051,28.61,77.21
Delhi,2025-09,19000000,Amoxicillin-Clavulanate,Penicillin + beta-lactamase inhibitor,Broad,1,90449,28.61,77.21
Delhi,2025-09,19000000,Azithromycin,Macrolide,Broad,0,56106,28.61,77.21
Delhi,2025-09,19000000,Cefixime,Cephalosporin,Broad,0,44842,28.61,77.21
Delhi,2025-09,19000000,Ceftriaxone,Cephalosporin,Broad,0,21678,28.61,77.21
Delhi,2025-09,19000000,Ciprofloxacin,Fluoroquinolone,Broad,0,44802,28.61,77.21
Delhi,2025-09,19000000,Doxycycline,Tetracycline,Broad,0,37116,28.61,77.21
Delhi,2025-09,19000000,Metronidazole,Nitroimidazole,Narrow,0,26800,28.61,77.21
Delhi,2025-09,19000000,Cotrimoxazole,Sulfonamide combination,Broad,1,36194,28.61,77.21
Delhi,2025-09,19000000,Meropenem,Carbapenem,Very Broad,0,2415,28.61,77.21
Delhi,2025-10,19000000,Amoxicillin,Penicillin,Narrow,0,41536,28.61,77.21
Delhi,2025-10,19000000,Amoxicillin-Clavulanate,Penicillin + beta-lactamase inhibitor,Broad,1,98261,28.61,77.21
Delhi,2025-10,19000000,Azithromycin,Macrolide,Broad,0,62184,28.61,77.21
Delhi,2025-10,19000000,Cefixime,Cephalosporin,Broad,0,49201,28.61,77.21
Delhi,2025-10,19000000,Ceftriaxone,Cephalosporin,Broad,0,20568,28.61,77.21
Delhi,2025-10,19000000,Ciprofloxacin,Fluoroquinolone,Broad,0,42600,28.61,77.21
Delhi,2025-10,19000000,Doxycycline,Tetracycline,Broad,0,40616,28.61,77.21
Delhi,2025-10,19000000,Metronidazole,Nitroimidazole,Narrow,0,30803,28.61,77.21
Delhi,2025-10,19000000,Cotrimoxazole,Sulfonamide combination,Broad,1,40616,28.61,77.21
Delhi,2025-10,19000000,Meropenem,Carbapenem,Very Broad,0,2664,28.61,77.21
Delhi,2025-11,19000000,Amoxicillin,Penicillin,Narrow,0,40089,28.61,77.21
Delhi,2025-11,19000000,Amoxicillin-Clavulanate,Penicillin + beta-lactamase inhibitor,Broad,1,81994,28.61,77.21
Delhi,2025-11,19000000,Azithromycin,Macrolide,Broad,0,63789,28.61,77.21
Delhi,2025-11,19000000,Cefixime,Cephalosporin,Broad,0,52950,28.61,77.21
Delhi,2025-11,19000000,Ceftriaxone,Cephalosporin,Broad,0,17874,28.61,77.21
Delhi,2025-11,19000000,Ciprofloxacin,Fluoroquinolone,Broad,0,42331,28.61,77.21
Delhi,2025-11,19000000,Doxycycline,Tetracycline,Broad,0,36458,28.61,77.21
Delhi,2025-11,19000000,Metronidazole,Nitroimidazole,Narrow,0,30308,28.61,77.21
Delhi,2025-11,19000000,Cotrimoxazole,Sulfonamide combination,Broad,1,34875,28.61,77.21
Delhi,2025-11,19000000,Meropenem,Carbapenem,Very Broad,0,3152,28.61,77.21
Delhi,2025-12,19000000,Amoxicillin,Penicillin,Narrow,0,44780,28.61,77.21
Delhi,2025-12,19000000,Amoxicillin-Clavulanate,Penicillin + beta-lactamase inhibitor,Broad,1,100549,28.61,77.21
Delhi,2025-12,19000000,Azithromycin,Macrolide,Broad,0,65374,28.61,77.21
Delhi,2025-12,19000000,Cefixime,Cephalosporin,Broad,0,45014,28.61,77.21
Delhi,2025-12,19000000,Ceftriaxone,Cephalosporin,Broad,0,20956,28.61,77.21
Delhi,2025-12,19000000,Ciprofloxacin,Fluoroquinolone,Broad,0,49110,28.61,77.21
Delhi,2025-12,19000000,Doxycycline,Tetracycline,Broad,0,36597,28.61,77.21
Delhi,2025-12,19000000,Metronidazole,Nitroimidazole,Narrow,0,31597,28.61,77.21
Delhi,2025-12,19000000,Cotrimoxazole,Sulfonamide combination,Broad,1,54099,28.61,77.21
Delhi,2025-12,19000000,Meropenem,Carbapenem,Very Broad,0,2436,28.61,77.21
Mumbai,2024-01,13000000,Amoxicillin,Penicillin,Narrow,0,29792,19.08,72.88
Mumbai,2024-01,13000000,Amoxicillin-Clavulanate,Penicillin + beta-lactamase inhibitor,Broad,1,51473,19.08,72.88
Mumbai,2024-01,13000000,Azithromycin,Macrolide,Broad,0,56026,19.08,72.88
Mumbai,2024-01,13000000,Cefixime,Cephalosporin,Broad,0,31482,19.08,72.88
Mumbai,2024-01,13000000,Ceftriaxone,Cephalosporin,Broad,0,12089,19.08,72.88
Mumbai,2024-01,13000000,Ciprofloxacin,Fluoroquinolone,Broad,0,41700,19.08,72.88
Mumbai,2024-01,13000000,Doxycycline,Tetracycline,Broad,0,26220,19.08,72.88
Mumbai,2024-01,13000000,Metronidazole,Nitroimidazole,Narrow,0,21720,19.08,72.88
Mumbai,2024-01,13000000,Cotrimoxazole,Sulfonamide combination,Broad,1,29180,19.08,72.88
Mumbai,2024-01,13000000,Meropenem,Carbapenem,Very Broad,0,1707,19.08,72.88
Mumbai,2024-02,13000000,Amoxicillin,Penicillin,Narrow,0,36608,19.08,72.88
Mumbai,2024-02,13000000,Amoxicillin-Clavulanate,Penicillin + beta-lactamase inhibitor,Broad,1,77807,19.08,72.88
Mumbai,2024-02,13000000,Azithromycin,Macrolide,Broad,0,50500,19.08,72.88
Mumbai,2024-02,13000000,Cefixime,Cephalosporin,Broad,0,33744,19.08,72.88
Mumbai,2024-02,13000000,Ceftriaxone,Cephalosporin,Broad,0,13966,19.08,72.88
Mumbai,2024-02,13000000,Ciprofloxacin,Fluoroquinolone,Broad,0,28911,19.08,72.88
Mumbai,2024-02,13000000,Doxycycline,Tetracycline,Broad,0,25887,19.08,72.88
Mumbai,2024-02,13000000,Metronidazole,Nitroimidazole,Narrow,0,19762,19.08,72.88
Mumbai,2024-02,13000000,Cotrimoxazole,Sulfonamide combination,Broad,1,24074,19.08,72.88
Mumbai,2024-02,13000000,Meropenem,Carbapenem,Very Broad,0,1971,19.08,72.88
Mumbai,2024-03,13000000,Amoxicillin,Penicillin,Narrow,0,33987,19.08,72.88
Mumbai,2024-03,13000000,Amoxicillin-Clavulanate,Penicillin + beta-lactamase inhibitor,Broad,1,68457,19.08,72.88
Mumbai,2024-03,13000000,Azithromycin,Macrolide,Broad,0,53532,19.08,72.88
Mumbai,2024-03,13000000,Cefixime,Cephalosporin,Broad,0,37811,19.08,72.88
Mumbai,2024-03,13000000,Ceftriaxone,Cephalosporin,Broad,0,17432,19.08,72.88
Mumbai,2024-03,13000000,Ciprofloxacin,Fluoroquinolone,Broad,0,33490,19.08,72.88
Mumbai,2024-03,13000000,Doxycycline,Tetracycline,Broad,0,26045,19.08,72.88
Mumbai,2024-03,13000000,Metronidazole,Nitroimidazole,Narrow,0,23349,19.08,72.88
Mumbai,2024-03,13000000,Cotrimoxazole,Sulfonamide combination,Broad,1,29824,19.08,72.88
Mumbai,2024-03,13000000,Meropenem,Carbapenem,Very Broad,0,1919,19.08,72.88
Mumbai,2024-04,13000000,Amoxicillin,Penicillin,Narrow,0,34574,19.08,72.88
Mumbai,2024-04,13000000,Amoxicillin-Clavulanate,Penicillin + beta-lactamase inhibitor,Broad,1,80205,19.08,72.88
Mumbai,2024-04,13000000,Azithromycin,Macrolide,Broad,0,62414,19.08,72.88
Mumbai,2024-04,13000000,Cefixime,Cephalosporin,Broad,0,34786,19.08,72.88
Mumbai,2024-04,13000000,Ceftriaxone,Cephalosporin,Broad,0,13847,19.08,72.88
Mumbai,2024-04,13000000,Ciprofloxacin,Fluoroquinolone,Broad,0,38529,19.08,72.88
Mumbai,2024-04,13000000,Doxycycline,Tetracycline,Broad,0,29805,19.08,72.88
Mumbai,2024-04,13000000,Metronidazole,Nitroimidazole,Narrow,0,23243,19.08,72.88
Mumbai,2024-04,13000000,Cotrimoxazole,Sulfonamide combination,Broad,1,27831,19.08,72.88
Mumbai,2024-04,13000000,Meropenem,Carbapenem,Very Broad,0,2423,19.08,72.88
Mumbai,2024-05,13000000,Amoxicillin,Penicillin,Narrow,0,35045,19.08,72.88
Mumbai,2024-05,13000000,Amoxicillin-Clavulanate,Penicillin + beta-lactamase inhibitor,Broad,1,67690,19.08,72.88
Mumbai,2024-05,13000000,Azithromycin,Macrolide,Broad,0,56104,19.08,72.88
Mumbai,2024-05,13000000,Cefixime,Cephalosporin,Broad,0,35264,19.08,72.88
Mumbai,2024-05,13000000,Ceftriaxone,Cephalosporin,Broad,0,13718,19.08,72.88
Mumbai,2024-05,13000000,Ciprofloxacin,Fluoroquinolone,Broad,0,33056,19.08,72.88
Mumbai,2024-05,13000000,Doxycycline,Tetracycline,Broad,0,28842,19.08,72.88
Mumbai,2024-05,13000000,Metronidazole,Nitroimidazole,Narrow,0,26013,19.08,72.88
Mumbai,2024-05,13000000,Cotrimoxazole,Sulfonamide combination,Broad,1,32075,19.08,72.88
Mumbai,2024-05,13000000,Meropenem,Carbapenem,Very Broad,0,1949,19.08,72.88
Mumbai,2024-06,13000000,Amoxicillin,Penicillin,Narrow,0,34509,19.08,72.88
Mumbai,2024-06,13000000,Amoxicillin-Clavulanate,Penicillin + beta-lactamase inhibitor,Broad,1,76299,19.08,72.88
Mumbai,2024-06,13000000,Azithromycin,Macrolide,Broad,0,48451,19.08,72.88
Mumbai,2024-06,13000000,Cefixime,Cephalosporin,Broad,0,36746,19.08,72.88
Mumbai,2024-06,13000000,Ceftriaxone,Cephalosporin,Broad,0,13390,19.08,72.88
Mumbai,2024-06,13000000,Ciprofloxacin,Fluoroquinolone,Broad,0,34189,19.08,72.88
Mumbai,2024-06,13000000,Doxycycline,Tetracycline,Broad,0,30664,19.08,72.88
Mumbai,2024-06,13000000,Metronidazole,Nitroimidazole,Narrow,0,24340,19.08,72.88
Mumbai,2024-06,13000000,Cotrimoxazole,Sulfonamide combination,Broad,1,27473,19.08,72.88
Mumbai,2024-06,13000000,Meropenem,Carbapenem,Very Broad,0,1927,19.08,72.88
Mumbai,2024-07,13000000,Amoxicillin,Penicillin,Narrow,0,29307,19.08,72.88
Mumbai,2024-07,13000000,Amoxicillin-Clavulanate,Penicillin + beta-lactamase inhibitor,Broad,1,78168,19.08,72.88
Mumbai,2024-07,13000000,Azithromycin,Macrolide,Broad,0,43789,19.08,72.88
Mumbai,2024-07,13000000,Cefixime,Cephalosporin,Broad,0,33046,19.08,72.88
Mumbai,2024-07,13000000,Ceftriaxone,Cephalosporin,Broad,0,13897,19.08,72.88
Mumbai,2024-07,13000000,Ciprofloxacin,Fluoroquinolone,Broad,0,33343,19.08,72.88
Mumbai,2024-07,13000000,Doxycycline,Tetracycline,Broad,0,23366,19.08,72.88
Mumbai,2024-07,13000000,Metronidazole,Nitroimidazole,Narrow,0,26678,19.08,72.88
Mumbai,2024-07,13000000,Cotrimoxazole,Sulfonamide combination,Broad,1,26705,19.08,72.88
Mumbai,2024-07,13000000,Meropenem,Carbapenem,Very Broad,0,1998,19.08,72.88
Mumbai,2024-08,13000000,Amoxicillin,Penicillin,Narrow,0,26042,19.08,72.88
Mumbai,2024-08,13000000,Amoxicillin-Clavulanate,Penicillin + beta-lactamase inhibitor,Broad,1,61158,19.08,72.88
Mumbai,2024-08,13000000,Azithromycin,Macrolide,Broad,0,41497,19.08,72.88
Mumbai,2024-08,13000000,Cefixime,Cephalosporin,Broad,0,28666,19.08,72.88
Mumbai,2024-08,13000000,Ceftriaxone,Cephalosporin,Broad,0,13334,19.08,72.88
Mumbai,2024-08,13000000,Ciprofloxacin,Fluoroquinolone,Broad,0,29909,19.08,72.88
Mumbai,2024-08,13000000,Doxycycline,Tetracycline,Broad,0,23717,19.08,72.88
Mumbai,2024-08,13000000,Metronidazole,Nitroimidazole,Narrow,0,21736,19.08,72.88
Mumbai,2024-08,13000000,Cotrimoxazole,Sulfonamide combination,Broad,1,24116,19.08,72.88
Mumbai,2024-08,13000000,Meropenem,Carbapenem,Very Broad,0,1517,19.08,72.88
Mumbai,2024-09,13000000,Amoxicillin,Penicillin,Narrow,0,28111,19.08,72.88
Mumbai,2024-09,13000000,Amoxicillin-Clavulanate,Penicillin + beta-lactamase inhibitor,Broad,1,70339,19.08,72.88
Mumbai,2024-09,13000000,Azithromycin,Macrolide,Broad,0,41007,19.08,72.88
Mumbai,2024-09,13000000,Cefixime,Cephalosporin,Broad,0,33616,19.08,72.88
Mumbai,2024-09,13000000,Ceftriaxone,Cephalosporin,Broad,0,15536,19.08,72.88
Mumbai,2024-09,13000000,Ciprofloxacin,Fluoroquinolone,Broad,0,30744,19.08,72.88
Mumbai,2024-09,13000000,Doxycycline,Tetracycline,Broad,0,26110,19.08,72.88
Mumbai,2024-09,13000000,Metronidazole,Nitroimidazole,Narrow,0,23276,19.08,72.88
Mumbai,2024-09,13000000,Cotrimoxazole,Sulfonamide combination,Broad,1,25245,19.08,72.88
Mumbai,2024-09,13000000,Meropenem,Carbapenem,Very Broad,0,1912,19.08,72.88
Mumbai,2024-10,13000000,Amoxicillin,Penicillin,Narrow,0,27494,19.08,72.88
Mumbai,2024-10,13000000,Amoxicillin-Clavulanate,Penicillin + beta-lactamase inhibitor,Broad,1,59135,19.08,72.88
Mumbai,2024-10,13000000,Azithromycin,Macrolide,Broad,0,34656,19.08,72.88
Mumbai,2024-10,13000000,Cefixime,Cephalosporin,Broad,0,28016,19.08,72.88
Mumbai,2024-10,13000000,Ceftriaxone,Cephalosporin,Broad,0,11505,19.08,72.88
Mumbai,2024-10,13000000,Ciprofloxacin,Fluoroquinolone,Broad,0,27685,19.08,72.88
Mumbai,2024-10,13000000,Doxycycline,Tetracycline,Broad,0,22723,19.08,72.88
Mumbai,2024-10,13000000,Metronidazole,Nitroimidazole,Narrow,0,20566,19.08,72.88
Mumbai,2024-10,13000000,Cotrimoxazole,Sulfonamide combination,Broad,1,21935,19.08,72.88
Mumbai,2024-10,13000000,Meropenem,Carbapenem,Very Broad,0,1731,19.08,72.88
Mumbai,2024-11,13000000,Amoxicillin,Penicillin,Narrow,0,28943,19.08,72.88
Mumbai,2024-11,13000000,Amoxicillin-Clavulanate,Penicillin + beta-lactamase inhibitor,Broad,1,84378,19.08,72.88
Mumbai,2024-11,13000000,Azithromycin,Macrolide,Broad,0,39866,19.08,72.88
Mumbai,2024-11,13000000,Cefixime,Cephalosporin,Broad,0,32278,19.08,72.88
Mumbai,2024-11,13000000,Ceftriaxone,Cephalosporin,Broad,0,11811,19.08,72.88
Mumbai,2024-11,13000000,Ciprofloxacin,Fluoroquinolone,Broad,0,31447,19.08,72.88
Mumbai,2024-11,13000000,Doxycycline,Tetracycline,Broad,0,21197,19.08,72.88
Mumbai,2024-11,13000000,Metronidazole,Nitroimidazole,Narrow,0,23380,19.08,72.88
Mumbai,2024-11,13000000,Cotrimoxazole,Sulfonamide combination,Broad,1,26153,19.08,72.88
Mumbai,2024-11,13000000,Meropenem,Carbapenem,Very Broad,0,1582,19.08,72.88
Mumbai,2024-12,13000000,Amoxicillin,Penicillin,Narrow,0,31441,19.08,72.88
Mumbai,2024-12,13000000,Amoxicillin-Clavulanate,Penicillin + beta-lactamase inhibitor,Broad,1,89629,19.08,72.88
Mumbai,2024-12,13000000,Azithromycin,Macrolide,Broad,0,49218,19.08,72.88
Mumbai,2024-12,13000000,Cefixime,Cephalosporin,Broad,0,26723,19.08,72.88
Mumbai,2024-12,13000000,Ceftriaxone,Cephalosporin,Broad,0,14584,19.08,72.88
Mumbai,2024-12,13000000,Ciprofloxacin,Fluoroquinolone,Broad,0,41566,19.08,72.88
Mumbai,2024-12,13000000,Doxycycline,Tetracycline,Broad,0,28368,19.08,72.88
Mumbai,2024-12,13000000,Metronidazole,Nitroimidazole,Narrow,0,21350,19.08,72.88
Mumbai,2024-12,13000000,Cotrimoxazole,Sulfonamide combination,Broad,1,26048,19.08,72.88
Mumbai,2024-12,13000000,Meropenem,Carbapenem,Very Broad,0,1676,19.08,72.88
Mumbai,2025-01,13000000,Amoxicillin,Penicillin,Narrow,0,34761,19.08,72.88
Mumbai,2025-01,13000000,Amoxicillin-Clavulanate,Penicillin + beta-lactamase inhibitor,Broad,1,77391,19.08,72.88
Mumbai,2025-01,13000000,Azithromycin,Macrolide,Broad,0,51632,19.08,72.88
Mumbai,2025-01,13000000,Cefixime,Cephalosporin,Broad,0,36282,19.08,72.88
Mumbai,2025-01,13000000,Ceftriaxone,Cephalosporin,Broad,0,15119,19.08,72.88
Mumbai,2025-01,13000000,Ciprofloxacin,Fluoroquinolone,Broad,0,37292,19.08,72.88
Mumbai,2025-01,13000000,Doxycycline,Tetracycline,Broad,0,24350,19.08,72.88
Mumbai,2025-01,13000000,Metronidazole,Nitroimidazole,Narrow,0,26317,19.08,72.88
Mumbai,2025-01,13000000,Cotrimoxazole,Sulfonamide combination,Broad,1,29118,19.08,72.88
Mumbai,2025-01,13000000,Meropenem,Carbapenem,Very Broad,0,1978,19.08,72.88
Mumbai,2025-02,13000000,Amoxicillin,Penicillin,Narrow,0,34579,19.08,72.88
Mumbai,2025-02,13000000,Amoxicillin-Clavulanate,Penicillin + beta-lactamase inhibitor,Broad,1,85823,19.08,72.88
Mumbai,2025-02,13000000,Azithromycin,Macrolide,Broad,0,58650,19.08,72.88
Mumbai,2025-02,13000000,Cefixime,Cephalosporin,Broad,0,36216,19.08,72.88
Mumbai,2025-02,13000000,Ceftriaxone,Cephalosporin,Broad,0,15127,19.08,72.88
Mumbai,2025-02,13000000,Ciprofloxacin,Fluoroquinolone,Broad,0,31401,19.08,72.88
Mumbai,2025-02,13000000,Doxycycline,Tetracycline,Broad,0,26569,19.08,72.88
Mumbai,2025-02,13000000,Metronidazole,Nitroimidazole,Narrow,0,25358,19.08,72.88
Mumbai,2025-02,13000000,Cotrimoxazole,Sulfonamide combination,Broad,1,38325,19.08,72.88
Mumbai,2025-02,13000000,Meropenem,Carbapenem,Very Broad,0,2224,19.08,72.88
Mumbai,2025-03,13000000,Amoxicillin,Penicillin,Narrow,0,32600,19.08,72.88
Mumbai,2025-03,13000000,Amoxicillin-Clavulanate,Penicillin + beta-lactamase inhibitor,Broad,1,81068,19.08,72.88
Mumbai,2025-03,13000000,Azithromycin,Macrolide,Broad,0,57978,19.08,72.88
Mumbai,2025-03,13000000,Cefixime,Cephalosporin,Broad,0,37258,19.08,72.88
Mumbai,2025-03,13000000,Ceftriaxone,Cephalosporin,Broad,0,15304,19.08,72.88
Mumbai,2025-03,13000000,Ciprofloxacin,Fluoroquinolone,Broad,0,35002,19.08,72.88
Mumbai,2025-03,13000000,Doxycycline,Tetracycline,Broad,0,29824,19.08,72.88
Mumbai,2025-03,13000000,Metronidazole,Nitroimidazole,Narrow,0,24121,19.08,72.88
Mumbai,2025-03,13000000,Cotrimoxazole,Sulfonamide combination,Broad,1,30110,19.08,72.88
Mumbai,2025-03,13000000,Meropenem,Carbapenem,Very Broad,0,2191,19.08,72.88
Mumbai,2025-04,13000000,Amoxicillin,Penicillin,Narrow,0,39035,19.08,72.88
Mumbai,2025-04,13000000,Amoxicillin-Clavulanate,Penicillin + beta-lactamase inhibitor,Broad,1,81909,19.08,72.88
Mumbai,2025-04,13000000,Azithromycin,Macrolide,Broad,0,44191,19.08,72.88
Mumbai,2025-04,13000000,Cefixime,Cephalosporin,Broad,0,38178,19.08,72.88
Mumbai,2025-04,13000000,Ceftriaxone,Cephalosporin,Broad,0,15733,19.08,72.88
Mumbai,2025-04,13000000,Ciprofloxacin,Fluoroquinolone,Broad,0,28766,19.08,72.88
Mumbai,2025-04,13000000,Doxycycline,Tetracycline,Broad,0,33099,19.08,72.88
Mumbai,2025-04,13000000,Metronidazole,Nitroimidazole,Narrow,0,24896,19.08,72.88
Mumbai,2025-04,13000000,Cotrimoxazole,Sulfonamide combination,Broad,1,29320,19.08,72.88
Mumbai,2025-04,13000000,Meropenem,Carbapenem,Very Broad,0,2406,19.08,72.88
Mumbai,2025-05,13000000,Amoxicillin,Penicillin,Narrow,0,39779,19.08,72.88
Mumbai,2025-05,13000000,Amoxicillin-Clavulanate,Penicillin + beta-lactamase inhibitor,Broad,1,89420,19.08,72.88
Mumbai,2025-05,13000000,Azithromycin,Macrolide,Broad,0,51502,19.08,72.88
Mumbai,2025-05,13000000,Cefixime,Cephalosporin,Broad,0,46603,19.08,72.88
Mumbai,2025-05,13000000,Ceftriaxone,Cephalosporin,Broad,0,14848,19.08,72.88
Mumbai,2025-05,13000000,Ciprofloxacin,Fluoroquinolone,Broad,0,34576,19.08,72.88
Mumbai,2025-05,13000000,Doxycycline,Tetracycline,Broad,0,31263,19.08,72.88
Mumbai,2025-05,13000000,Metronidazole,Nitroimidazole,Narrow,0,25842,19.08,72.88
Mumbai,2025-05,13000000,Cotrimoxazole,Sulfonamide combination,Broad,1,31829,19.08,72.88
Mumbai,2025-05,13000000,Meropenem,Carbapenem,Very Broad,0,1835,19.08,72.88
Mumbai,2025-06,13000000,Amoxicillin,Penicillin,Narrow,0,29995,19.08,72.88
Mumbai,2025-06,13000000,Amoxicillin-Clavulanate,Penicillin + beta-lactamase inhibitor,Broad,1,76845,19.08,72.88
Mumbai,2025-06,13000000,Azithromycin,Macrolide,Broad,0,51728,19.08,72.88
Mumbai,2025-06,13000000,Cefixime,Cephalosporin,Broad,0,35254,19.08,72.88
Mumbai,2025-06,13000000,Ceftriaxone,Cephalosporin,Broad,0,15099,19.08,72.88
Mumbai,2025-06,13000000,Ciprofloxacin,Fluoroquinolone,Broad,0,31747,19.08,72.88
Mumbai,2025-06,13000000,Doxycycline,Tetracycline,Broad,0,28416,19.08,72.88
Mumbai,2025-06,13000000,Metronidazole,Nitroimidazole,Narrow,0,20868,19.08,72.88
Mumbai,2025-06,13000000,Cotrimoxazole,Sulfonamide combination,Broad,1,29503,19.08,72.88
Mumbai,2025-06,13000000,Meropenem,Carbapenem,Very Broad,0,2070,19.08,72.88
Mumbai,2025-07,13000000,Amoxicillin,Penicillin,Narrow,0,29363,19.08,72.88
Mumbai,2025-07,13000000,Amoxicillin-Clavulanate,Penicillin + beta-lactamase inhibitor,Broad,1,66764,19.08,72.88
Mumbai,2025-07,13000000,Azithromycin,Macrolide,Broad,0,50543,19.08,72.88
Mumbai,2025-07,13000000,Cefixime,Cephalosporin,Broad,0,28134,19.08,72.88
Mumbai,2025-07,13000000,Ceftriaxone,Cephalosporin,Broad,0,13528,19.08,72.88
Mumbai,2025-07,13000000,Ciprofloxacin,Fluoroquinolone,Broad,0,31706,19.08,72.88
Mumbai,2025-07,13000000,Doxycycline,Tetracycline,Broad,0,26306,19.08,72.88
Mumbai,2025-07,13000000,Metronidazole,Nitroimidazole,Narrow,0,22115,19.08,72.88
Mumbai,2025-07,13000000,Cotrimoxazole,Sulfonamide combination,Broad,1,29598,19.08,72.88
Mumbai,2025-07,13000000,Meropenem,Carbapenem,Very Broad,0,2034,19.08,72.88
Mumbai,2025-08,13000000,Amoxicillin,Penicillin,Narrow,0,34055,19.08,72.88
Mumbai,2025-08,13000000,Amoxicillin-Clavulanate,Penicillin + beta-lactamase inhibitor,Broad,1,79767,19.08,72.88
Mumbai,2025-08,13000000,Azithromycin,Macrolide,Broad,0,40023,19.08,72.88
Mumbai,2025-08,13000000,Cefixime,Cephalosporin,Broad,0,30245,19.08,72.88
Mumbai,2025-08,13000000,Ceftriaxone,Cephalosporin,Broad,0,14117,19.08,72.88
Mumbai,2025-08,13000000,Ciprofloxacin,Fluoroquinolone,Broad,0,29623,19.08,72.88
Mumbai,2025-08,13000000,Doxycycline,Tetracycline,Broad,0,27811,19.08,72.88
Mumbai,2025-08,13000000,Metronidazole,Nitroimidazole,Narrow,0,20533,19.08,72.88
Mumbai,2025-08,13000000,Cotrimoxazole,Sulfonamide combination,Broad,1,29918,19.08,72.88
Mumbai,2025-08,13000000,Meropenem,Carbapenem,Very Broad,0,1832,19.08,72.88
Mumbai,2025-09,13000000,Amoxicillin,Penicillin,Narrow,0,28004,19.08,72.88
Mumbai,2025-09,13000000,Amoxicillin-Clavulanate,Penicillin + beta-lactamase inhibitor,Broad,1,75806,19.08,72.88
Mumbai,2025-09,13000000,Azithromycin,Macrolide,Broad,0,44671,19.08,72.88
Mumbai,2025-09,13000000,Cefixime,Cephalosporin,Broad,0,31812,19.08,72.88
Mumbai,2025-09,13000000,Ceftriaxone,Cephalosporin,Broad,0,13624,19.08,72.88
Mumbai,2025-09,13000000,Ciprofloxacin,Fluoroquinolone,Broad,0,33567,19.08,72.88
Mumbai,2025-09,13000000,Doxycycline,Tetracycline,Broad,0,25691,19.08,72.88
Mumbai,2025-09,13000000,Metronidazole,Nitroimidazole,Narrow,0,21138,19.08,72.88
Mumbai,2025-09,13000000,Cotrimoxazole,Sulfonamide combination,Broad,1,27792,19.08,72.88
Mumbai,2025-09,13000000,Meropenem,Carbapenem,Very Broad,0,1925,19.08,72.88
Mumbai,2025-10,13000000,Amoxicillin,Penicillin,Narrow,0,29454,19.08,72.88
Mumbai,2025-10,13000000,Amoxicillin-Clavulanate,Penicillin + beta-lactamase inhibitor,Broad,1,67103,19.08,72.88
Mumbai,2025-10,13000000,Azithromycin,Macrolide,Broad,0,44924,19.08,72.88
Mumbai,2025-10,13000000,Cefixime,Cephalosporin,Broad,0,27140,19.08,72.88
Mumbai,2025-10,13000000,Ceftriaxone,Cephalosporin,Broad,0,13452,19.08,72.88
Mumbai,2025-10,13000000,Ciprofloxacin,Fluoroquinolone,Broad,0,27865,19.08,72.88
Mumbai,2025-10,13000000,Doxycycline,Tetracycline,Broad,0,23362,19.08,72.88
Mumbai,2025-10,13000000,Metronidazole,Nitroimidazole,Narrow,0,20963,19.08,72.88
Mumbai,2025-10,13000000,Cotrimoxazole,Sulfonamide combination,Broad,1,28833,19.08,72.88
Mumbai,2025-10,13000000,Meropenem,Carbapenem,Very Broad,0,1645,19.08,72.88
Mumbai,2025-11,13000000,Amoxicillin,Penicillin,Narrow,0,26263,19.08,72.88
Mumbai,2025-11,13000000,Amoxicillin-Clavulanate,Penicillin + beta-lactamase inhibitor,Broad,1,62731,19.08,72.88
Mumbai,2025-11,13000000,Azithromycin,Macrolide,Broad,0,45317,19.08,72.88
Mumbai,2025-11,13000000,Cefixime,Cephalosporin,Broad,0,31381,19.08,72.88
Mumbai,2025-11,13000000,Ceftriaxone,Cephalosporin,Broad,0,13790,19.08,72.88
Mumbai,2025-11,13000000,Ciprofloxacin,Fluoroquinolone,Broad,0,27542,19.08,72.88
Mumbai,2025-11,13000000,Doxycycline,Tetracycline,Broad,0,23842,19.08,72.88
Mumbai,2025-11,13000000,Metronidazole,Nitroimidazole,Narrow,0,21987,19.08,72.88
Mumbai,2025-11,13000000,Cotrimoxazole,Sulfonamide combination,Broad,1,23101,19.08,72.88
Mumbai,2025-11,13000000,Meropenem,Carbapenem,Very Broad,0,1904,19.08,72.88
Mumbai,2025-12,13000000,Amoxicillin,Penicillin,Narrow,0,27225,19.08,72.88
Mumbai,2025-12,13000000,Amoxicillin-Clavulanate,Penicillin + beta-lactamase inhibitor,Broad,1,67523,19.08,72.88
Mumbai,2025-12,13000000,Azithromycin,Macrolide,Broad,0,50609,19.08,72.88
Mumbai,2025-12,13000000,Cefixime,Cephalosporin,Broad,0,37328,19.08,72.88
Mumbai,2025-12,13000000,Ceftriaxone,Cephalosporin,Broad,0,13596,19.08,72.88
Mumbai,2025-12,13000000,Ciprofloxacin,Fluoroquinolone,Broad,0,32860,19.08,72.88
Mumbai,2025-12,13000000,Doxycycline,Tetracycline,Broad,0,25840,19.08,72.88
Mumbai,2025-12,13000000,Metronidazole,Nitroimidazole,Narrow,0,22033,19.08,72.88
Mumbai,2025-12,13000000,Cotrimoxazole,Sulfonamide combination,Broad,1,26299,19.08,72.88
Mumbai,2025-12,13000000,Meropenem,Carbapenem,Very Broad,0,1878,19.08,72.88
Bengaluru,2024-01,13000000,Amoxicillin,Penicillin,Narrow,0,29920,12.97,77.59
Bengaluru,2024-01,13000000,Amoxicillin-Clavulanate,Penicillin + beta-lactamase inhibitor,Broad,1,61413,12.97,77.59
Bengaluru,2024-01,13000000,Azithromycin,Macrolide,Broad,0,45338,12.97,77.59
Bengaluru,2024-01,13000000,Cefixime,Cephalosporin,Broad,0,27723,12.97,77.59
Bengaluru,2024-01,13000000,Ceftriaxone,Cephalosporin,Broad,0,14107,12.97,77.59
Bengaluru,2024-01,13000000,Ciprofloxacin,Fluoroquinolone,Broad,0,27771,12.97,77.59
Bengaluru,2024-01,13000000,Doxycycline,Tetracycline,Broad,0,20813,12.97,77.59
Bengaluru,2024-01,13000000,Metronidazole,Nitroimidazole,Narrow,0,20634,12.97,77.59
Bengaluru,2024-01,13000000,Cotrimoxazole,Sulfonamide combination,Broad,1,21083,12.97,77.59
Bengaluru,2024-01,13000000,Meropenem,Carbapenem,Very Broad,0,1642,12.97,77.59
Bengaluru,2024-02,13000000,Amoxicillin,Penicillin,Narrow,0,31564,12.97,77.59
Bengaluru,2024-02,13000000,Amoxicillin-Clavulanate,Penicillin + beta-lactamase inhibitor,Broad,1,64522,12.97,77.59
Bengaluru,2024-02,13000000,Azithromycin,Macrolide,Broad,0,47260,12.97,77.59
Bengaluru,2024-02,13000000,Cefixime,Cephalosporin,Broad,0,33031,12.97,77.59
Bengaluru,2024-02,13000000,Ceftriaxone,Cephalosporin,Broad,0,13858,12.97,77.59
Bengaluru,2024-02,13000000,Ciprofloxacin,Fluoroquinolone,Broad,0,31882,12.97,77.59
Bengaluru,2024-02,13000000,Doxycycline,Tetracycline,Broad,0,21128,12.97,77.59
Bengaluru,2024-02,13000000,Metronidazole,Nitroimidazole,Narrow,0,22907,12.97,77.59
Bengaluru,2024-02,13000000,Cotrimoxazole,Sulfonamide combination,Broad,1,20261,12.97,77.59
Bengaluru,2024-02,13000000,Meropenem,Carbapenem,Very Broad,0,1738,12.97,77.59
Bengaluru,2024-03,13000000,Amoxicillin,Penicillin,Narrow,0,36292,12.97,77.59
Bengaluru,2024-03,13000000,Amoxicillin-Clavulanate,Penicillin + beta-lactamase inhibitor,Broad,1,71223,12.97,77.59
Bengaluru,2024-03,13000000,Azithromycin,Macrolide,Broad,0,48293,12.97,77.59
Bengaluru,2024-03,13000000,Cefixime,Cephalosporin,Broad,0,32586,12.97,77.59
Bengaluru,2024-03,13000000,Ceftriaxone,Cephalosporin,Broad,0,14620,12.97,77.59
Bengaluru,2024-03,13000000,Ciprofloxacin,Fluoroquinolone,Broad,0,30710,12.97,77.59
Bengaluru,2024-03,13000000,Doxycycline,Tetracycline,Broad,0,26330,12.97,77.59
Bengaluru,2024-03,13000000,Metronidazole,Nitroimidazole,Narrow,0,26285,12.97,77.59
Bengaluru,2024-03,13000000,Cotrimoxazole,Sulfonamide combination,Broad,1,24617,12.97,77.59
Bengaluru,2024-03,13000000,Meropenem,Carbapenem,Very Broad,0,1943,12.97,77.59
Bengaluru,2024-04,13000000,Amoxicillin,Penicillin,Narrow,0,31749,12.97,77.59
Bengaluru,2024-04,13000000,Amoxicillin-Clavulanate,Penicillin + beta-lactamase inhibitor,Broad,1,71226,12.97,77.59
Bengaluru,2024-04,13000000,Azithromycin,Macrolide,Broad,0,45114,12.97,77.59
Bengaluru,2024-04,13000000,Cefixime,Cephalosporin,Broad,0,33301,12.97,77.59
Bengaluru,2024-04,13000000,Ceftriaxone,Cephalosporin,Broad,0,13422,12.97,77.59
Bengaluru,2024-04,13000000,Ciprofloxacin,Fluoroquinolone,Broad,0,29720,12.97,77.59
Bengaluru,2024-04,13000000,Doxycycline,Tetracycline,Broad,0,27211,12.97,77.59
Bengaluru,2024-04,13000000,Metronidazole,Nitroimidazole,Narrow,0,22302,12.97,77.59
Bengaluru,2024-04,13000000,Cotrimoxazole,Sulfonamide combination,Broad,1,26887,12.97,77.59
Bengaluru,2024-04,13000000,Meropenem,Carbapenem,Very Broad,0,1907,12.97,77.59
Bengaluru,2024-05,13000000,Amoxicillin,Penicillin,Narrow,0,37385,12.97,77.59
Bengaluru,2024-05,13000000,Amoxicillin-Clavulanate,Penicillin + beta-lactamase inhibitor,Broad,1,63775,12.97,77.59
Bengaluru,2024-05,13000000,Azithromycin,Macrolide,Broad,0,50053,12.97,77.59
Bengaluru,2024-05,13000000,Cefixime,Cephalosporin,Broad,0,32396,12.97,77.59
Bengaluru,2024-05,13000000,Ceftriaxone,Cephalosporin,Broad,0,14120,12.97,77.59
Bengaluru,2024-05,13000000,Ciprofloxacin,Fluoroquinolone,Broad,0,29565,12.97,77.59
Bengaluru,2024-05,13000000,Doxycycline,Tetracycline,Broad,0,27380,12.97,77.59
Bengaluru,2024-05,13000000,Metronidazole,Nitroimidazole,Narrow,0,27173,12.97,77.59
Bengaluru,2024-05,13000000,Cotrimoxazole,Sulfonamide combination,Broad,1,25792,12.97,77.59
Bengaluru,2024-05,13000000,Meropenem,Carbapenem,Very Broad,0,1821,12.97,77.59
Bengaluru,2024-06,13000000,Amoxicillin,Penicillin,Narrow,0,31884,12.97,77.59
Bengaluru,2024-06,13000000,Amoxicillin-Clavulanate,Penicillin + beta-lactamase inhibitor,Broad,1,54883,12.97,77.59
Bengaluru,2024-06,13000000,Azithromycin,Macrolide,Broad,0,40494,12.97,77.59
Bengaluru,2024-06,13000000,Cefixime,Cephalosporin,Broad,0,33016,12.97,77.59
Bengaluru,2024-06,13000000,Ceftriaxone,Cephalosporin,Broad,0,14865,12.97,77.59
Bengaluru,2024-06,13000000,Ciprofloxacin,Fluoroquinolone,Broad,0,37120,12.97,77.59
Bengaluru,2024-06,13000000,Doxycycline,Tetracycline,Broad,0,24139,12.97,77.59
Bengaluru,2024-06,13000000,Metronidazole,Nitroimidazole,Narrow,0,26134,12.97,77.59
Bengaluru,2024-06,13000000,Cotrimoxazole,Sulfonamide combination,Broad,1,24934,12.97,77.59
Bengaluru,2024-06,13000000,Meropenem,Carbapenem,Very Broad,0,1730,12.97,77.59
Bengaluru,2024-07,13000000,Amoxicillin,Penicillin,Narrow,0,31103,12.97,77.59
Bengaluru,2024-07,13000000,Amoxicillin-Clavulanate,Penicillin + beta-lactamase inhibitor,Broad,1,60555,12.97,77.59
Bengaluru,2024-07,13000000,Azithromycin,Macrolide,Broad,0,40268,12.97,77.59
Bengaluru,2024-07,13000000,Cefixime,Cephalosporin,Broad,0,27858,12.97,77.59
Bengaluru,2024-07,13000000,Ceftriaxone,Cephalosporin,Broad,0,11466,12.97,77.59
Bengaluru,2024-07,13000000,Ciprofloxacin,Fluoroquinolone,Broad,0,30832,12.97,77.59
Bengaluru,2024-07,13000000,Doxycycline,Tetracycline,Broad,0,23703,12.97,77.59
Bengaluru,2024-07,13000000,Metronidazole,Nitroimidazole,Narrow,0,21509,12.97,77.59
Bengaluru,2024-07,13000000,Cotrimoxazole,Sulfonamide combination,Broad,1,23609,12.97,77.59
Bengaluru,2024-07,13000000,Meropenem,Carbapenem,Very Broad,0,1784,12.97,77.59
Bengaluru,2024-08,13000000,Amoxicillin,Penicillin,Narrow,0,27881,12.97,77.59
Bengaluru,2024-08,13000000,Amoxicillin-Clavulanate,Penicillin + beta-lactamase inhibitor,Broad,1,61231,12.97,77.59
Bengaluru,2024-08,13000000,Azithromycin,Macrolide,Broad,0,44055,12.97,77.59
Bengaluru,2024-08,13000000,Cefixime,Cephalosporin,Broad,0,30364,12.97,77.59
Bengaluru,2024-08,13000000,Ceftriaxone,Cephalosporin,Broad,0,13090,12.97,77.59
Bengaluru,2024-08,13000000,Ciprofloxacin,Fluoroquinolone,Broad,0,30227,12.97,77.59
Bengaluru,2024-08,13000000,Doxycycline,Tetracycline,Broad,0,24702,12.97,77.59
Bengaluru,2024-08,13000000,Metronidazole,Nitroimidazole,Narrow,0,22309,12.97,77.59
Bengaluru,2024-08,13000000,Cotrimoxazole,Sulfonamide combination,Broad,1,23017,12.97,77.59
Bengaluru,2024-08,13000000,Meropenem,Carbapenem,Very Broad,0,1637,12.97,77.59
Bengaluru,2024-09,13000000,Amoxicillin,Penicillin,Narrow,0,29529,12.97,77.59
Bengaluru,2024-09,13000000,Amoxicillin-Clavulanate,Penicillin + beta-lactamase inhibitor,Broad,1,47044,12.97,77.59
Bengaluru,2024-09,13000000,Azithromycin,Macrolide,Broad,0,35671,12.97,77.59
Bengaluru,2024-09,13000000,Cefixime,Cephalosporin,Broad,0,30402,12.97,77.59
Bengaluru,2024-09,13000000,Ceftriaxone,Cephalosporin,Broad,0,12266,12.97,77.59
Bengaluru,2024-09,13000000,Ciprofloxacin,Fluoroquinolone,Broad,0,29073,12.97,77.59
Bengaluru,2024-09,13000000,Doxycycline,Tetracycline,Broad,0,21101,12.97,77.59
Bengaluru,2024-09,13000000,Metronidazole,Nitroimidazole,Narrow,0,18640,12.97,77.59
Bengaluru,2024-09,13000000,Cotrimoxazole,Sulfonamide combination,Broad,1,20202,12.97,77.59
Bengaluru,2024-09,13000000,Meropenem,Carbapenem,Very Broad,0,1488,12.97,77.59
Bengaluru,2024-10,13000000,Amoxicillin,Penicillin,Narrow,0,30097,12.97,77.59
Bengaluru,2024-10,13000000,Amoxicillin-Clavulanate,Penicillin + beta-lactamase inhibitor,Broad,1,51226,12.97,77.59
Bengaluru,2024-10,13000000,Azithromycin,Macrolide,Broad,0,39689,12.97,77.59
Bengaluru,2024-10,13000000,Cefixime,Cephalosporin,Broad,0,25553,12.97,77.59
Bengaluru,2024-10,13000000,Ceftriaxone,Cephalosporin,Broad,0,11888,12.97,77.59
Bengaluru,2024-10,13000000,Ciprofloxacin,Fluoroquinolone,Broad,0,26072,12.97,77.59
Bengaluru,2024-10,13000000,Doxycycline,Tetracycline,Broad,0,20259,12.97,77.59
Bengaluru,2024-10,13000000,Metronidazole,Nitroimidazole,Narrow,0,19816,12.97,77.59
Bengaluru,2024-10,13000000,Cotrimoxazole,Sulfonamide combination,Broad,1,20399,12.97,77.59
Bengaluru,2024-10,13000000,Meropenem,Carbapenem,Very Broad,0,1451,12.97,77.59
Bengaluru,2024-11,13000000,Amoxicillin,Penicillin,Narrow,0,28129,12.97,77.59
Bengaluru,2024-11,13000000,Amoxicillin-Clavulanate,Penicillin + beta-lactamase inhibitor,Broad,1,54522,12.97,77.59
Bengaluru,2024-11,13000000,Azithromycin,Macrolide,Broad,0,34466,12.97,77.59
Bengaluru,2024-11,13000000,Cefixime,Cephalosporin,Broad,0,26704,12.97,77.59
Bengaluru,2024-11,13000000,Ceftriaxone,Cephalosporin,Broad,0,11691,12.97,77.59
Bengaluru,2024-11,13000000,Ciprofloxacin,Fluoroquinolone,Broad,0,25643,12.97,77.59
Bengaluru,2024-11,13000000,Doxycycline,Tetracycline,Broad,0,24570,12.97,77.59
Bengaluru,2024-11,13000000,Metronidazole,Nitroimidazole,Narrow,0,20355,12.97,77.59
Bengaluru,2024-11,13000000,Cotrimoxazole,Sulfonamide combination,Broad,1,23927,12.97,77.59
Bengaluru,2024-11,13000000,Meropenem,Carbapenem,Very Broad,0,1561,12.97,77.59
Bengaluru,2024-12,13000000,Amoxicillin,Penicillin,Narrow,0,29239,12.97,77.59
Bengaluru,2024-12,13000000,Amoxicillin-Clavulanate,Penicillin + beta-lactamase inhibitor,Broad,1,57339,12.97,77.59
Bengaluru,2024-12,13000000,Azithromycin,Macrolide,Broad,0,48321,12.97,77.59
Bengaluru,2024-12,13000000,Cefixime,Cephalosporin,Broad,0,24486,12.97,77.59
Bengaluru,2024-12,13000000,Ceftriaxone,Cephalosporin,Broad,0,10497,12.97,77.59
Bengaluru,2024-12,13000000,Ciprofloxacin,Fluoroquinolone,Broad,0,26856,12.97,77.59
Bengaluru,2024-12,13000000,Doxycycline,Tetracycline,Broad,0,23081,12.97,77.59
Bengaluru,2024-12,13000000,Metronidazole,Nitroimidazole,Narrow,0,22515,12.97,77.59
Bengaluru,2024-12,13000000,Cotrimoxazole,Sulfonamide combination,Broad,1,23319,12.97,77.59
Bengaluru,2024-12,13000000,Meropenem,Carbapenem,Very Broad,0,1559,12.97,77.59
Bengaluru,2025-01,13000000,Amoxicillin,Penicillin,Narrow,0,33615,12.97,77.59
Bengaluru,2025-01,13000000,Amoxicillin-Clavulanate,Penicillin + beta-lactamase inhibitor,Broad,1,67379,12.97,77.59
Bengaluru,2025-01,13000000,Azithromycin,Macrolide,Broad,0,44122,12.97,77.59
Bengaluru,2025-01,13000000,Cefixime,Cephalosporin,Broad,0,32186,12.97,77.59
Bengaluru,2025-01,13000000,Ceftriaxone,Cephalosporin,Broad,0,14770,12.97,77.59
Bengaluru,2025-01,13000000,Ciprofloxacin,Fluoroquinolone,Broad,0,26943,12.97,77.59
Bengaluru,2025-01,13000000,Doxycycline,Tetracycline,Broad,0,24152,12.97,77.59
Bengaluru,2025-01,13000000,Metronidazole,Nitroimidazole,Narrow,0,20128,12.97,77.59
Bengaluru,2025-01,13000000,Cotrimoxazole,Sulfonamide combination,Broad,1,23094,12.97,77.59
Bengaluru,2025-01,13000000,Meropenem,Carbapenem,Very Broad,0,1987,12.97,77.59
Bengaluru,2025-02,13000000,Amoxicillin,Penicillin,Narrow,0,29956,12.97,77.59
Bengaluru,2025-02,13000000,Amoxicillin-Clavulanate,Penicillin + beta-lactamase inhibitor,Broad,1,65606,12.97,77.59
Bengaluru,2025-02,13000000,Azithromycin,Macrolide,Broad,0,47649,12.97,77.59
Bengaluru,2025-02,13000000,Cefixime,Cephalosporin,Broad,0,31656,12.97,77.59
Bengaluru,2025-02,13000000,Ceftriaxone,Cephalosporin,Broad,0,14374,12.97,77.59
Bengaluru,2025-02,13000000,Ciprofloxacin,Fluoroquinolone,Broad,0,28569,12.97,77.59
Bengaluru,2025-02,13000000,Doxycycline,Tetracycline,Broad,0,24547,12.97,77.59
Bengaluru,2025-02,13000000,Metronidazole,Nitroimidazole,Narrow,0,23822,12.97,77.59
Bengaluru,2025-02,13000000,Cotrimoxazole,Sulfonamide combination,Broad,1,25385,12.97,77.59
Bengaluru,2025-02,13000000,Meropenem,Carbapenem,Very Broad,0,1927,12.97,77.59
Bengaluru,2025-03,13000000,Amoxicillin,Penicillin,Narrow,0,36804,12.97,77.59
Bengaluru,2025-03,13000000,Amoxicillin-Clavulanate,Penicillin + beta-lactamase inhibitor,Broad,1,75966,12.97,77.59
Bengaluru,2025-03,13000000,Azithromycin,Macrolide,Broad,0,57547,12.97,77.59
Bengaluru,2025-03,13000000,Cefixime,Cephalosporin,Broad,0,33226,12.97,77.59
Bengaluru,2025-03,13000000,Ceftriaxone,Cephalosporin,Broad,0,13697,12.97,77.59
Bengaluru,2025-03,13000000,Ciprofloxacin,Fluoroquinolone,Broad,0,32494,12.97,77.59
Bengaluru,2025-03,13000000,Doxycycline,Tetracycline,Broad,0,27559,12.97,77.59
Bengaluru,2025-03,13000000,Metronidazole,Nitroimidazole,Narrow,0,23628,12.97,77.59
Bengaluru,2025-03,13000000,Cotrimoxazole,Sulfonamide combination,Broad,1,26391,12.97,77.59
Bengaluru,2025-03,13000000,Meropenem,Carbapenem,Very Broad,0,2031,12.97,77.59
Bengaluru,2025-04,13000000,Amoxicillin,Penicillin,Narrow,0,34034,12.97,77.59
Bengaluru,2025-04,13000000,Amoxicillin-Clavulanate,Penicillin + beta-lactamase inhibitor,Broad,1,57153,12.97,77.59
Bengaluru,2025-04,13000000,Azithromycin,Macrolide,Broad,0,42589,12.97,77.59
Bengaluru,2025-04,13000000,Cefixime,Cephalosporin,Broad,0,32535,12.97,77.59
Bengaluru,2025-04,13000000,Ceftriaxone,Cephalosporin,Broad,0,14842,12.97,77.59
Bengaluru,2025-04,13000000,Ciprofloxacin,Fluoroquinolone,Broad,0,34794,12.97,77.59
Bengaluru,2025-04,13000000,Doxycycline,Tetracycline,Broad,0,25919,12.97,77.59
Bengaluru,2025-04,13000000,Metronidazole,Nitroimidazole,Narrow,0,26474,12.97,77.59
Bengaluru,2025-04,13000000,Cotrimoxazole,Sulfonamide combination,Broad,1,29203,12.97,77.59
Bengaluru,2025-04,13000000,Meropenem,Carbapenem,Very Broad,0,1896,12.97,77.59
Bengaluru,2025-05,13000000,Amoxicillin,Penicillin,Narrow,0,34256,12.97,77.59
Bengaluru,2025-05,13000000,Amoxicillin-Clavulanate,Penicillin + beta-lactamase inhibitor,Broad,1,65630,12.97,77.59
Bengaluru,2025-05,13000000,Azithromycin,Macrolide,Broad,0,49618,12.97,77.59
Bengaluru,2025-05,13000000,Cefixime,Cephalosporin,Broad,0,39195,12.97,77.59
Bengaluru,2025-05,13000000,Ceftriaxone,Cephalosporin,Broad,0,13530,12.97,77.59
Bengaluru,2025-05,13000000,Ciprofloxacin,Fluoroquinolone,Broad,0,31838,12.97,77.59
Bengaluru,2025-05,13000000,Doxycycline,Tetracycline,Broad,0,27446,12.97,77.59
Bengaluru,2025-05,13000000,Metronidazole,Nitroimidazole,Narrow,0,21397,12.97,77.59
Bengaluru,2025-05,13000000,Cotrimoxazole,Sulfonamide combination,Broad,1,24207,12.97,77.59
Bengaluru,2025-05,13000000,Meropenem,Carbapenem,Very Broad,0,2157,12.97,77.59
Bengaluru,2025-06,13000000,Amoxicillin,Penicillin,Narrow,0,31183,12.97,77.59
Bengaluru,2025-06,13000000,Amoxicillin-Clavulanate,Penicillin + beta-lactamase inhibitor,Broad,1,72440,12.97,77.59
Bengaluru,2025-06,13000000,Azithromycin,Macrolide,Broad,0,51796,12.97,77.59
Bengaluru,2025-06,13000000,Cefixime,Cephalosporin,Broad,0,36781,12.97,77.59
Bengaluru,2025-06,13000000,Ceftriaxone,Cephalosporin,Broad,0,15108,12.97,77.59
Bengaluru,2025-06,13000000,Ciprofloxacin,Fluoroquinolone,Broad,0,32195,12.97,77.59
Bengaluru,2025-06,13000000,Doxycycline,Tetracycline,Broad,0,24944,12.97,77.59
Bengaluru,2025-06,13000000,Metronidazole,Nitroimidazole,Narrow,0,25153,12.97,77.59
Bengaluru,2025-06,13000000,Cotrimoxazole,Sulfonamide combination,Broad,1,29997,12.97,77.59
Bengaluru,2025-06,13000000,Meropenem,Carbapenem,Very Broad,0,1843,12.97,77.59
Bengaluru,2025-07,13000000,Amoxicillin,Penicillin,Narrow,0,31312,12.97,77.59
Bengaluru,2025-07,13000000,Amoxicillin-Clavulanate,Penicillin + beta-lactamase inhibitor,Broad,1,71167,12.97,77.59
Bengaluru,2025-07,13000000,Azithromycin,Macrolide,Broad,0,42142,12.97,77.59
Bengaluru,2025-07,13000000,Cefixime,Cephalosporin,Broad,0,26871,12.97,77.59
Bengaluru,2025-07,13000000,Ceftriaxone,Cephalosporin,Broad,0,22174,12.97,77.59
Bengaluru,2025-07,13000000,Ciprofloxacin,Fluoroquinolone,Broad,0,27298,12.97,77.59
Bengaluru,2025-07,13000000,Doxycycline,Tetracycline,Broad,0,28715,12.97,77.59
Bengaluru,2025-07,13000000,Metronidazole,Nitroimidazole,Narrow,0,23022,12.97,77.59
Bengaluru,2025-07,13000000,Cotrimoxazole,Sulfonamide combination,Broad,1,24192,12.97,77.59
Bengaluru,2025-07,13000000,Meropenem,Carbapenem,Very Broad,0,1799,12.97,77.59
Bengaluru,2025-08,13000000,Amoxicillin,Penicillin,Narrow,0,28084,12.97,77.59
Bengaluru,2025-08,13000000,Amoxicillin-Clavulanate,Penicillin + beta-lactamase inhibitor,Broad,1,54379,12.97,77.59
Bengaluru,2025-08,13000000,Azithromycin,Macrolide,Broad,0,34071,12.97,77.59
Bengaluru,2025-08,13000000,Cefixime,Cephalosporin,Broad,0,31715,12.97,77.59
Bengaluru,2025-08,13000000,Ceftriaxone,Cephalosporin,Broad,0,10180,12.97,77.59
Bengaluru,2025-08,13000000,Ciprofloxacin,Fluoroquinolone,Broad,0,30972,12.97,77.59
Bengaluru,2025-08,13000000,Doxycycline,Tetracycline,Broad,0,22739,12.97,77.59
Bengaluru,2025-08,13000000,Metronidazole,Nitroimidazole,Narrow,0,22787,12.97,77.59
Bengaluru,2025-08,13000000,Cotrimoxazole,Sulfonamide combination,Broad,1,23728,12.97,77.59
Bengaluru,2025-08,13000000,Meropenem,Carbapenem,Very Broad,0,2715,12.97,77.59
Bengaluru,2025-09,13000000,Amoxicillin,Penicillin,Narrow,0,30913,12.97,77.59
Bengaluru,2025-09,13000000,Amoxicillin-Clavulanate,Penicillin + beta-lactamase inhibitor,Broad,1,52804,12.97,77.59
Bengaluru,2025-09,13000000,Azithromycin,Macrolide,Broad,0,37730,12.97,77.59
Bengaluru,2025-09,13000000,Cefixime,Cephalosporin,Broad,0,28708,12.97,77.59
Bengaluru,2025-09,13000000,Ceftriaxone,Cephalosporin,Broad,0,10577,12.97,77.59
Bengaluru,2025-09,13000000,Ciprofloxacin,Fluoroquinolone,Broad,0,27625,12.97,77.59
Bengaluru,2025-09,13000000,Doxycycline,Tetracycline,Broad,0,23989,12.97,77.59
Bengaluru,2025-09,13000000,Metronidazole,Nitroimidazole,Narrow,0,21093,12.97,77.59
Bengaluru,2025-09,13000000,Cotrimoxazole,Sulfonamide combination,Broad,1,19378,12.97,77.59
Bengaluru,2025-09,13000000,Meropenem,Carbapenem,Very Broad,0,1551,12.97,77.59
Bengaluru,2025-10,13000000,Amoxicillin,Penicillin,Narrow,0,24176,12.97,77.59
Bengaluru,2025-10,13000000,Amoxicillin-Clavulanate,Penicillin + beta-lactamase inhibitor,Broad,1,60959,12.97,77.59
Bengaluru,2025-10,13000000,Azithromycin,Macrolide,Broad,0,41758,12.97,77.59
Bengaluru,2025-10,13000000,Cefixime,Cephalosporin,Broad,0,29927,12.97,77.59
Bengaluru,2025-10,13000000,Ceftriaxone,Cephalosporin,Broad,0,14495,12.97,77.59
Bengaluru,2025-10,13000000,Ciprofloxacin,Fluoroquinolone,Broad,0,25671,12.97,77.59
Bengaluru,2025-10,13000000,Doxycycline,Tetracycline,Broad,0,23227,12.97,77.59
Bengaluru,2025-10,13000000,Metronidazole,Nitroimidazole,Narrow,0,18880,12.97,77.59
Bengaluru,2025-10,13000000,Cotrimoxazole,Sulfonamide combination,Broad,1,23022,12.97,77.59
Bengaluru,2025-10,13000000,Meropenem,Carbapenem,Very Broad,0,1700,12.97,77.59
Bengaluru,2025-11,13000000,Amoxicillin,Penicillin,Narrow,0,29738,12.97,77.59
Bengaluru,2025-11,13000000,Amoxicillin-Clavulanate,Penicillin + beta-lactamase inhibitor,Broad,1,59310,12.97,77.59
Bengaluru,2025-11,13000000,Azithromycin,Macrolide,Broad,0,43280,12.97,77.59
Bengaluru,2025-11,13000000,Cefixime,Cephalosporin,Broad,0,28153,12.97,77.59
Bengaluru,2025-11,13000000,Ceftriaxone,Cephalosporin,Broad,0,11962,12.97,77.59
Bengaluru,2025-11,13000000,Ciprofloxacin,Fluoroquinolone,Broad,0,29539,12.97,77.59
Bengaluru,2025-11,13000000,Doxycycline,Tetracycline,Broad,0,24234,12.97,77.59
Bengaluru,2025-11,13000000,Metronidazole,Nitroimidazole,Narrow,0,21339,12.97,77.59
Bengaluru,2025-11,13000000,Cotrimoxazole,Sulfonamide combination,Broad,1,24962,12.97,77.59
Bengaluru,2025-11,13000000,Meropenem,Carbapenem,Very Broad,0,1723,12.97,77.59
Bengaluru,2025-12,13000000,Amoxicillin,Penicillin,Narrow,0,30776,12.97,77.59
Bengaluru,2025-12,13000000,Amoxicillin-Clavulanate,Penicillin + beta-lactamase inhibitor,Broad,1,62204,12.97,77.59
Bengaluru,2025-12,13000000,Azithromycin,Macrolide,Broad,0,46723,12.97,77.59
Bengaluru,2025-12,13000000,Cefixime,Cephalosporin,Broad,0,31741,12.97,77.59
Bengaluru,2025-12,13000000,Ceftriaxone,Cephalosporin,Broad,0,14133,12.97,77.59
Bengaluru,2025-12,13000000,Ciprofloxacin,Fluoroquinolone,Broad,0,28638,12.97,77.59
Bengaluru,2025-12,13000000,Doxycycline,Tetracycline,Broad,0,20985,12.97,77.59
Bengaluru,2025-12,13000000,Metronidazole,Nitroimidazole,Narrow,0,23757,12.97,77.59
Bengaluru,2025-12,13000000,Cotrimoxazole,Sulfonamide combination,Broad,1,25099,12.97,77.59
Bengaluru,2025-12,13000000,Meropenem,Carbapenem,Very Broad,0,1637,12.97,77.59
Hyderabad,2024-01,10000000,Amoxicillin,Penicillin,Narrow,0,24365,17.39,78.49
Hyderabad,2024-01,10000000,Amoxicillin-Clavulanate,Penicillin + beta-lactamase inhibitor,Broad,1,37177,17.39,78.49
Hyderabad,2024-01,10000000,Azithromycin,Macrolide,Broad,0,37934,17.39,78.49
Hyderabad,2024-01,10000000,Cefixime,Cephalosporin,Broad,0,24109,17.39,78.49
Hyderabad,2024-01,10000000,Ceftriaxone,Cephalosporin,Broad,0,9480,17.39,78.49
Hyderabad,2024-01,10000000,Ciprofloxacin,Fluoroquinolone,Broad,0,22726,17.39,78.49
Hyderabad,2024-01,10000000,Doxycycline,Tetracycline,Broad,0,16044,17.39,78.49
Hyderabad,2024-01,10000000,Metronidazole,Nitroimidazole,Narrow,0,18645,17.39,78.49
Hyderabad,2024-01,10000000,Cotrimoxazole,Sulfonamide combination,Broad,1,16577,17.39,78.49
Hyderabad,2024-01,10000000,Meropenem,Carbapenem,Very Broad,0,1204,17.39,78.49
Hyderabad,2024-02,10000000,Amoxicillin,Penicillin,Narrow,0,23756,17.39,78.49
Hyderabad,2024-02,10000000,Amoxicillin-Clavulanate,Penicillin + beta-lactamase inhibitor,Broad,1,49067,17.39,78.49
Hyderabad,2024-02,10000000,Azithromycin,Macrolide,Broad,0,35791,17.39,78.49
Hyderabad,2024-02,10000000,Cefixime,Cephalosporin,Broad,0,25789,17.39,78.49
Hyderabad,2024-02,10000000,Ceftriaxone,Cephalosporin,Broad,0,10238,17.39,78.49
Hyderabad,2024-02,10000000,Ciprofloxacin,Fluoroquinolone,Broad,0,24115,17.39,78.49
Hyderabad,2024-02,10000000,Doxycycline,Tetracycline,Broad,0,18522,17.39,78.49
Hyderabad,2024-02,10000000,Metronidazole,Nitroimidazole,Narrow,0,21084,17.39,78.49
Hyderabad,2024-02,10000000,Cotrimoxazole,Sulfonamide combination,Broad,1,16167,17.39,78.49
Hyderabad,2024-02,10000000,Meropenem,Carbapenem,Very Broad,0,1438,17.39,78.49
Hyderabad,2024-03,10000000,Amoxicillin,Penicillin,Narrow,0,24269,17.39,78.49
Hyderabad,2024-03,10000000,Amoxicillin-Clavulanate,Penicillin + beta-lactamase inhibitor,Broad,1,59235,17.39,78.49
Hyderabad,2024-03,10000000,Azithromycin,Macrolide,Broad,0,39518,17.39,78.49
Hyderabad,2024-03,10000000,Cefixime,Cephalosporin,Broad,0,28078,17.39,78.49
Hyderabad,2024-03,10000000,Ceftriaxone,Cephalosporin,Broad,0,10928,17.39,78.49
Hyderabad,2024-03,10000000,Ciprofloxacin,Fluoroquinolone,Broad,0,24315,17.39,78.49
Hyderabad,2024-03,10000000,Doxycycline,Tetracycline,Broad,0,20036,17.39,78.49
Hyderabad,2024-03,10000000,Metronidazole,Nitroimidazole,Narrow,0,19408,17.39,78.49
Hyderabad,2024-03,10000000,Cotrimoxazole,Sulfonamide combination,Broad,1,22033,17.39,78.49
Hyderabad,2024-03,10000000,Meropenem,Carbapenem,Very Broad,0,1440,17.39,78.49
Hyderabad,2024-04,10000000,Amoxicillin,Penicillin,Narrow,0,27746,17.39,78.49
Hyderabad,2024-04,10000000,Amoxicillin-Clavulanate,Penicillin + beta-lactamase inhibitor,Broad,1,53535,17.39,78.49
Hyderabad,2024-04,10000000,Azithromycin,Macrolide,Broad,0,37781,17.39,78.49
Hyderabad,2024-04,10000000,Cefixime,Cephalosporin,Broad,0,27577,17.39,78.49
Hyderabad,2024-04,10000000,Ceftriaxone,Cephalosporin,Broad,0,10661,17.39,78.49
Hyderabad,2024-04,10000000,Ciprofloxacin,Fluoroquinolone,Broad,0,22947,17.39,78.49
Hyderabad,2024-04,10000000,Doxycycline,Tetracycline,Broad,0,18990,17.39,78.49
Hyderabad,2024-04,10000000,Metronidazole,Nitroimidazole,Narrow,0,16673,17.39,78.49
Hyderabad,2024-04,10000000,Cotrimoxazole,Sulfonamide combination,Broad,1,20022,17.39,78.49
Hyderabad,2024-04,10000000,Meropenem,Carbapenem,Very Broad,0,1398,17.39,78.49
Hyderabad,2024-05,10000000,Amoxicillin,Penicillin,Narrow,0,20119,17.39,78.49
Hyderabad,2024-05,10000000,Amoxicillin-Clavulanate,Penicillin + beta-lactamase inhibitor,Broad,1,45213,17.39,78.49
Hyderabad,2024-05,10000000,Azithromycin,Macrolide,Broad,0,38080,17.39,78.49
Hyderabad,2024-05,10000000,Cefixime,Cephalosporin,Broad,0,24627,17.39,78.49
Hyderabad,2024-05,10000000,Ceftriaxone,Cephalosporin,Broad,0,11092,17.39,78.49
Hyderabad,2024-05,10000000,Ciprofloxacin,Fluoroquinolone,Broad,0,21926,17.39,78.49
Hyderabad,2024-05,10000000,Doxycycline,Tetracycline,Broad,0,22335,17.39,78.49
Hyderabad,2024-05,10000000,Metronidazole,Nitroimidazole,Narrow,0,18596,17.39,78.49
Hyderabad,2024-05,10000000,Cotrimoxazole,Sulfonamide combination,Broad,1,20022,17.39,78.49
Hyderabad,2024-05,10000000,Meropenem,Carbapenem,Very Broad,0,1643,17.39,78.49
Hyderabad,2024-06,10000000,Amoxicillin,Penicillin,Narrow,0,24501,17.39,78.49
Hyderabad,2024-06,10000000,Amoxicillin-Clavulanate,Penicillin + beta-lactamase inhibitor,Broad,1,47133,17.39,78.49
Hyderabad,2024-06,10000000,Azithromycin,Macrolide,Broad,0,33147,17.39,78.49
Hyderabad,2024-06,10000000,Cefixime,Cephalosporin,Broad,0,26344,17.39,78.49
Hyderabad,2024-06,10000000,Ceftriaxone,Cephalosporin,Broad,0,10489,17.39,78.49
Hyderabad,2024-06,10000000,Ciprofloxacin,Fluoroquinolone,Broad,0,23253,17.39,78.49
Hyderabad,2024-06,10000000,Doxycycline,Tetracycline,Broad,0,21907,17.39,78.49
Hyderabad,2024-06,10000000,Metronidazole,Nitroimidazole,Narrow,0,18082,17.39,78.49
Hyderabad,2024-06,10000000,Cotrimoxazole,Sulfonamide combination,Broad,1,22721,17.39,78.49
Hyderabad,2024-06,10000000,Meropenem,Carbapenem,Very Broad,0,1389,17.39,78.49
Hyderabad,2024-07,10000000,Amoxicillin,Penicillin,Narrow,0,24486,17.39,78.49
Hyderabad,2024-07,10000000,Amoxicillin-Clavulanate,Penicillin + beta-lactamase inhibitor,Broad,1,49918,17.39,78.49
Hyderabad,2024-07,10000000,Azithromycin,Macrolide,Broad,0,30349,17.39,78.49
Hyderabad,2024-07,10000000,Cefixime,Cephalosporin,Broad,0,22503,17.39,78.49
Hyderabad,2024-07,10000000,Ceftriaxone,Cephalosporin,Broad,0,10363,17.39,78.49
Hyderabad,2024-07,10000000,Ciprofloxacin,Fluoroquinolone,Broad,0,24391,17.39,78.49
Hyderabad,2024-07,10000000,Doxycycline,Tetracycline,Broad,0,18757,17.39,78.49
Hyderabad,2024-07,10000000,Metronidazole,Nitroimidazole,Narrow,0,15670,17.39,78.49
Hyderabad,2024-07,10000000,Cotrimoxazole,Sulfonamide combination,Broad,1,16424,17.39,78.49
Hyderabad,2024-07,10000000,Meropenem,Carbapenem,Very Broad,0,1164,17.39,78.49
Hyderabad,2024-08,10000000,Amoxicillin,Penicillin,Narrow,0,22563,17.39,78.49
Hyderabad,2024-08,10000000,Amoxicillin-Clavulanate,Penicillin + beta-lactamase inhibitor,Broad,1,44648,17.39,78.49
Hyderabad,2024-08,10000000,Azithromycin,Macrolide,Broad,0,29488,17.39,78.49
Hyderabad,2024-08,10000000,Cefixime,Cephalosporin,Broad,0,18221,17.39,78.49
Hyderabad,2024-08,10000000,Ceftriaxone,Cephalosporin,Broad,0,9011,17.39,78.49
Hyderabad,2024-08,10000000,Ciprofloxacin,Fluoroquinolone,Broad,0,20469,17.39,78.49
Hyderabad,2024-08,10000000,Doxycycline,Tetracycline,Broad,0,19747,17.39,78.49
Hyderabad,2024-08,10000000,Metronidazole,Nitroimidazole,Narrow,0,14497,17.39,78.49
Hyderabad,2024-08,10000000,Cotrimoxazole,Sulfonamide combination,Broad,1,15702,17.39,78.49
Hyderabad,2024-08,10000000,Meropenem,Carbapenem,Very Broad,0,1312,17.39,78.49
Hyderabad,2024-09,10000000,Amoxicillin,Penicillin,Narrow,0,22533,17.39,78.49
Hyderabad,2024-09,10000000,Amoxicillin-Clavulanate,Penicillin + beta-lactamase inhibitor,Broad,1,41066,17.39,78.49
Hyderabad,2024-09,10000000,Azithromycin,Macrolide,Broad,0,30080,17.39,78.49
Hyderabad,2024-09,10000000,Cefixime,Cephalosporin,Broad,0,22681,17.39,78.49
Hyderabad,2024-09,10000000,Ceftriaxone,Cephalosporin,Broad,0,8388,17.39,78.49
Hyderabad,2024-09,10000000,Ciprofloxacin,Fluoroquinolone,Broad,0,21574,17.39,78.49
Hyderabad,2024-09,10000000,Doxycycline,Tetracycline,Broad,0,14952,17.39,78.49
Hyderabad,2024-09,10000000,Metronidazole,Nitroimidazole,Narrow,0,16111,17.39,78.49
Hyderabad,2024-09,10000000,Cotrimoxazole,Sulfonamide combination,Broad,1,16210,17.39,78.49
Hyderabad,2024-09,10000000,Meropenem,Carbapenem,Very Broad,0,1094,17.39,78.49
Hyderabad,2024-10,10000000,Amoxicillin,Penicillin,Narrow,0,20284,17.39,78.49
Hyderabad,2024-10,10000000,Amoxicillin-Clavulanate,Penicillin + beta-lactamase inhibitor,Broad,1,36635,17.39,78.49
Hyderabad,2024-10,10000000,Azithromycin,Macrolide,Broad,0,28688,17.39,78.49
Hyderabad,2024-10,10000000,Cefixime,Cephalosporin,Broad,0,19292,17.39,78.49
Hyderabad,2024-10,10000000,Ceftriaxone,Cephalosporin,Broad,0,8976,17.39,78.49
Hyderabad,2024-10,10000000,Ciprofloxacin,Fluoroquinolone,Broad,0,18152,17.39,78.49
Hyderabad,2024-10,10000000,Doxycycline,Tetracycline,Broad,0,17233,17.39,78.49
Hyderabad,2024-10,10000000,Metronidazole,Nitroimidazole,Narrow,0,14103,17.39,78.49
Hyderabad,2024-10,10000000,Cotrimoxazole,Sulfonamide combination,Broad,1,14986,17.39,78.49
Hyderabad,2024-10,10000000,Meropenem,Carbapenem,Very Broad,0,1070,17.39,78.49
Hyderabad,2024-11,10000000,Amoxicillin,Penicillin,Narrow,0,22254,17.39,78.49
Hyderabad,2024-11,10000000,Amoxicillin-Clavulanate,Penicillin + beta-lactamase inhibitor,Broad,1,41129,17.39,78.49
Hyderabad,2024-11,10000000,Azithromycin,Macrolide,Broad,0,32238,17.39,78.49
Hyderabad,2024-11,10000000,Cefixime,Cephalosporin,Broad,0,18311,17.39,78.49
Hyderabad,2024-11,10000000,Ceftriaxone,Cephalosporin,Broad,0,9032,17.39,78.49
Hyderabad,2024-11,10000000,Ciprofloxacin,Fluoroquinolone,Broad,0,23617,17.39,78.49
Hyderabad,2024-11,10000000,Doxycycline,Tetracycline,Broad,0,17083,17.39,78.49
Hyderabad,2024-11,10000000,Metronidazole,Nitroimidazole,Narrow,0,15874,17.39,78.49
Hyderabad,2024-11,10000000,Cotrimoxazole,Sulfonamide combination,Broad,1,17094,17.39,78.49
Hyderabad,2024-11,10000000,Meropenem,Carbapenem,Very Broad,0,1252,17.39,78.49
Hyderabad,2024-12,10000000,Amoxicillin,Penicillin,Narrow,0,19623,17.39,78.49
Hyderabad,2024-12,10000000,Amoxicillin-Clavulanate,Penicillin + beta-lactamase inhibitor,Broad,1,42683,17.39,78.49
Hyderabad,2024-12,10000000,Azithromycin,Macrolide,Broad,0,30328,17.39,78.49
Hyderabad,2024-12,10000000,Cefixime,Cephalosporin,Broad,0,24377,17.39,78.49
Hyderabad,2024-12,10000000,Ceftriaxone,Cephalosporin,Broad,0,9029,17.39,78.49
Hyderabad,2024-12,10000000,Ciprofloxacin,Fluoroquinolone,Broad,0,17919,17.39,78.49
Hyderabad,2024-12,10000000,Doxycycline,Tetracycline,Broad,0,15620,17.39,78.49
Hyderabad,2024-12,10000000,Metronidazole,Nitroimidazole,Narrow,0,12964,17.39,78.49
Hyderabad,2024-12,10000000,Cotrimoxazole,Sulfonamide combination,Broad,1,16218,17.39,78.49
Hyderabad,2024-12,10000000,Meropenem,Carbapenem,Very Broad,0,1168,17.39,78.49
Hyderabad,2025-01,10000000,Amoxicillin,Penicillin,Narrow,0,25775,17.39,78.49
Hyderabad,2025-01,10000000,Amoxicillin-Clavulanate,Penicillin + beta-lactamase inhibitor,Broad,1,50725,17.39,78.49
Hyderabad,2025-01,10000000,Azithromycin,Macrolide,Broad,0,34244,17.39,78.49
Hyderabad,2025-01,10000000,Cefixime,Cephalosporin,Broad,0,20190,17.39,78.49
Hyderabad,2025-01,10000000,Ceftriaxone,Cephalosporin,Broad,0,10480,17.39,78.49
Hyderabad,2025-01,10000000,Ciprofloxacin,Fluoroquinolone,Broad,0,23649,17.39,78.49
Hyderabad,2025-01,10000000,Doxycycline,Tetracycline,Broad,0,19131,17.39,78.49
Hyderabad,2025-01,10000000,Metronidazole,Nitroimidazole,Narrow,0,18619,17.39,78.49
Hyderabad,2025-01,10000000,Cotrimoxazole,Sulfonamide combination,Broad,1,16687,17.39,78.49
Hyderabad,2025-01,10000000,Meropenem,Carbapenem,Very Broad,0,1500,17.39,78.49
Hyderabad,2025-02,10000000,Amoxicillin,Penicillin,Narrow,0,26520,17.39,78.49
Hyderabad,2025-02,10000000,Amoxicillin-Clavulanate,Penicillin + beta-lactamase inhibitor,Broad,1,46212,17.39,78.49
Hyderabad,2025-02,10000000,Azithromycin,Macrolide,Broad,0,35673,17.39,78.49
Hyderabad,2025-02,10000000,Cefixime,Cephalosporin,Broad,0,25927,17.39,78.49
Hyderabad,2025-02,10000000,Ceftriaxone,Cephalosporin,Broad,0,11700,17.39,78.49
Hyderabad,2025-02,10000000,Ciprofloxacin,Fluoroquinolone,Broad,0,20846,17.39,78.49
Hyderabad,2025-02,10000000,Doxycycline,Tetracycline,Broad,0,20633,17.39,78.49
Hyderabad,2025-02,10000000,Metronidazole,Nitroimidazole,Narrow,0,16115,17.39,78.49
Hyderabad,2025-02,10000000,Cotrimoxazole,Sulfonamide combination,Broad,1,18665,17.39,78.49
Hyderabad,2025-02,10000000,Meropenem,Carbapenem,Very Broad,0,1245,17.39,78.49
Hyderabad,2025-03,10000000,Amoxicillin,Penicillin,Narrow,0,27600,17.39,78.49
Hyderabad,2025-03,10000000,Amoxicillin-Clavulanate,Penicillin + beta-lactamase inhibitor,Broad,1,52046,17.39,78.49
Hyderabad,2025-03,10000000,Azithromycin,Macrolide,Broad,0,37921,17.39,78.49
Hyderabad,2025-03,10000000,Cefixime,Cephalosporin,Broad,0,24411,17.39,78.49
Hyderabad,2025-03,10000000,Ceftriaxone,Cephalosporin,Broad,0,10599,17.39,78.49
Hyderabad,2025-03,10000000,Ciprofloxacin,Fluoroquinolone,Broad,0,25531,17.39,78.49
Hyderabad,2025-03,10000000,Doxycycline,Tetracycline,Broad,0,18301,17.39,78.49
Hyderabad,2025-03,10000000,Metronidazole,Nitroimidazole,Narrow,0,18662,17.39,78.49
Hyderabad,2025-03,10000000,Cotrimoxazole,Sulfonamide combination,Broad,1,20653,17.39,78.49
Hyderabad,2025-03,10000000,Meropenem,Carbapenem,Very Broad,0,1960,17.39,78.49
Hyderabad,2025-04,10000000,Amoxicillin,Penicillin,Narrow,0,27037,17.39,78.49
Hyderabad,2025-04,10000000,Amoxicillin-Clavulanate,Penicillin + beta-lactamase inhibitor,Broad,1,52000,17.39,78.49
Hyderabad,2025-04,10000000,Azithromycin,Macrolide,Broad,0,35069,17.39,78.49
Hyderabad,2025-04,10000000,Cefixime,Cephalosporin,Broad,0,23584,17.39,78.49
Hyderabad,2025-04,10000000,Ceftriaxone,Cephalosporin,Broad,0,11978,17.39,78.49
Hyderabad,2025-04,10000000,Ciprofloxacin,Fluoroquinolone,Broad,0,24490,17.39,78.49
Hyderabad,2025-04,10000000,Doxycycline,Tetracycline,Broad,0,18674,17.39,78.49
Hyderabad,2025-04,10000000,Metronidazole,Nitroimidazole,Narrow,0,18118,17.39,78.49
Hyderabad,2025-04,10000000,Cotrimoxazole,Sulfonamide combination,Broad,1,21367,17.39,78.49
Hyderabad,2025-04,10000000,Meropenem,Carbapenem,Very Broad,0,1494,17.39,78.49
Hyderabad,2025-05,10000000,Amoxicillin,Penicillin,Narrow,0,26010,17.39,78.49
Hyderabad,2025-05,10000000,Amoxicillin-Clavulanate,Penicillin + beta-lactamase inhibitor,Broad,1,57966,17.39,78.49
Hyderabad,2025-05,10000000,Azithromycin,Macrolide,Broad,0,35471,17.39,78.49
Hyderabad,2025-05,10000000,Cefixime,Cephalosporin,Broad,0,27822,17.39,78.49
Hyderabad,2025-05,10000000,Ceftriaxone,Cephalosporin,Broad,0,10985,17.39,78.49
Hyderabad,2025-05,10000000,Ciprofloxacin,Fluoroquinolone,Broad,0,25859,17.39,78.49
Hyderabad,2025-05,10000000,Doxycycline,Tetracycline,Broad,0,20778,17.39,78.49
Hyderabad,2025-05,10000000,Metronidazole,Nitroimidazole,Narrow,0,18029,17.39,78.49
Hyderabad,2025-05,10000000,Cotrimoxazole,Sulfonamide combination,Broad,1,25346,17.39,78.49
Hyderabad,2025-05,10000000,Meropenem,Carbapenem,Very Broad,0,1509,17.39,78.49
Hyderabad,2025-06,10000000,Amoxicillin,Penicillin,Narrow,0,25405,17.39,78.49
Hyderabad,2025-06,10000000,Amoxicillin-Clavulanate,Penicillin + beta-lactamase inhibitor,Broad,1,56662,17.39,78.49
Hyderabad,2025-06,10000000,Azithromycin,Macrolide,Broad,0,37996,17.39,78.49
Hyderabad,2025-06,10000000,Cefixime,Cephalosporin,Broad,0,29274,17.39,78.49
Hyderabad,2025-06,10000000,Ceftriaxone,Cephalosporin,Broad,0,11779,17.39,78.49
Hyderabad,2025-06,10000000,Ciprofloxacin,Fluoroquinolone,Broad,0,23162,17.39,78.49
Hyderabad,2025-06,10000000,Doxycycline,Tetracycline,Broad,0,20316,17.39,78.49
Hyderabad,2025-06,10000000,Metronidazole,Nitroimidazole,Narrow,0,19910,17.39,78.49
Hyderabad,2025-06,10000000,Cotrimoxazole,Sulfonamide combination,Broad,1,21951,17.39,78.49
Hyderabad,2025-06,10000000,Meropenem,Carbapenem,Very Broad,0,1422,17.39,78.49
Hyderabad,2025-07,10000000,Amoxicillin,Penicillin,Narrow,0,19696,17.39,78.49
Hyderabad,2025-07,10000000,Amoxicillin-Clavulanate,Penicillin + beta-lactamase inhibitor,Broad,1,43423,17.39,78.49
Hyderabad,2025-07,10000000,Azithromycin,Macrolide,Broad,0,32692,17.39,78.49
Hyderabad,2025-07,10000000,Cefixime,Cephalosporin,Broad,0,24381,17.39,78.49
Hyderabad,2025-07,10000000,Ceftriaxone,Cephalosporin,Broad,0,9906,17.39,78.49
Hyderabad,2025-07,10000000,Ciprofloxacin,Fluoroquinolone,Broad,0,24278,17.39,78.49
Hyderabad,2025-07,10000000,Doxycycline,Tetracycline,Broad,0,18880,17.39,78.49
Hyderabad,2025-07,10000000,Metronidazole,Nitroimidazole,Narrow,0,18001,17.39,78.49
Hyderabad,2025-07,10000000,Cotrimoxazole,Sulfonamide combination,Broad,1,20292,17.39,78.49
Hyderabad,2025-07,10000000,Meropenem,Carbapenem,Very Broad,0,1603,17.39,78.49
Hyderabad,2025-08,10000000,Amoxicillin,Penicillin,Narrow,0,25828,17.39,78.49
Hyderabad,2025-08,10000000,Amoxicillin-Clavulanate,Penicillin + beta-lactamase inhibitor,Broad,1,43040,17.39,78.49
Hyderabad,2025-08,10000000,Azithromycin,Macrolide,Broad,0,31192,17.39,78.49
Hyderabad,2025-08,10000000,Cefixime,Cephalosporin,Broad,0,21967,17.39,78.49
Hyderabad,2025-08,10000000,Ceftriaxone,Cephalosporin,Broad,0,8501,17.39,78.49
Hyderabad,2025-08,10000000,Ciprofloxacin,Fluoroquinolone,Broad,0,22632,17.39,78.49
Hyderabad,2025-08,10000000,Doxycycline,Tetracycline,Broad,0,15846,17.39,78.49
Hyderabad,2025-08,10000000,Metronidazole,Nitroimidazole,Narrow,0,17004,17.39,78.49
Hyderabad,2025-08,10000000,Cotrimoxazole,Sulfonamide combination,Broad,1,17465,17.39,78.49
Hyderabad,2025-08,10000000,Meropenem,Carbapenem,Very Broad,0,1169,17.39,78.49
Hyderabad,2025-09,10000000,Amoxicillin,Penicillin,Narrow,0,20879,17.39,78.49
Hyderabad,2025-09,10000000,Amoxicillin-Clavulanate,Penicillin + beta-lactamase inhibitor,Broad,1,42442,17.39,78.49
Hyderabad,2025-09,10000000,Azithromycin,Macrolide,Broad,0,30423,17.39,78.49
Hyderabad,2025-09,10000000,Cefixime,Cephalosporin,Broad,0,21549,17.39,78.49
Hyderabad,2025-09,10000000,Ceftriaxone,Cephalosporin,Broad,0,9245,17.39,78.49
Hyderabad,2025-09,10000000,Ciprofloxacin,Fluoroquinolone,Broad,0,20357,17.39,78.49
Hyderabad,2025-09,10000000,Doxycycline,Tetracycline,Broad,0,17998,17.39,78.49
Hyderabad,2025-09,10000000,Metronidazole,Nitroimidazole,Narrow,0,18790,17.39,78.49
Hyderabad,2025-09,10000000,Cotrimoxazole,Sulfonamide combination,Broad,1,17640,17.39,78.49
Hyderabad,2025-09,10000000,Meropenem,Carbapenem,Very Broad,0,1186,17.39,78.49
Hyderabad,2025-10,10000000,Amoxicillin,Penicillin,Narrow,0,21781,17.39,78.49
Hyderabad,2025-10,10000000,Amoxicillin-Clavulanate,Penicillin + beta-lactamase inhibitor,Broad,1,47092,17.39,78.49
Hyderabad,2025-10,10000000,Azithromycin,Macrolide,Broad,0,29015,17.39,78.49
Hyderabad,2025-10,10000000,Cefixime,Cephalosporin,Broad,0,21856,17.39,78.49
Hyderabad,2025-10,10000000,Ceftriaxone,Cephalosporin,Broad,0,9619,17.39,78.49
Hyderabad,2025-10,10000000,Ciprofloxacin,Fluoroquinolone,Broad,0,19998,17.39,78.49
Hyderabad,2025-10,10000000,Doxycycline,Tetracycline,Broad,0,15947,17.39,78.49
Hyderabad,2025-10,10000000,Metronidazole,Nitroimidazole,Narrow,0,12908,17.39,78.49
Hyderabad,2025-10,10000000,Cotrimoxazole,Sulfonamide combination,Broad,1,16968,17.39,78.49
Hyderabad,2025-10,10000000,Meropenem,Carbapenem,Very Broad,0,1147,17.39,78.49
Hyderabad,2025-11,10000000,Amoxicillin,Penicillin,Narrow,0,22047,17.39,78.49
Hyderabad,2025-11,10000000,Amoxicillin-Clavulanate,Penicillin + beta-lactamase inhibitor,Broad,1,41473,17.39,78.49
Hyderabad,2025-11,10000000,Azithromycin,Macrolide,Broad,0,28475,17.39,78.49
Hyderabad,2025-11,10000000,Cefixime,Cephalosporin,Broad,0,19829,17.39,78.49
Hyderabad,2025-11,10000000,Ceftriaxone,Cephalosporin,Broad,0,10561,17.39,78.49
Hyderabad,2025-11,10000000,Ciprofloxacin,Fluoroquinolone,Broad,0,21074,17.39,78.49
Hyderabad,2025-11,10000000,Doxycycline,Tetracycline,Broad,0,16545,17.39,78.49
Hyderabad,2025-11,10000000,Metronidazole,Nitroimidazole,Narrow,0,15928,17.39,78.49
Hyderabad,2025-11,10000000,Cotrimoxazole,Sulfonamide combination,Broad,1,16926,17.39,78.49
Hyderabad,2025-11,10000000,Meropenem,Carbapenem,Very Broad,0,1076,17.39,78.49
Hyderabad,2025-12,10000000,Amoxicillin,Penicillin,Narrow,0,20562,17.39,78.49
Hyderabad,2025-12,10000000,Amoxicillin-Clavulanate,Penicillin + beta-lactamase inhibitor,Broad,1,44304,17.39,78.49
Hyderabad,2025-12,10000000,Azithromycin,Macrolide,Broad,0,33210,17.39,78.49
Hyderabad,2025-12,10000000,Cefixime,Cephalosporin,Broad,0,24590,17.39,78.49
Hyderabad,2025-12,10000000,Ceftriaxone,Cephalosporin,Broad,0,10368,17.39,78.49
Hyderabad,2025-12,10000000,Ciprofloxacin,Fluoroquinolone,Broad,0,21406,17.39,78.49
Hyderabad,2025-12,10000000,Doxycycline,Tetracycline,Broad,0,17746,17.39,78.49
Hyderabad,2025-12,10000000,Metronidazole,Nitroimidazole,Narrow,0,15696,17.39,78.49
Hyderabad,2025-12,10000000,Cotrimoxazole,Sulfonamide combination,Broad,1,17632,17.39,78.49
Hyderabad,2025-12,10000000,Meropenem,Carbapenem,Very Broad,0,1417,17.39,78.49
Chennai,2024-01,7500000,Amoxicillin,Penicillin,Narrow,0,20749,13.08,80.27
Chennai,2024-01,7500000,Amoxicillin-Clavulanate,Penicillin + beta-lactamase inhibitor,Broad,1,30654,13.08,80.27
Chennai,2024-01,7500000,Azithromycin,Macrolide,Broad,0,25437,13.08,80.27
Chennai,2024-01,7500000,Cefixime,Cephalosporin,Broad,0,15989,13.08,80.27
Chennai,2024-01,7500000,Ceftriaxone,Cephalosporin,Broad,0,6880,13.08,80.27
Chennai,2024-01,7500000,Ciprofloxacin,Fluoroquinolone,Broad,0,15779,13.08,80.27
Chennai,2024-01,7500000,Doxycycline,Tetracycline,Broad,0,12557,13.08,80.27
Chennai,2024-01,7500000,Metronidazole,Nitroimidazole,Narrow,0,11879,13.08,80.27
Chennai,2024-01,7500000,Cotrimoxazole,Sulfonamide combination,Broad,1,12911,13.08,80.27
Chennai,2024-01,7500000,Meropenem,Carbapenem,Very Broad,0,851,13.08,80.27
Chennai,2024-02,7500000,Amoxicillin,Penicillin,Narrow,0,17371,13.08,80.27
Chennai,2024-02,7500000,Amoxicillin-Clavulanate,Penicillin + beta-lactamase inhibitor,Broad,1,42711,13.08,80.27
Chennai,2024-02,7500000,Azithromycin,Macrolide,Broad,0,25568,13.08,80.27
Chennai,2024-02,7500000,Cefixime,Cephalosporin,Broad,0,18629,13.08,80.27
Chennai,2024-02,7500000,Ceftriaxone,Cephalosporin,Broad,0,6970,13.08,80.27
Chennai,2024-02,7500000,Ciprofloxacin,Fluoroquinolone,Broad,0,19739,13.08,80.27
Chennai,2024-02,7500000,Doxycycline,Tetracycline,Broad,0,15621,13.08,80.27
Chennai,2024-02,7500000,Metronidazole,Nitroimidazole,Narrow,0,13870,13.08,80.27
Chennai,2024-02,7500000,Cotrimoxazole,Sulfonamide combination,Broad,1,12459,13.08,80.27
Chennai,2024-02,7500000,Meropenem,Carbapenem,Very Broad,0,1008,13.08,80.27
Chennai,2024-03,7500000,Amoxicillin,Penicillin,Narrow,0,21379,13.08,80.27
Chennai,2024-03,7500000,Amoxicillin-Clavulanate,Penicillin + beta-lactamase inhibitor,Broad,1,38261,13.08,80.27
Chennai,2024-03,7500000,Azithromycin,Macrolide,Broad,0,26952,13.08,80.27
Chennai,2024-03,7500000,Cefixime,Cephalosporin,Broad,0,15566,13.08,80.27
Chennai,2024-03,7500000,Ceftriaxone,Cephalosporin,Broad,0,7350,13.08,80.27
Chennai,2024-03,7500000,Ciprofloxacin,Fluoroquinolone,Broad,0,18916,13.08,80.27
Chennai,2024-03,7500000,Doxycycline,Tetracycline,Broad,0,16161,13.08,80.27
Chennai,2024-03,7500000,Metronidazole,Nitroimidazole,Narrow,0,15177,13.08,80.27
Chennai,2024-03,7500000,Cotrimoxazole,Sulfonamide combination,Broad,1,12479,13.08,80.27
Chennai,2024-03,7500000,Meropenem,Carbapenem,Very Broad,0,1040,13.08,80.27
Chennai,2024-04,7500000,Amoxicillin,Penicillin,Narrow,0,17212,13.08,80.27
Chennai,2024-04,7500000,Amoxicillin-Clavulanate,Penicillin + beta-lactamase inhibitor,Broad,1,38200,13.08,80.27
Chennai,2024-04,7500000,Azithromycin,Macrolide,Broad,0,27838,13.08,80.27
Chennai,2024-04,7500000,Cefixime,Cephalosporin,Broad,0,19335,13.08,80.27
Chennai,2024-04,7500000,Ceftriaxone,Cephalosporin,Broad,0,7097,13.08,80.27
Chennai,2024-04,7500000,Ciprofloxacin,Fluoroquinolone,Broad,0,18226,13.08,80.27
Chennai,2024-04,7500000,Doxycycline,Tetracycline,Broad,0,15008,13.08,80.27
Chennai,2024-04,7500000,Metronidazole,Nitroimidazole,Narrow,0,14137,13.08,80.27
Chennai,2024-04,7500000,Cotrimoxazole,Sulfonamide combination,Broad,1,14382,13.08,80.27
Chennai,2024-04,7500000,Meropenem,Carbapenem,Very Broad,0,1035,13.08,80.27
Chennai,2024-05,7500000,Amoxicillin,Penicillin,Narrow,0,20005,13.08,80.27
Chennai,2024-05,7500000,Amoxicillin-Clavulanate,Penicillin + beta-lactamase inhibitor,Broad,1,36291,13.08,80.27
Chennai,2024-05,7500000,Azithromycin,Macrolide,Broad,0,25432,13.08,80.27
Chennai,2024-05,7500000,Cefixime,Cephalosporin,Broad,0,19495,13.08,80.27
Chennai,2024-05,7500000,Ceftriaxone,Cephalosporin,Broad,0,6905,13.08,80.27
Chennai,2024-05,7500000,Ciprofloxacin,Fluoroquinolone,Broad,0,18939,13.08,80.27
Chennai,2024-05,7500000,Doxycycline,Tetracycline,Broad,0,15058,13.08,80.27
Chennai,2024-05,7500000,Metronidazole,Nitroimidazole,Narrow,0,14124,13.08,80.27
Chennai,2024-05,7500000,Cotrimoxazole,Sulfonamide combination,Broad,1,15642,13.08,80.27
Chennai,2024-05,7500000,Meropenem,Carbapenem,Very Broad,0,890,13.08,80.27
Chennai,2024-06,7500000,Amoxicillin,Penicillin,Narrow,0,18964,13.08,80.27
Chennai,2024-06,7500000,Amoxicillin-Clavulanate,Penicillin + beta-lactamase inhibitor,Broad,1,34455,13.08,80.27
Chennai,2024-06,7500000,Azithromycin,Macrolide,Broad,0,24804,13.08,80.27
Chennai,2024-06,7500000,Cefixime,Cephalosporin,Broad,0,17656,13.08,80.27
Chennai,2024-06,7500000,Ceftriaxone,Cephalosporin,Broad,0,8001,13.08,80.27
Chennai,2024-06,7500000,Ciprofloxacin,Fluoroquinolone,Broad,0,18482,13.08,80.27
Chennai,2024-06,7500000,Doxycycline,Tetracycline,Broad,0,14742,13.08,80.27
Chennai,2024-06,7500000,Metronidazole,Nitroimidazole,Narrow,0,13250,13.08,80.27
Chennai,2024-06,7500000,Cotrimoxazole,Sulfonamide combination,Broad,1,11402,13.08,80.27
Chennai,2024-06,7500000,Meropenem,Carbapenem,Very Broad,0,1029,13.08,80.27
Chennai,2024-07,7500000,Amoxicillin,Penicillin,Narrow,0,18675,13.08,80.27
Chennai,2024-07,7500000,Amoxicillin-Clavulanate,Penicillin + beta-lactamase inhibitor,Broad,1,31867,13.08,80.27
Chennai,2024-07,7500000,Azithromycin,Macrolide,Broad,0,24959,13.08,80.27
Chennai,2024-07,7500000,Cefixime,Cephalosporin,Broad,0,18948,13.08,80.27
Chennai,2024-07,7500000,Ceftriaxone,Cephalosporin,Broad,0,8284,13.08,80.27
Chennai,2024-07,7500000,Ciprofloxacin,Fluoroquinolone,Broad,0,15706,13.08,80.27
Chennai,2024-07,7500000,Doxycycline,Tetracycline,Broad,0,13609,13.08,80.27
Chennai,2024-07,7500000,Metronidazole,Nitroimidazole,Narrow,0,13682,13.08,80.27
Chennai,2024-07,7500000,Cotrimoxazole,Sulfonamide combination,Broad,1,13461,13.08,80.27
Chennai,2024-07,7500000,Meropenem,Carbapenem,Very Broad,0,878,13.08,80.27
Chennai,2024-08,7500000,Amoxicillin,Penicillin,Narrow,0,17576,13.08,80.27
Chennai,2024-08,7500000,Amoxicillin-Clavulanate,Penicillin + beta-lactamase inhibitor,Broad,1,31757,13.08,80.27
Chennai,2024-08,7500000,Azithromycin,Macrolide,Broad,0,22776,13.08,80.27
Chennai,2024-08,7500000,Cefixime,Cephalosporin,Broad,0,16332,13.08,80.27
Chennai,2024-08,7500000,Ceftriaxone,Cephalosporin,Broad,0,7709,13.08,80.27
Chennai,2024-08,7500000,Ciprofloxacin,Fluoroquinolone,Broad,0,14667,13.08,80.27
Chennai,2024-08,7500000,Doxycycline,Tetracycline,Broad,0,12383,13.08,80.27
Chennai,2024-08,7500000,Metronidazole,Nitroimidazole,Narrow,0,12261,13.08,80.27
Chennai,2024-08,7500000,Cotrimoxazole,Sulfonamide combination,Broad,1,13211,13.08,80.27
Chennai,2024-08,7500000,Meropenem,Carbapenem,Very Broad,0,789,13.08,80.27
Chennai,2024-09,7500000,Amoxicillin,Penicillin,Narrow,0,13635,13.08,80.27
Chennai,2024-09,7500000,Amoxicillin-Clavulanate,Penicillin + beta-lactamase inhibitor,Broad,1,29294,13.08,80.27
Chennai,2024-09,7500000,Azithromycin,Macrolide,Broad,0,19676,13.08,80.27
Chennai,2024-09,7500000,Cefixime,Cephalosporin,Broad,0,15228,13.08,80.27
Chennai,2024-09,7500000,Ceftriaxone,Cephalosporin,Broad,0,6858,13.08,80.27
Chennai,2024-09,7500000,Ciprofloxacin,Fluoroquinolone,Broad,0,14097,13.08,80.27
Chennai,2024-09,7500000,Doxycycline,Tetracycline,Broad,0,12407,13.08,80.27
Chennai,2024-09,7500000,Metronidazole,Nitroimidazole,Narrow,0,11442,13.08,80.27
Chennai,2024-09,7500000,Cotrimoxazole,Sulfonamide combination,Broad,1,12059,13.08,80.27
Chennai,2024-09,7500000,Meropenem,Carbapenem,Very Broad,0,857,13.08,80.27
Chennai,2024-10,7500000,Amoxicillin,Penicillin,Narrow,0,15686,13.08,80.27
Chennai,2024-10,7500000,Amoxicillin-Clavulanate,Penicillin + beta-lactamase inhibitor,Broad,1,31387,13.08,80.27
Chennai,2024-10,7500000,Azithromycin,Macrolide,Broad,0,22422,13.08,80.27
Chennai,2024-10,7500000,Cefixime,Cephalosporin,Broad,0,13916,13.08,80.27
Chennai,2024-10,7500000,Ceftriaxone,Cephalosporin,Broad,0,6796,13.08,80.27
Chennai,2024-10,7500000,Ciprofloxacin,Fluoroquinolone,Broad,0,13487,13.08,80.27
Chennai,2024-10,7500000,Doxycycline,Tetracycline,Broad,0,13371,13.08,80.27
Chennai,2024-10,7500000,Metronidazole,Nitroimidazole,Narrow,0,12442,13.08,80.27
Chennai,2024-10,7500000,Cotrimoxazole,Sulfonamide combination,Broad,1,11684,13.08,80.27
Chennai,2024-10,7500000,Meropenem,Carbapenem,Very Broad,0,833,13.08,80.27
Chennai,2024-11,7500000,Amoxicillin,Penicillin,Narrow,0,16999,13.08,80.27
Chennai,2024-11,7500000,Amoxicillin-Clavulanate,Penicillin + beta-lactamase inhibitor,Broad,1,29276,13.08,80.27
Chennai,2024-11,7500000,Azithromycin,Macrolide,Broad,0,23190,13.08,80.27
Chennai,2024-11,7500000,Cefixime,Cephalosporin,Broad,0,16991,13.08,80.27
Chennai,2024-11,7500000,Ceftriaxone,Cephalosporin,Broad,0,6365,13.08,80.27
Chennai,2024-11,7500000,Ciprofloxacin,Fluoroquinolone,Broad,0,14366,13.08,80.27
Chennai,2024-11,7500000,Doxycycline,Tetracycline,Broad,0,11293,13.08,80.27
Chennai,2024-11,7500000,Metronidazole,Nitroimidazole,Narrow,0,10825,13.08,80.27
Chennai,2024-11,7500000,Cotrimoxazole,Sulfonamide combination,Broad,1,10208,13.08,80.27
Chennai,2024-11,7500000,Meropenem,Carbapenem,Very Broad,0,896,13.08,80.27
Chennai,2024-12,7500000,Amoxicillin,Penicillin,Narrow,0,18792,13.08,80.27
Chennai,2024-12,7500000,Amoxicillin-Clavulanate,Penicillin + beta-lactamase inhibitor,Broad,1,28993,13.08,80.27
Chennai,2024-12,7500000,Azithromycin,Macrolide,Broad,0,26014,13.08,80.27
Chennai,2024-12,7500000,Cefixime,Cephalosporin,Broad,0,18909,13.08,80.27
Chennai,2024-12,7500000,Ceftriaxone,Cephalosporin,Broad,0,6876,13.08,80.27
Chennai,2024-12,7500000,Ciprofloxacin,Fluoroquinolone,Broad,0,16260,13.08,80.27
Chennai,2024-12,7500000,Doxycycline,Tetracycline,Broad,0,11288,13.08,80.27
Chennai,2024-12,7500000,Metronidazole,Nitroimidazole,Narrow,0,12594,13.08,80.27
Chennai,2024-12,7500000,Cotrimoxazole,Sulfonamide combination,Broad,1,11937,13.08,80.27
Chennai,2024-12,7500000,Meropenem,Carbapenem,Very Broad,0,939,13.08,80.27
Chennai,2025-01,7500000,Amoxicillin,Penicillin,Narrow,0,18505,13.08,80.27
Chennai,2025-01,7500000,Amoxicillin-Clavulanate,Penicillin + beta-lactamase inhibitor,Broad,1,36345,13.08,80.27
Chennai,2025-01,7500000,Azithromycin,Macrolide,Broad,0,24029,13.08,80.27
Chennai,2025-01,7500000,Cefixime,Cephalosporin,Broad,0,16183,13.08,80.27
Chennai,2025-01,7500000,Ceftriaxone,Cephalosporin,Broad,0,6180,13.08,80.27
Chennai,2025-01,7500000,Ciprofloxacin,Fluoroquinolone,Broad,0,16375,13.08,80.27
Chennai,2025-01,7500000,Doxycycline,Tetracycline,Broad,0,13160,13.08,80.27
Chennai,2025-01,7500000,Metronidazole,Nitroimidazole,Narrow,0,11427,13.08,80.27
Chennai,2025-01,7500000,Cotrimoxazole,Sulfonamide combination,Broad,1,13710,13.08,80.27
Chennai,2025-01,7500000,Meropenem,Carbapenem,Very Broad,0,917,13.08,80.27
Chennai,2025-02,7500000,Amoxicillin,Penicillin,Narrow,0,17995,13.08,80.27
Chennai,2025-02,7500000,Amoxicillin-Clavulanate,Penicillin + beta-lactamase inhibitor,Broad,1,39568,13.08,80.27
Chennai,2025-02,7500000,Azithromycin,Macrolide,Broad,0,28250,13.08,80.27
Chennai,2025-02,7500000,Cefixime,Cephalosporin,Broad,0,18739,13.08,80.27
Chennai,2025-02,7500000,Ceftriaxone,Cephalosporin,Broad,0,8251,13.08,80.27
Chennai,2025-02,7500000,Ciprofloxacin,Fluoroquinolone,Broad,0,16316,13.08,80.27
Chennai,2025-02,7500000,Doxycycline,Tetracycline,Broad,0,14754,13.08,80.27
Chennai,2025-02,7500000,Metronidazole,Nitroimidazole,Narrow,0,13806,13.08,80.27
Chennai,2025-02,7500000,Cotrimoxazole,Sulfonamide combination,Broad,1,13882,13.08,80.27
Chennai,2025-02,7500000,Meropenem,Carbapenem,Very Broad,0,1059,13.08,80.27
Chennai,2025-03,7500000,Amoxicillin,Penicillin,Narrow,0,20259,13.08,80.27
Chennai,2025-03,7500000,Amoxicillin-Clavulanate,Penicillin + beta-lactamase inhibitor,Broad,1,30338,13.08,80.27
Chennai,2025-03,7500000,Azithromycin,Macrolide,Broad,0,21517,13.08,80.27
Chennai,2025-03,7500000,Cefixime,Cephalosporin,Broad,0,21378,13.08,80.27
Chennai,2025-03,7500000,Ceftriaxone,Cephalosporin,Broad,0,7362,13.08,80.27
Chennai,2025-03,7500000,Ciprofloxacin,Fluoroquinolone,Broad,0,20193,13.08,80.27
Chennai,2025-03,7500000,Doxycycline,Tetracycline,Broad,0,16747,13.08,80.27
Chennai,2025-03,7500000,Metronidazole,Nitroimidazole,Narrow,0,12922,13.08,80.27
Chennai,2025-03,7500000,Cotrimoxazole,Sulfonamide combination,Broad,1,14093,13.08,80.27
Chennai,2025-03,7500000,Meropenem,Carbapenem,Very Broad,0,1143,13.08,80.27
Chennai,2025-04,7500000,Amoxicillin,Penicillin,Narrow,0,18528,13.08,80.27
Chennai,2025-04,7500000,Amoxicillin-Clavulanate,Penicillin + beta-lactamase inhibitor,Broad,1,35923,13.08,80.27
Chennai,2025-04,7500000,Azithromycin,Macrolide,Broad,0,27900,13.08,80.27
Chennai,2025-04,7500000,Cefixime,Cephalosporin,Broad,0,19253,13.08,80.27
Chennai,2025-04,7500000,Ceftriaxone,Cephalosporin,Broad,0,7644,13.08,80.27
Chennai,2025-04,7500000,Ciprofloxacin,Fluoroquinolone,Broad,0,17393,13.08,80.27
Chennai,2025-04,7500000,Doxycycline,Tetracycline,Broad,0,15327,13.08,80.27
Chennai,2025-04,7500000,Metronidazole,Nitroimidazole,Narrow,0,13595,13.08,80.27
Chennai,2025-04,7500000,Cotrimoxazole,Sulfonamide combination,Broad,1,14677,13.08,80.27
Chennai,2025-04,7500000,Meropenem,Carbapenem,Very Broad,0,1118,13.08,80.27
Chennai,2025-05,7500000,Amoxicillin,Penicillin,Narrow,0,18541,13.08,80.27
Chennai,2025-05,7500000,Amoxicillin-Clavulanate,Penicillin + beta-lactamase inhibitor,Broad,1,35687,13.08,80.27
Chennai,2025-05,7500000,Azithromycin,Macrolide,Broad,0,24414,13.08,80.27
Chennai,2025-05,7500000,Cefixime,Cephalosporin,Broad,0,18930,13.08,80.27
Chennai,2025-05,7500000,Ceftriaxone,Cephalosporin,Broad,0,7854,13.08,80.27
Chennai,2025-05,7500000,Ciprofloxacin,Fluoroquinolone,Broad,0,18369,13.08,80.27
Chennai,2025-05,7500000,Doxycycline,Tetracycline,Broad,0,15961,13.08,80.27
Chennai,2025-05,7500000,Metronidazole,Nitroimidazole,Narrow,0,14085,13.08,80.27
Chennai,2025-05,7500000,Cotrimoxazole,Sulfonamide combination,Broad,1,16094,13.08,80.27
Chennai,2025-05,7500000,Meropenem,Carbapenem,Very Broad,0,1055,13.08,80.27
Chennai,2025-06,7500000,Amoxicillin,Penicillin,Narrow,0,17084,13.08,80.27
Chennai,2025-06,7500000,Amoxicillin-Clavulanate,Penicillin + beta-lactamase inhibitor,Broad,1,45293,13.08,80.27
Chennai,2025-06,7500000,Azithromycin,Macrolide,Broad,0,27256,13.08,80.27
Chennai,2025-06,7500000,Cefixime,Cephalosporin,Broad,0,18810,13.08,80.27
Chennai,2025-06,7500000,Ceftriaxone,Cephalosporin,Broad,0,8027,13.08,80.27
Chennai,2025-06,7500000,Ciprofloxacin,Fluoroquinolone,Broad,0,18141,13.08,80.27
Chennai,2025-06,7500000,Doxycycline,Tetracycline,Broad,0,14393,13.08,80.27
Chennai,2025-06,7500000,Metronidazole,Nitroimidazole,Narrow,0,12404,13.08,80.27
Chennai,2025-06,7500000,Cotrimoxazole,Sulfonamide combination,Broad,1,23846,13.08,80.27
Chennai,2025-06,7500000,Meropenem,Carbapenem,Very Broad,0,1092,13.08,80.27
Chennai,2025-07,7500000,Amoxicillin,Penicillin,Narrow,0,17855,13.08,80.27
Chennai,2025-07,7500000,Amoxicillin-Clavulanate,Penicillin + beta-lactamase inhibitor,Broad,1,41951,13.08,80.27
Chennai,2025-07,7500000,Azithromycin,Macrolide,Broad,0,23254,13.08,80.27
Chennai,2025-07,7500000,Cefixime,Cephalosporin,Broad,0,18683,13.08,80.27
Chennai,2025-07,7500000,Ceftriaxone,Cephalosporin,Broad,0,11854,13.08,80.27
Chennai,2025-07,7500000,Ciprofloxacin,Fluoroquinolone,Broad,0,18862,13.08,80.27
Chennai,2025-07,7500000,Doxycycline,Tetracycline,Broad,0,12910,13.08,80.27
Chennai,2025-07,7500000,Metronidazole,Nitroimidazole,Narrow,0,13721,13.08,80.27
Chennai,2025-07,7500000,Cotrimoxazole,Sulfonamide combination,Broad,1,14303,13.08,80.27
Chennai,2025-07,7500000,Meropenem,Carbapenem,Very Broad,0,953,13.08,80.27
Chennai,2025-08,7500000,Amoxicillin,Penicillin,Narrow,0,17066,13.08,80.27
Chennai,2025-08,7500000,Amoxicillin-Clavulanate,Penicillin + beta-lactamase inhibitor,Broad,1,34145,13.08,80.27
Chennai,2025-08,7500000,Azithromycin,Macrolide,Broad,0,20967,13.08,80.27
Chennai,2025-08,7500000,Cefixime,Cephalosporin,Broad,0,18050,13.08,80.27
Chennai,2025-08,7500000,Ceftriaxone,Cephalosporin,Broad,0,7326,13.08,80.27
Chennai,2025-08,7500000,Ciprofloxacin,Fluoroquinolone,Broad,0,17959,13.08,80.27
Chennai,2025-08,7500000,Doxycycline,Tetracycline,Broad,0,14135,13.08,80.27
Chennai,2025-08,7500000,Metronidazole,Nitroimidazole,Narrow,0,12504,13.08,80.27
Chennai,2025-08,7500000,Cotrimoxazole,Sulfonamide combination,Broad,1,12824,13.08,80.27
Chennai,2025-08,7500000,Meropenem,Carbapenem,Very Broad,0,874,13.08,80.27
Chennai,2025-09,7500000,Amoxicillin,Penicillin,Narrow,0,17198,13.08,80.27
Chennai,2025-09,7500000,Amoxicillin-Clavulanate,Penicillin + beta-lactamase inhibitor,Broad,1,30612,13.08,80.27
Chennai,2025-09,7500000,Azithromycin,Macrolide,Broad,0,21089,13.08,80.27
Chennai,2025-09,7500000,Cefixime,Cephalosporin,Broad,0,17259,13.08,80.27
Chennai,2025-09,7500000,Ceftriaxone,Cephalosporin,Broad,0,6348,13.08,80.27
Chennai,2025-09,7500000,Ciprofloxacin,Fluoroquinolone,Broad,0,14270,13.08,80.27
Chennai,2025-09,7500000,Doxycycline,Tetracycline,Broad,0,15714,13.08,80.27
Chennai,2025-09,7500000,Metronidazole,Nitroimidazole,Narrow,0,11966,13.08,80.27
Chennai,2025-09,7500000,Cotrimoxazole,Sulfonamide combination,Broad,1,12285,13.08,80.27
Chennai,2025-09,7500000,Meropenem,Carbapenem,Very Broad,0,866,13.08,80.27
Chennai,2025-10,7500000,Amoxicillin,Penicillin,Narrow,0,18115,13.08,80.27
Chennai,2025-10,7500000,Amoxicillin-Clavulanate,Penicillin + beta-lactamase inhibitor,Broad,1,31450,13.08,80.27
Chennai,2025-10,7500000,Azithromycin,Macrolide,Broad,0,23131,13.08,80.27
Chennai,2025-10,7500000,Cefixime,Cephalosporin,Broad,0,15681,13.08,80.27
Chennai,2025-10,7500000,Ceftriaxone,Cephalosporin,Broad,0,6602,13.08,80.27
Chennai,2025-10,7500000,Ciprofloxacin,Fluoroquinolone,Broad,0,16258,13.08,80.27
Chennai,2025-10,7500000,Doxycycline,Tetracycline,Broad,0,12455,13.08,80.27
Chennai,2025-10,7500000,Metronidazole,Nitroimidazole,Narrow,0,12132,13.08,80.27
Chennai,2025-10,7500000,Cotrimoxazole,Sulfonamide combination,Broad,1,11930,13.08,80.27
Chennai,2025-10,7500000,Meropenem,Carbapenem,Very Broad,0,843,13.08,80.27
Chennai,2025-11,7500000,Amoxicillin,Penicillin,Narrow,0,13894,13.08,80.27
Chennai,2025-11,7500000,Amoxicillin-Clavulanate,Penicillin + beta-lactamase inhibitor,Broad,1,31020,13.08,80.27
Chennai,2025-11,7500000,Azithromycin,Macrolide,Broad,0,23529,13.08,80.27
Chennai,2025-11,7500000,Cefixime,Cephalosporin,Broad,0,14816,13.08,80.27
Chennai,2025-11,7500000,Ceftriaxone,Cephalosporin,Broad,0,6815,13.08,80.27
Chennai,2025-11,7500000,Ciprofloxacin,Fluoroquinolone,Broad,0,15549,13.08,80.27
Chennai,2025-11,7500000,Doxycycline,Tetracycline,Broad,0,10691,13.08,80.27
Chennai,2025-11,7500000,Metronidazole,Nitroimidazole,Narrow,0,11050,13.08,80.27
Chennai,2025-11,7500000,Cotrimoxazole,Sulfonamide combination,Broad,1,12810,13.08,80.27
Chennai,2025-11,7500000,Meropenem,Carbapenem,Very Broad,0,913,13.08,80.27
Chennai,2025-12,7500000,Amoxicillin,Penicillin,Narrow,0,17240,13.08,80.27
Chennai,2025-12,7500000,Amoxicillin-Clavulanate,Penicillin + beta-lactamase inhibitor,Broad,1,35663,13.08,80.27
Chennai,2025-12,7500000,Azithromycin,Macrolide,Broad,0,24080,13.08,80.27
Chennai,2025-12,7500000,Cefixime,Cephalosporin,Broad,0,17889,13.08,80.27
Chennai,2025-12,7500000,Ceftriaxone,Cephalosporin,Broad,0,7541,13.08,80.27
Chennai,2025-12,7500000,Ciprofloxacin,Fluoroquinolone,Broad,0,17325,13.08,80.27
Chennai,2025-12,7500000,Doxycycline,Tetracycline,Broad,0,14233,13.08,80.27
Chennai,2025-12,7500000,Metronidazole,Nitroimidazole,Narrow,0,11643,13.08,80.27
Chennai,2025-12,7500000,Cotrimoxazole,Sulfonamide combination,Broad,1,14771,13.08,80.27
Chennai,2025-12,7500000,Meropenem,Carbapenem,Very Broad,0,820,13.08,80.27
Kolkata,2024-01,15000000,Amoxicillin,Penicillin,Narrow,0,35407,22.57,88.36
Kolkata,2024-01,15000000,Amoxicillin-Clavulanate,Penicillin + beta-lactamase inhibitor,Broad,1,82185,22.57,88.36
Kolkata,2024-01,15000000,Azithromycin,Macrolide,Broad,0,50681,22.57,88.36
Kolkata,2024-01,15000000,Cefixime,Cephalosporin,Broad,0,38453,22.57,88.36
Kolkata,2024-01,15000000,Ceftriaxone,Cephalosporin,Broad,0,16630,22.57,88.36
Kolkata,2024-01,15000000,Ciprofloxacin,Fluoroquinolone,Broad,0,36578,22.57,88.36
Kolkata,2024-01,15000000,Doxycycline,Tetracycline,Broad,0,29194,22.57,88.36
Kolkata,2024-01,15000000,Metronidazole,Nitroimidazole,Narrow,0,26726,22.57,88.36
Kolkata,2024-01,15000000,Cotrimoxazole,Sulfonamide combination,Broad,1,30434,22.57,88.36
Kolkata,2024-01,15000000,Meropenem,Carbapenem,Very Broad,0,1938,22.57,88.36
Kolkata,2024-02,15000000,Amoxicillin,Penicillin,Narrow,0,38616,22.57,88.36
Kolkata,2024-02,15000000,Amoxicillin-Clavulanate,Penicillin + beta-lactamase inhibitor,Broad,1,76044,22.57,88.36
Kolkata,2024-02,15000000,Azithromycin,Macrolide,Broad,0,60976,22.57,88.36
Kolkata,2024-02,15000000,Cefixime,Cephalosporin,Broad,0,46455,22.57,88.36
Kolkata,2024-02,15000000,Ceftriaxone,Cephalosporin,Broad,0,16869,22.57,88.36
Kolkata,2024-02,15000000,Ciprofloxacin,Fluoroquinolone,Broad,0,36345,22.57,88.36
Kolkata,2024-02,15000000,Doxycycline,Tetracycline,Broad,0,32692,22.57,88.36
Kolkata,2024-02,15000000,Metronidazole,Nitroimidazole,Narrow,0,30297,22.57,88.36
Kolkata,2024-02,15000000,Cotrimoxazole,Sulfonamide combination,Broad,1,30321,22.57,88.36
Kolkata,2024-02,15000000,Meropenem,Carbapenem,Very Broad,0,2256,22.57,88.36
Kolkata,2024-03,15000000,Amoxicillin,Penicillin,Narrow,0,36675,22.57,88.36
Kolkata,2024-03,15000000,Amoxicillin-Clavulanate,Penicillin + beta-lactamase inhibitor,Broad,1,80519,22.57,88.36
Kolkata,2024-03,15000000,Azithromycin,Macrolide,Broad,0,57534,22.57,88.36
Kolkata,2024-03,15000000,Cefixime,Cephalosporin,Broad,0,38531,22.57,88.36
Kolkata,2024-03,15000000,Ceftriaxone,Cephalosporin,Broad,0,17432,22.57,88.36
Kolkata,2024-03,15000000,Ciprofloxacin,Fluoroquinolone,Broad,0,39827,22.57,88.36
Kolkata,2024-03,15000000,Doxycycline,Tetracycline,Broad,0,33627,22.57,88.36
Kolkata,2024-03,15000000,Metronidazole,Nitroimidazole,Narrow,0,27579,22.57,88.36
Kolkata,2024-03,15000000,Cotrimoxazole,Sulfonamide combination,Broad,1,35695,22.57,88.36
Kolkata,2024-03,15000000,Meropenem,Carbapenem,Very Broad,0,2392,22.57,88.36
Kolkata,2024-04,15000000,Amoxicillin,Penicillin,Narrow,0,35239,22.57,88.36
Kolkata,2024-04,15000000,Amoxicillin-Clavulanate,Penicillin + beta-lactamase inhibitor,Broad,1,85285,22.57,88.36
Kolkata,2024-04,15000000,Azithromycin,Macrolide,Broad,0,54736,22.57,88.36
Kolkata,2024-04,15000000,Cefixime,Cephalosporin,Broad,0,39245,22.57,88.36
Kolkata,2024-04,15000000,Ceftriaxone,Cephalosporin,Broad,0,18064,22.57,88.36
Kolkata,2024-04,15000000,Ciprofloxacin,Fluoroquinolone,Broad,0,42339,22.57,88.36
Kolkata,2024-04,15000000,Doxycycline,Tetracycline,Broad,0,32648,22.57,88.36
Kolkata,2024-04,15000000,Metronidazole,Nitroimidazole,Narrow,0,29914,22.57,88.36
Kolkata,2024-04,15000000,Cotrimoxazole,Sulfonamide combination,Broad,1,32487,22.57,88.36
Kolkata,2024-04,15000000,Meropenem,Carbapenem,Very Broad,0,2447,22.57,88.36
Kolkata,2024-05,15000000,Amoxicillin,Penicillin,Narrow,0,45563,22.57,88.36
Kolkata,2024-05,15000000,Amoxicillin-Clavulanate,Penicillin + beta-lactamase inhibitor,Broad,1,88869,22.57,88.36
Kolkata,2024-05,15000000,Azithromycin,Macrolide,Broad,0,52101,22.57,88.36
Kolkata,2024-05,15000000,Cefixime,Cephalosporin,Broad,0,42097,22.57,88.36
Kolkata,2024-05,15000000,Ceftriaxone,Cephalosporin,Broad,0,17082,22.57,88.36
Kolkata,2024-05,15000000,Ciprofloxacin,Fluoroquinolone,Broad,0,38616,22.57,88.36
Kolkata,2024-05,15000000,Doxycycline,Tetracycline,Broad,0,31015,22.57,88.36
Kolkata,2024-05,15000000,Metronidazole,Nitroimidazole,Narrow,0,28990,22.57,88.36
Kolkata,2024-05,15000000,Cotrimoxazole,Sulfonamide combination,Broad,1,35794,22.57,88.36
Kolkata,2024-05,15000000,Meropenem,Carbapenem,Very Broad,0,2243,22.57,88.36
Kolkata,2024-06,15000000,Amoxicillin,Penicillin,Narrow,0,37080,22.57,88.36
Kolkata,2024-06,15000000,Amoxicillin-Clavulanate,Penicillin + beta-lactamase inhibitor,Broad,1,88322,22.57,88.36
Kolkata,2024-06,15000000,Azithromycin,Macrolide,Broad,0,61295,22.57,88.36
Kolkata,2024-06,15000000,Cefixime,Cephalosporin,Broad,0,40430,22.57,88.36
Kolkata,2024-06,15000000,Ceftriaxone,Cephalosporin,Broad,0,16705,22.57,88.36
Kolkata,2024-06,15000000,Ciprofloxacin,Fluoroquinolone,Broad,0,33894,22.57,88.36
Kolkata,2024-06,15000000,Doxycycline,Tetracycline,Broad,0,29603,22.57,88.36
Kolkata,2024-06,15000000,Metronidazole,Nitroimidazole,Narrow,0,26215,22.57,88.36
Kolkata,2024-06,15000000,Cotrimoxazole,Sulfonamide combination,Broad,1,32891,22.57,88.36
Kolkata,2024-06,15000000,Meropenem,Carbapenem,Very Broad,0,2361,22.57,88.36
Kolkata,2024-07,15000000,Amoxicillin,Penicillin,Narrow,0,37722,22.57,88.36
Kolkata,2024-07,15000000,Amoxicillin-Clavulanate,Penicillin + beta-lactamase inhibitor,Broad,1,69669,22.57,88.36
Kolkata,2024-07,15000000,Azithromycin,Macrolide,Broad,0,47361,22.57,88.36
Kolkata,2024-07,15000000,Cefixime,Cephalosporin,Broad,0,38010,22.57,88.36
Kolkata,2024-07,15000000,Ceftriaxone,Cephalosporin,Broad,0,14809,22.57,88.36
Kolkata,2024-07,15000000,Ciprofloxacin,Fluoroquinolone,Broad,0,39323,22.57,88.36
Kolkata,2024-07,15000000,Doxycycline,Tetracycline,Broad,0,26551,22.57,88.36
Kolkata,2024-07,15000000,Metronidazole,Nitroimidazole,Narrow,0,27449,22.57,88.36
Kolkata,2024-07,15000000,Cotrimoxazole,Sulfonamide combination,Broad,1,26699,22.57,88.36
Kolkata,2024-07,15000000,Meropenem,Carbapenem,Very Broad,0,2118,22.57,88.36
Kolkata,2024-08,15000000,Amoxicillin,Penicillin,Narrow,0,34169,22.57,88.36
Kolkata,2024-08,15000000,Amoxicillin-Clavulanate,Penicillin + beta-lactamase inhibitor,Broad,1,58318,22.57,88.36
Kolkata,2024-08,15000000,Azithromycin,Macrolide,Broad,0,43632,22.57,88.36
Kolkata,2024-08,15000000,Cefixime,Cephalosporin,Broad,0,36246,22.57,88.36
Kolkata,2024-08,15000000,Ceftriaxone,Cephalosporin,Broad,0,15441,22.57,88.36
Kolkata,2024-08,15000000,Ciprofloxacin,Fluoroquinolone,Broad,0,31633,22.57,88.36
Kolkata,2024-08,15000000,Doxycycline,Tetracycline,Broad,0,27275,22.57,88.36
Kolkata,2024-08,15000000,Metronidazole,Nitroimidazole,Narrow,0,26489,22.57,88.36
Kolkata,2024-08,15000000,Cotrimoxazole,Sulfonamide combination,Broad,1,27444,22.57,88.36
Kolkata,2024-08,15000000,Meropenem,Carbapenem,Very Broad,0,1901,22.57,88.36
Kolkata,2024-09,15000000,Amoxicillin,Penicillin,Narrow,0,35358,22.57,88.36
Kolkata,2024-09,15000000,Amoxicillin-Clavulanate,Penicillin + beta-lactamase inhibitor,Broad,1,77378,22.57,88.36
Kolkata,2024-09,15000000,Azithromycin,Macrolide,Broad,0,45200,22.57,88.36
Kolkata,2024-09,15000000,Cefixime,Cephalosporin,Broad,0,35003,22.57,88.36
Kolkata,2024-09,15000000,Ceftriaxone,Cephalosporin,Broad,0,16617,22.57,88.36
Kolkata,2024-09,15000000,Ciprofloxacin,Fluoroquinolone,Broad,0,37328,22.57,88.36
Kolkata,2024-09,15000000,Doxycycline,Tetracycline,Broad,0,29365,22.57,88.36
Kolkata,2024-09,15000000,Metronidazole,Nitroimidazole,Narrow,0,25836,22.57,88.36
Kolkata,2024-09,15000000,Cotrimoxazole,Sulfonamide combination,Broad,1,32305,22.57,88.36
Kolkata,2024-09,15000000,Meropenem,Carbapenem,Very Broad,0,2152,22.57,88.36
Kolkata,2024-10,15000000,Amoxicillin,Penicillin,Narrow,0,31706,22.57,88.36
Kolkata,2024-10,15000000,Amoxicillin-Clavulanate,Penicillin + beta-lactamase inhibitor,Broad,1,74172,22.57,88.36
Kolkata,2024-10,15000000,Azithromycin,Macrolide,Broad,0,45347,22.57,88.36
Kolkata,2024-10,15000000,Cefixime,Cephalosporin,Broad,0,33507,22.57,88.36
Kolkata,2024-10,15000000,Ceftriaxone,Cephalosporin,Broad,0,13336,22.57,88.36
Kolkata,2024-10,15000000,Ciprofloxacin,Fluoroquinolone,Broad,0,31334,22.57,88.36
Kolkata,2024-10,15000000,Doxycycline,Tetracycline,Broad,0,25687,22.57,88.36
Kolkata,2024-10,15000000,Metronidazole,Nitroimidazole,Narrow,0,23845,22.57,88.36
Kolkata,2024-10,15000000,Cotrimoxazole,Sulfonamide combination,Broad,1,27778,22.57,88.36
Kolkata,2024-10,15000000,Meropenem,Carbapenem,Very Broad,0,1953,22.57,88.36
Kolkata,2024-11,15000000,Amoxicillin,Penicillin,Narrow,0,34446,22.57,88.36
Kolkata,2024-11,15000000,Amoxicillin-Clavulanate,Penicillin + beta-lactamase inhibitor,Broad,1,68491,22.57,88.36
Kolkata,2024-11,15000000,Azithromycin,Macrolide,Broad,0,57894,22.57,88.36
Kolkata,2024-11,15000000,Cefixime,Cephalosporin,Broad,0,35793,22.57,88.36
Kolkata,2024-11,15000000,Ceftriaxone,Cephalosporin,Broad,0,15696,22.57,88.36
Kolkata,2024-11,15000000,Ciprofloxacin,Fluoroquinolone,Broad,0,26915,22.57,88.36
Kolkata,2024-11,15000000,Doxycycline,Tetracycline,Broad,0,22497,22.57,88.36
Kolkata,2024-11,15000000,Metronidazole,Nitroimidazole,Narrow,0,24460,22.57,88.36
Kolkata,2024-11,15000000,Cotrimoxazole,Sulfonamide combination,Broad,1,25641,22.57,88.36
Kolkata,2024-11,15000000,Meropenem,Carbapenem,Very Broad,0,2501,22.57,88.36
Kolkata,2024-12,15000000,Amoxicillin,Penicillin,Narrow,0,41867,22.57,88.36
Kolkata,2024-12,15000000,Amoxicillin-Clavulanate,Penicillin + beta-lactamase inhibitor,Broad,1,80207,22.57,88.36
Kolkata,2024-12,15000000,Azithromycin,Macrolide,Broad,0,58581,22.57,88.36
Kolkata,2024-12,15000000,Cefixime,Cephalosporin,Broad,0,45967,22.57,88.36
Kolkata,2024-12,15000000,Ceftriaxone,Cephalosporin,Broad,0,14109,22.57,88.36
Kolkata,2024-12,15000000,Ciprofloxacin,Fluoroquinolone,Broad,0,32699,22.57,88.36
Kolkata,2024-12,15000000,Doxycycline,Tetracycline,Broad,0,29999,22.57,88.36
Kolkata,2024-12,15000000,Metronidazole,Nitroimidazole,Narrow,0,26391,22.57,88.36
Kolkata,2024-12,15000000,Cotrimoxazole,Sulfonamide combination,Broad,1,29643,22.57,88.36
Kolkata,2024-12,15000000,Meropenem,Carbapenem,Very Broad,0,1710,22.57,88.36
Kolkata,2025-01,15000000,Amoxicillin,Penicillin,Narrow,0,40012,22.57,88.36
Kolkata,2025-01,15000000,Amoxicillin-Clavulanate,Penicillin + beta-lactamase inhibitor,Broad,1,90033,22.57,88.36
Kolkata,2025-01,15000000,Azithromycin,Macrolide,Broad,0,54873,22.57,88.36
Kolkata,2025-01,15000000,Cefixime,Cephalosporin,Broad,0,46477,22.57,88.36
Kolkata,2025-01,15000000,Ceftriaxone,Cephalosporin,Broad,0,17641,22.57,88.36
Kolkata,2025-01,15000000,Ciprofloxacin,Fluoroquinolone,Broad,0,34446,22.57,88.36
Kolkata,2025-01,15000000,Doxycycline,Tetracycline,Broad,0,27872,22.57,88.36
Kolkata,2025-01,15000000,Metronidazole,Nitroimidazole,Narrow,0,26450,22.57,88.36
Kolkata,2025-01,15000000,Cotrimoxazole,Sulfonamide combination,Broad,1,30802,22.57,88.36
Kolkata,2025-01,15000000,Meropenem,Carbapenem,Very Broad,0,2288,22.57,88.36
Kolkata,2025-02,15000000,Amoxicillin,Penicillin,Narrow,0,38413,22.57,88.36
Kolkata,2025-02,15000000,Amoxicillin-Clavulanate,Penicillin + beta-lactamase inhibitor,Broad,1,91458,22.57,88.36
Kolkata,2025-02,15000000,Azithromycin,Macrolide,Broad,0,56957,22.57,88.36
Kolkata,2025-02,15000000,Cefixime,Cephalosporin,Broad,0,39576,22.57,88.36
Kolkata,2025-02,15000000,Ceftriaxone,Cephalosporin,Broad,0,18153,22.57,88.36
Kolkata,2025-02,15000000,Ciprofloxacin,Fluoroquinolone,Broad,0,39050,22.57,88.36
Kolkata,2025-02,15000000,Doxycycline,Tetracycline,Broad,0,33976,22.57,88.36
Kolkata,2025-02,15000000,Metronidazole,Nitroimidazole,Narrow,0,28771,22.57,88.36
Kolkata,2025-02,15000000,Cotrimoxazole,Sulfonamide combination,Broad,1,30969,22.57,88.36
Kolkata,2025-02,15000000,Meropenem,Carbapenem,Very Broad,0,2322,22.57,88.36
Kolkata,2025-03,15000000,Amoxicillin,Penicillin,Narrow,0,38817,22.57,88.36
Kolkata,2025-03,15000000,Amoxicillin-Clavulanate,Penicillin + beta-lactamase inhibitor,Broad,1,93106,22.57,88.36
Kolkata,2025-03,15000000,Azithromycin,Macrolide,Broad,0,57045,22.57,88.36
Kolkata,2025-03,15000000,Cefixime,Cephalosporin,Broad,0,44367,22.57,88.36
Kolkata,2025-03,15000000,Ceftriaxone,Cephalosporin,Broad,0,14873,22.57,88.36
Kolkata,2025-03,15000000,Ciprofloxacin,Fluoroquinolone,Broad,0,38237,22.57,88.36
Kolkata,2025-03,15000000,Doxycycline,Tetracycline,Broad,0,29459,22.57,88.36
Kolkata,2025-03,15000000,Metronidazole,Nitroimidazole,Narrow,0,31639,22.57,88.36
Kolkata,2025-03,15000000,Cotrimoxazole,Sulfonamide combination,Broad,1,33821,22.57,88.36
Kolkata,2025-03,15000000,Meropenem,Carbapenem,Very Broad,0,2592,22.57,88.36
Kolkata,2025-04,15000000,Amoxicillin,Penicillin,Narrow,0,39679,22.57,88.36
Kolkata,2025-04,15000000,Amoxicillin-Clavulanate,Penicillin + beta-lactamase inhibitor,Broad,1,87813,22.57,88.36
Kolkata,2025-04,15000000,Azithromycin,Macrolide,Broad,0,65158,22.57,88.36
Kolkata,2025-04,15000000,Cefixime,Cephalosporin,Broad,0,41666,22.57,88.36
Kolkata,2025-04,15000000,Ceftriaxone,Cephalosporin,Broad,0,20625,22.57,88.36
Kolkata,2025-04,15000000,Ciprofloxacin,Fluoroquinolone,Broad,0,44300,22.57,88.36
Kolkata,2025-04,15000000,Doxycycline,Tetracycline,Broad,0,34132,22.57,88.36
Kolkata,2025-04,15000000,Metronidazole,Nitroimidazole,Narrow,0,27360,22.57,88.36
Kolkata,2025-04,15000000,Cotrimoxazole,Sulfonamide combination,Broad,1,31180,22.57,88.36
Kolkata,2025-04,15000000,Meropenem,Carbapenem,Very Broad,0,2525,22.57,88.36
Kolkata,2025-05,15000000,Amoxicillin,Penicillin,Narrow,0,40372,22.57,88.36
Kolkata,2025-05,15000000,Amoxicillin-Clavulanate,Penicillin + beta-lactamase inhibitor,Broad,1,84539,22.57,88.36
Kolkata,2025-05,15000000,Azithromycin,Macrolide,Broad,0,62463,22.57,88.36
Kolkata,2025-05,15000000,Cefixime,Cephalosporin,Broad,0,42196,22.57,88.36
Kolkata,2025-05,15000000,Ceftriaxone,Cephalosporin,Broad,0,19135,22.57,88.36
Kolkata,2025-05,15000000,Ciprofloxacin,Fluoroquinolone,Broad,0,39363,22.57,88.36
Kolkata,2025-05,15000000,Doxycycline,Tetracycline,Broad,0,35142,22.57,88.36
Kolkata,2025-05,15000000,Metronidazole,Nitroimidazole,Narrow,0,28309,22.57,88.36
Kolkata,2025-05,15000000,Cotrimoxazole,Sulfonamide combination,Broad,1,38498,22.57,88.36
Kolkata,2025-05,15000000,Meropenem,Carbapenem,Very Broad,0,2135,22.57,88.36
Kolkata,2025-06,15000000,Amoxicillin,Penicillin,Narrow,0,34986,22.57,88.36
Kolkata,2025-06,15000000,Amoxicillin-Clavulanate,Penicillin + beta-lactamase inhibitor,Broad,1,80255,22.57,88.36
Kolkata,2025-06,15000000,Azithromycin,Macrolide,Broad,0,52922,22.57,88.36
Kolkata,2025-06,15000000,Cefixime,Cephalosporin,Broad,0,46120,22.57,88.36
Kolkata,2025-06,15000000,Ceftriaxone,Cephalosporin,Broad,0,17504,22.57,88.36
Kolkata,2025-06,15000000,Ciprofloxacin,Fluoroquinolone,Broad,0,38339,22.57,88.36
Kolkata,2025-06,15000000,Doxycycline,Tetracycline,Broad,0,34064,22.57,88.36
Kolkata,2025-06,15000000,Metronidazole,Nitroimidazole,Narrow,0,28301,22.57,88.36
Kolkata,2025-06,15000000,Cotrimoxazole,Sulfonamide combination,Broad,1,35165,22.57,88.36
Kolkata,2025-06,15000000,Meropenem,Carbapenem,Very Broad,0,2344,22.57,88.36
Kolkata,2025-07,15000000,Amoxicillin,Penicillin,Narrow,0,37449,22.57,88.36
Kolkata,2025-07,15000000,Amoxicillin-Clavulanate,Penicillin + beta-lactamase inhibitor,Broad,1,81911,22.57,88.36
Kolkata,2025-07,15000000,Azithromycin,Macrolide,Broad,0,53272,22.57,88.36
Kolkata,2025-07,15000000,Cefixime,Cephalosporin,Broad,0,43683,22.57,88.36
Kolkata,2025-07,15000000,Ceftriaxone,Cephalosporin,Broad,0,16781,22.57,88.36
Kolkata,2025-07,15000000,Ciprofloxacin,Fluoroquinolone,Broad,0,39679,22.57,88.36
Kolkata,2025-07,15000000,Doxycycline,Tetracycline,Broad,0,32563,22.57,88.36
Kolkata,2025-07,15000000,Metronidazole,Nitroimidazole,Narrow,0,28990,22.57,88.36
Kolkata,2025-07,15000000,Cotrimoxazole,Sulfonamide combination,Broad,1,32126,22.57,88.36
Kolkata,2025-07,15000000,Meropenem,Carbapenem,Very Broad,0,2157,22.57,88.36
Kolkata,2025-08,15000000,Amoxicillin,Penicillin,Narrow,0,35727,22.57,88.36
Kolkata,2025-08,15000000,Amoxicillin-Clavulanate,Penicillin + beta-lactamase inhibitor,Broad,1,82104,22.57,88.36
Kolkata,2025-08,15000000,Azithromycin,Macrolide,Broad,0,54406,22.57,88.36
Kolkata,2025-08,15000000,Cefixime,Cephalosporin,Broad,0,38849,22.57,88.36
Kolkata,2025-08,15000000,Ceftriaxone,Cephalosporin,Broad,0,15400,22.57,88.36
Kolkata,2025-08,15000000,Ciprofloxacin,Fluoroquinolone,Broad,0,40303,22.57,88.36
Kolkata,2025-08,15000000,Doxycycline,Tetracycline,Broad,0,45959,22.57,88.36
Kolkata,2025-08,15000000,Metronidazole,Nitroimidazole,Narrow,0,25528,22.57,88.36
Kolkata,2025-08,15000000,Cotrimoxazole,Sulfonamide combination,Broad,1,32420,22.57,88.36
Kolkata,2025-08,15000000,Meropenem,Carbapenem,Very Broad,0,2120,22.57,88.36
Kolkata,2025-09,15000000,Amoxicillin,Penicillin,Narrow,0,29076,22.57,88.36
Kolkata,2025-09,15000000,Amoxicillin-Clavulanate,Penicillin + beta-lactamase inhibitor,Broad,1,112399,22.57,88.36
Kolkata,2025-09,15000000,Azithromycin,Macrolide,Broad,0,53351,22.57,88.36
Kolkata,2025-09,15000000,Cefixime,Cephalosporin,Broad,0,39129,22.57,88.36
Kolkata,2025-09,15000000,Ceftriaxone,Cephalosporin,Broad,0,15287,22.57,88.36
Kolkata,2025-09,15000000,Ciprofloxacin,Fluoroquinolone,Broad,0,33579,22.57,88.36
Kolkata,2025-09,15000000,Doxycycline,Tetracycline,Broad,0,26193,22.57,88.36
Kolkata,2025-09,15000000,Metronidazole,Nitroimidazole,Narrow,0,21473,22.57,88.36
Kolkata,2025-09,15000000,Cotrimoxazole,Sulfonamide combination,Broad,1,30807,22.57,88.36
Kolkata,2025-09,15000000,Meropenem,Carbapenem,Very Broad,0,2106,22.57,88.36
Kolkata,2025-10,15000000,Amoxicillin,Penicillin,Narrow,0,33111,22.57,88.36
Kolkata,2025-10,15000000,Amoxicillin-Clavulanate,Penicillin + beta-lactamase inhibitor,Broad,1,73283,22.57,88.36
Kolkata,2025-10,15000000,Azithromycin,Macrolide,Broad,0,43674,22.57,88.36
Kolkata,2025-10,15000000,Cefixime,Cephalosporin,Broad,0,31322,22.57,88.36
Kolkata,2025-10,15000000,Ceftriaxone,Cephalosporin,Broad,0,14446,22.57,88.36
Kolkata,2025-10,15000000,Ciprofloxacin,Fluoroquinolone,Broad,0,34832,22.57,88.36
Kolkata,2025-10,15000000,Doxycycline,Tetracycline,Broad,0,23484,22.57,88.36
Kolkata,2025-10,15000000,Metronidazole,Nitroimidazole,Narrow,0,26764,22.57,88.36
Kolkata,2025-10,15000000,Cotrimoxazole,Sulfonamide combination,Broad,1,30273,22.57,88.36
Kolkata,2025-10,15000000,Meropenem,Carbapenem,Very Broad,0,2245,22.57,88.36
Kolkata,2025-11,15000000,Amoxicillin,Penicillin,Narrow,0,31375,22.57,88.36
Kolkata,2025-11,15000000,Amoxicillin-Clavulanate,Penicillin + beta-lactamase inhibitor,Broad,1,79175,22.57,88.36
Kolkata,2025-11,15000000,Azithromycin,Macrolide,Broad,0,53990,22.57,88.36
Kolkata,2025-11,15000000,Cefixime,Cephalosporin,Broad,0,38251,22.57,88.36
Kolkata,2025-11,15000000,Ceftriaxone,Cephalosporin,Broad,0,15417,22.57,88.36
Kolkata,2025-11,15000000,Ciprofloxacin,Fluoroquinolone,Broad,0,35457,22.57,88.36
Kolkata,2025-11,15000000,Doxycycline,Tetracycline,Broad,0,26336,22.57,88.36
Kolkata,2025-11,15000000,Metronidazole,Nitroimidazole,Narrow,0,27079,22.57,88.36
Kolkata,2025-11,15000000,Cotrimoxazole,Sulfonamide combination,Broad,1,32298,22.57,88.36
Kolkata,2025-11,15000000,Meropenem,Carbapenem,Very Broad,0,2136,22.57,88.36
Kolkata,2025-12,15000000,Amoxicillin,Penicillin,Narrow,0,35330,22.57,88.36
Kolkata,2025-12,15000000,Amoxicillin-Clavulanate,Penicillin + beta-lactamase inhibitor,Broad,1,81570,22.57,88.36
Kolkata,2025-12,15000000,Azithromycin,Macrolide,Broad,0,51390,22.57,88.36
Kolkata,2025-12,15000000,Cefixime,Cephalosporin,Broad,0,39300,22.57,88.36
Kolkata,2025-12,15000000,Ceftriaxone,Cephalosporin,Broad,0,13910,22.57,88.36
Kolkata,2025-12,15000000,Ciprofloxacin,Fluoroquinolone,Broad,0,39182,22.57,88.36
Kolkata,2025-12,15000000,Doxycycline,Tetracycline,Broad,0,25288,22.57,88.36
Kolkata,2025-12,15000000,Metronidazole,Nitroimidazole,Narrow,0,24495,22.57,88.36
Kolkata,2025-12,15000000,Cotrimoxazole,Sulfonamide combination,Broad,1,31112,22.57,88.36
Kolkata,2025-12,15000000,Meropenem,Carbapenem,Very Broad,0,2358,22.57,88.36
Pune,2024-01,7000000,Amoxicillin,Penicillin,Narrow,0,16129,18.52,73.86
Pune,2024-01,7000000,Amoxicillin-Clavulanate,Penicillin + beta-lactamase inhibitor,Broad,1,30854,18.52,73.86
Pune,2024-01,7000000,Azithromycin,Macrolide,Broad,0,20492,18.52,73.86
Pune,2024-01,7000000,Cefixime,Cephalosporin,Broad,0,13803,18.52,73.86
Pune,2024-01,7000000,Ceftriaxone,Cephalosporin,Broad,0,6980,18.52,73.86
Pune,2024-01,7000000,Ciprofloxacin,Fluoroquinolone,Broad,0,14226,18.52,73.86
Pune,2024-01,7000000,Doxycycline,Tetracycline,Broad,0,11909,18.52,73.86
Pune,2024-01,7000000,Metronidazole,Nitroimidazole,Narrow,0,10248,18.52,73.86
Pune,2024-01,7000000,Cotrimoxazole,Sulfonamide combination,Broad,1,10832,18.52,73.86
Pune,2024-01,7000000,Meropenem,Carbapenem,Very Broad,0,824,18.52,73.86
Pune,2024-02,7000000,Amoxicillin,Penicillin,Narrow,0,16353,18.52,73.86
Pune,2024-02,7000000,Amoxicillin-Clavulanate,Penicillin + beta-lactamase inhibitor,Broad,1,36338,18.52,73.86
Pune,2024-02,7000000,Azithromycin,Macrolide,Broad,0,23189,18.52,73.86
Pune,2024-02,7000000,Cefixime,Cephalosporin,Broad,0,16237,18.52,73.86
Pune,2024-02,7000000,Ceftriaxone,Cephalosporin,Broad,0,7953,18.52,73.86
Pune,2024-02,7000000,Ciprofloxacin,Fluoroquinolone,Broad,0,16420,18.52,73.86
Pune,2024-02,7000000,Doxycycline,Tetracycline,Broad,0,12760,18.52,73.86
Pune,2024-02,7000000,Metronidazole,Nitroimidazole,Narrow,0,12476,18.52,73.86
Pune,2024-02,7000000,Cotrimoxazole,Sulfonamide combination,Broad,1,13986,18.52,73.86
Pune,2024-02,7000000,Meropenem,Carbapenem,Very Broad,0,1012,18.52,73.86
Pune,2024-03,7000000,Amoxicillin,Penicillin,Narrow,0,17878,18.52,73.86
Pune,2024-03,7000000,Amoxicillin-Clavulanate,Penicillin + beta-lactamase inhibitor,Broad,1,33378,18.52,73.86
Pune,2024-03,7000000,Azithromycin,Macrolide,Broad,0,22929,18.52,73.86
Pune,2024-03,7000000,Cefixime,Cephalosporin,Broad,0,17549,18.52,73.86
Pune,2024-03,7000000,Ceftriaxone,Cephalosporin,Broad,0,7346,18.52,73.86
Pune,2024-03,7000000,Ciprofloxacin,Fluoroquinolone,Broad,0,18067,18.52,73.86
Pune,2024-03,7000000,Doxycycline,Tetracycline,Broad,0,14948,18.52,73.86
Pune,2024-03,7000000,Metronidazole,Nitroimidazole,Narrow,0,12722,18.52,73.86
Pune,2024-03,7000000,Cotrimoxazole,Sulfonamide combination,Broad,1,12816,18.52,73.86
Pune,2024-03,7000000,Meropenem,Carbapenem,Very Broad,0,983,18.52,73.86
Pune,2024-04,7000000,Amoxicillin,Penicillin,Narrow,0,19005,18.52,73.86
Pune,2024-04,7000000,Amoxicillin-Clavulanate,Penicillin + beta-lactamase inhibitor,Broad,1,33833,18.52,73.86
Pune,2024-04,7000000,Azithromycin,Macrolide,Broad,0,23001,18.52,73.86
Pune,2024-04,7000000,Cefixime,Cephalosporin,Broad,0,16697,18.52,73.86
Pune,2024-04,7000000,Ceftriaxone,Cephalosporin,Broad,0,8308,18.52,73.86
Pune,2024-04,7000000,Ciprofloxacin,Fluoroquinolone,Broad,0,16789,18.52,73.86
Pune,2024-04,7000000,Doxycycline,Tetracycline,Broad,0,15712,18.52,73.86
Pune,2024-04,7000000,Metronidazole,Nitroimidazole,Narrow,0,12727,18.52,73.86
Pune,2024-04,7000000,Cotrimoxazole,Sulfonamide combination,Broad,1,13672,18.52,73.86
Pune,2024-04,7000000,Meropenem,Carbapenem,Very Broad,0,1132,18.52,73.86
Pune,2024-05,7000000,Amoxicillin,Penicillin,Narrow,0,15401,18.52,73.86
Pune,2024-05,7000000,Amoxicillin-Clavulanate,Penicillin + beta-lactamase inhibitor,Broad,1,36612,18.52,73.86
Pune,2024-05,7000000,Azithromycin,Macrolide,Broad,0,22492,18.52,73.86
Pune,2024-05,7000000,Cefixime,Cephalosporin,Broad,0,17666,18.52,73.86
Pune,2024-05,7000000,Ceftriaxone,Cephalosporin,Broad,0,7048,18.52,73.86
Pune,2024-05,7000000,Ciprofloxacin,Fluoroquinolone,Broad,0,17047,18.52,73.86
Pune,2024-05,7000000,Doxycycline,Tetracycline,Broad,0,12780,18.52,73.86
Pune,2024-05,7000000,Metronidazole,Nitroimidazole,Narrow,0,12883,18.52,73.86
Pune,2024-05,7000000,Cotrimoxazole,Sulfonamide combination,Broad,1,13560,18.52,73.86
Pune,2024-05,7000000,Meropenem,Carbapenem,Very Broad,0,871,18.52,73.86
Pune,2024-06,7000000,Amoxicillin,Penicillin,Narrow,0,16891,18.52,73.86
Pune,2024-06,7000000,Amoxicillin-Clavulanate,Penicillin + beta-lactamase inhibitor,Broad,1,28719,18.52,73.86
Pune,2024-06,7000000,Azithromycin,Macrolide,Broad,0,22131,18.52,73.86
Pune,2024-06,7000000,Cefixime,Cephalosporin,Broad,0,17220,18.52,73.86
Pune,2024-06,7000000,Ceftriaxone,Cephalosporin,Broad,0,6898,18.52,73.86
Pune,2024-06,7000000,Ciprofloxacin,Fluoroquinolone,Broad,0,15792,18.52,73.86
Pune,2024-06,7000000,Doxycycline,Tetracycline,Broad,0,13255,18.52,73.86
Pune,2024-06,7000000,Metronidazole,Nitroimidazole,Narrow,0,11993,18.52,73.86
Pune,2024-06,7000000,Cotrimoxazole,Sulfonamide combination,Broad,1,13292,18.52,73.86
Pune,2024-06,7000000,Meropenem,Carbapenem,Very Broad,0,1006,18.52,73.86
Pune,2024-07,7000000,Amoxicillin,Penicillin,Narrow,0,17088,18.52,73.86
Pune,2024-07,7000000,Amoxicillin-Clavulanate,Penicillin + beta-lactamase inhibitor,Broad,1,29771,18.52,73.86
Pune,2024-07,7000000,Azithromycin,Macrolide,Broad,0,22162,18.52,73.86
Pune,2024-07,7000000,Cefixime,Cephalosporin,Broad,0,18058,18.52,73.86
Pune,2024-07,7000000,Ceftriaxone,Cephalosporin,Broad,0,6990,18.52,73.86
Pune,2024-07,7000000,Ciprofloxacin,Fluoroquinolone,Broad,0,13232,18.52,73.86
Pune,2024-07,7000000,Doxycycline,Tetracycline,Broad,0,12997,18.52,73.86
Pune,2024-07,7000000,Metronidazole,Nitroimidazole,Narrow,0,13100,18.52,73.86
Pune,2024-07,7000000,Cotrimoxazole,Sulfonamide combination,Broad,1,11712,18.52,73.86
Pune,2024-07,7000000,Meropenem,Carbapenem,Very Broad,0,921,18.52,73.86
Pune,2024-08,7000000,Amoxicillin,Penicillin,Narrow,0,13876,18.52,73.86
Pune,2024-08,7000000,Amoxicillin-Clavulanate,Penicillin + beta-lactamase inhibitor,Broad,1,28580,18.52,73.86
Pune,2024-08,7000000,Azithromycin,Macrolide,Broad,0,17750,18.52,73.86
Pune,2024-08,7000000,Cefixime,Cephalosporin,Broad,0,14922,18.52,73.86
Pune,2024-08,7000000,Ceftriaxone,Cephalosporin,Broad,0,6942,18.52,73.86
Pune,2024-08,7000000,Ciprofloxacin,Fluoroquinolone,Broad,0,12295,18.52,73.86
Pune,2024-08,7000000,Doxycycline,Tetracycline,Broad,0,10684,18.52,73.86
Pune,2024-08,7000000,Metronidazole,Nitroimidazole,Narrow,0,10478,18.52,73.86
Pune,2024-08,7000000,Cotrimoxazole,Sulfonamide combination,Broad,1,11058,18.52,73.86
Pune,2024-08,7000000,Meropenem,Carbapenem,Very Broad,0,779,18.52,73.86
Pune,2024-09,7000000,Amoxicillin,Penicillin,Narrow,0,16158,18.52,73.86
Pune,2024-09,7000000,Amoxicillin-Clavulanate,Penicillin + beta-lactamase inhibitor,Broad,1,28937,18.52,73.86
Pune,2024-09,7000000,Azithromycin,Macrolide,Broad,0,20525,18.52,73.86
Pune,2024-09,7000000,Cefixime,Cephalosporin,Broad,0,15260,18.52,73.86
Pune,2024-09,7000000,Ceftriaxone,Cephalosporin,Broad,0,5777,18.52,73.86
Pune,2024-09,7000000,Ciprofloxacin,Fluoroquinolone,Broad,0,14900,18.52,73.86
Pune,2024-09,7000000,Doxycycline,Tetracycline,Broad,0,10568,18.52,73.86
Pune,2024-09,7000000,Metronidazole,Nitroimidazole,Narrow,0,11654,18.52,73.86
Pune,2024-09,7000000,Cotrimoxazole,Sulfonamide combination,Broad,1,11936,18.52,73.86
Pune,2024-09,7000000,Meropenem,Carbapenem,Very Broad,0,800,18.52,73.86
Pune,2024-10,7000000,Amoxicillin,Penicillin,Narrow,0,15237,18.52,73.86
Pune,2024-10,7000000,Amoxicillin-Clavulanate,Penicillin + beta-lactamase inhibitor,Broad,1,21037,18.52,73.86
Pune,2024-10,7000000,Azithromycin,Macrolide,Broad,0,20623,18.52,73.86
Pune,2024-10,7000000,Cefixime,Cephalosporin,Broad,0,14271,18.52,73.86
Pune,2024-10,7000000,Ceftriaxone,Cephalosporin,Broad,0,5974,18.52,73.86
Pune,2024-10,7000000,Ciprofloxacin,Fluoroquinolone,Broad,0,14314,18.52,73.86
Pune,2024-10,7000000,Doxycycline,Tetracycline,Broad,0,11132,18.52,73.86
Pune,2024-10,7000000,Metronidazole,Nitroimidazole,Narrow,0,9838,18.52,73.86
Pune,2024-10,7000000,Cotrimoxazole,Sulfonamide combination,Broad,1,10411,18.52,73.86
Pune,2024-10,7000000,Meropenem,Carbapenem,Very Broad,0,762,18.52,73.86
Pune,2024-11,7000000,Amoxicillin,Penicillin,Narrow,0,15236,18.52,73.86
Pune,2024-11,7000000,Amoxicillin-Clavulanate,Penicillin + beta-lactamase inhibitor,Broad,1,29770,18.52,73.86
Pune,2024-11,7000000,Azithromycin,Macrolide,Broad,0,19344,18.52,73.86
Pune,2024-11,7000000,Cefixime,Cephalosporin,Broad,0,14933,18.52,73.86
Pune,2024-11,7000000,Ceftriaxone,Cephalosporin,Broad,0,6735,18.52,73.86
Pune,2024-11,7000000,Ciprofloxacin,Fluoroquinolone,Broad,0,12109,18.52,73.86
Pune,2024-11,7000000,Doxycycline,Tetracycline,Broad,0,11618,18.52,73.86
Pune,2024-11,7000000,Metronidazole,Nitroimidazole,Narrow,0,10467,18.52,73.86
Pune,2024-11,7000000,Cotrimoxazole,Sulfonamide combination,Broad,1,10548,18.52,73.86
Pune,2024-11,7000000,Meropenem,Carbapenem,Very Broad,0,728,18.52,73.86
Pune,2024-12,7000000,Amoxicillin,Penicillin,Narrow,0,17865,18.52,73.86
Pune,2024-12,7000000,Amoxicillin-Clavulanate,Penicillin + beta-lactamase inhibitor,Broad,1,26403,18.52,73.86
Pune,2024-12,7000000,Azithromycin,Macrolide,Broad,0,20369,18.52,73.86
Pune,2024-12,7000000,Cefixime,Cephalosporin,Broad,0,13953,18.52,73.86
Pune,2024-12,7000000,Ceftriaxone,Cephalosporin,Broad,0,7277,18.52,73.86
Pune,2024-12,7000000,Ciprofloxacin,Fluoroquinolone,Broad,0,14097,18.52,73.86
Pune,2024-12,7000000,Doxycycline,Tetracycline,Broad,0,12003,18.52,73.86
Pune,2024-12,7000000,Metronidazole,Nitroimidazole,Narrow,0,11071,18.52,73.86
Pune,2024-12,7000000,Cotrimoxazole,Sulfonamide combination,Broad,1,10648,18.52,73.86
Pune,2024-12,7000000,Meropenem,Carbapenem,Very Broad,0,809,18.52,73.86
Pune,2025-01,7000000,Amoxicillin,Penicillin,Narrow,0,18461,18.52,73.86
Pune,2025-01,7000000,Amoxicillin-Clavulanate,Penicillin + beta-lactamase inhibitor,Broad,1,30748,18.52,73.86
Pune,2025-01,7000000,Azithromycin,Macrolide,Broad,0,25579,18.52,73.86
Pune,2025-01,7000000,Cefixime,Cephalosporin,Broad,0,15851,18.52,73.86
Pune,2025-01,7000000,Ceftriaxone,Cephalosporin,Broad,0,6106,18.52,73.86
Pune,2025-01,7000000,Ciprofloxacin,Fluoroquinolone,Broad,0,17187,18.52,73.86
Pune,2025-01,7000000,Doxycycline,Tetracycline,Broad,0,14293,18.52,73.86
Pune,2025-01,7000000,Metronidazole,Nitroimidazole,Narrow,0,13111,18.52,73.86
Pune,2025-01,7000000,Cotrimoxazole,Sulfonamide combination,Broad,1,12450,18.52,73.86
Pune,2025-01,7000000,Meropenem,Carbapenem,Very Broad,0,907,18.52,73.86
Pune,2025-02,7000000,Amoxicillin,Penicillin,Narrow,0,18058,18.52,73.86
Pune,2025-02,7000000,Amoxicillin-Clavulanate,Penicillin + beta-lactamase inhibitor,Broad,1,33381,18.52,73.86
Pune,2025-02,7000000,Azithromycin,Macrolide,Broad,0,22240,18.52,73.86
Pune,2025-02,7000000,Cefixime,Cephalosporin,Broad,0,17875,18.52,73.86
Pune,2025-02,7000000,Ceftriaxone,Cephalosporin,Broad,0,7982,18.52,73.86
Pune,2025-02,7000000,Ciprofloxacin,Fluoroquinolone,Broad,0,15235,18.52,73.86
Pune,2025-02,7000000,Doxycycline,Tetracycline,Broad,0,14445,18.52,73.86
Pune,2025-02,7000000,Metronidazole,Nitroimidazole,Narrow,0,13076,18.52,73.86
Pune,2025-02,7000000,Cotrimoxazole,Sulfonamide combination,Broad,1,14273,18.52,73.86
Pune,2025-02,7000000,Meropenem,Carbapenem,Very Broad,0,1025,18.52,73.86
Pune,2025-03,7000000,Amoxicillin,Penicillin,Narrow,0,15943,18.52,73.86
Pune,2025-03,7000000,Amoxicillin-Clavulanate,Penicillin + beta-lactamase inhibitor,Broad,1,34046,18.52,73.86
Pune,2025-03,7000000,Azithromycin,Macrolide,Broad,0,27431,18.52,73.86
Pune,2025-03,7000000,Cefixime,Cephalosporin,Broad,0,17559,18.52,73.86
Pune,2025-03,7000000,Ceftriaxone,Cephalosporin,Broad,0,7229,18.52,73.86
Pune,2025-03,7000000,Ciprofloxacin,Fluoroquinolone,Broad,0,14925,18.52,73.86
Pune,2025-03,7000000,Doxycycline,Tetracycline,Broad,0,16107,18.52,73.86
Pune,2025-03,7000000,Metronidazole,Nitroimidazole,Narrow,0,14012,18.52,73.86
Pune,2025-03,7000000,Cotrimoxazole,Sulfonamide combination,Broad,1,14737,18.52,73.86
Pune,2025-03,7000000,Meropenem,Carbapenem,Very Broad,0,1065,18.52,73.86
Pune,2025-04,7000000,Amoxicillin,Penicillin,Narrow,0,18126,18.52,73.86
Pune,2025-04,7000000,Amoxicillin-Clavulanate,Penicillin + beta-lactamase inhibitor,Broad,1,35831,18.52,73.86
Pune,2025-04,7000000,Azithromycin,Macrolide,Broad,0,27075,18.52,73.86
Pune,2025-04,7000000,Cefixime,Cephalosporin,Broad,0,19507,18.52,73.86
Pune,2025-04,7000000,Ceftriaxone,Cephalosporin,Broad,0,8740,18.52,73.86
Pune,2025-04,7000000,Ciprofloxacin,Fluoroquinolone,Broad,0,18471,18.52,73.86
Pune,2025-04,7000000,Doxycycline,Tetracycline,Broad,0,15084,18.52,73.86
Pune,2025-04,7000000,Metronidazole,Nitroimidazole,Narrow,0,13440,18.52,73.86
Pune,2025-04,7000000,Cotrimoxazole,Sulfonamide combination,Broad,1,13914,18.52,73.86
Pune,2025-04,7000000,Meropenem,Carbapenem,Very Broad,0,1146,18.52,73.86
Pune,2025-05,7000000,Amoxicillin,Penicillin,Narrow,0,17468,18.52,73.86
Pune,2025-05,7000000,Amoxicillin-Clavulanate,Penicillin + beta-lactamase inhibitor,Broad,1,38747,18.52,73.86
Pune,2025-05,7000000,Azithromycin,Macrolide,Broad,0,26198,18.52,73.86
Pune,2025-05,7000000,Cefixime,Cephalosporin,Broad,0,19171,18.52,73.86
Pune,2025-05,7000000,Ceftriaxone,Cephalosporin,Broad,0,7518,18.52,73.86
Pune,2025-05,7000000,Ciprofloxacin,Fluoroquinolone,Broad,0,18123,18.52,73.86
Pune,2025-05,7000000,Doxycycline,Tetracycline,Broad,0,13619,18.52,73.86
Pune,2025-05,7000000,Metronidazole,Nitroimidazole,Narrow,0,12959,18.52,73.86
Pune,2025-05,7000000,Cotrimoxazole,Sulfonamide combination,Broad,1,15085,18.52,73.86
Pune,2025-05,7000000,Meropenem,Carbapenem,Very Broad,0,1066,18.52,73.86
Pune,2025-06,7000000,Amoxicillin,Penicillin,Narrow,0,16399,18.52,73.86
Pune,2025-06,7000000,Amoxicillin-Clavulanate,Penicillin + beta-lactamase inhibitor,Broad,1,34460,18.52,73.86
Pune,2025-06,7000000,Azithromycin,Macrolide,Broad,0,26711,18.52,73.86
Pune,2025-06,7000000,Cefixime,Cephalosporin,Broad,0,15124,18.52,73.86
Pune,2025-06,7000000,Ceftriaxone,Cephalosporin,Broad,0,7512,18.52,73.86
Pune,2025-06,7000000,Ciprofloxacin,Fluoroquinolone,Broad,0,14958,18.52,73.86
Pune,2025-06,7000000,Doxycycline,Tetracycline,Broad,0,13083,18.52,73.86
Pune,2025-06,7000000,Metronidazole,Nitroimidazole,Narrow,0,12396,18.52,73.86
Pune,2025-06,7000000,Cotrimoxazole,Sulfonamide combination,Broad,1,13005,18.52,73.86
Pune,2025-06,7000000,Meropenem,Carbapenem,Very Broad,0,919,18.52,73.86
Pune,2025-07,7000000,Amoxicillin,Penicillin,Narrow,0,16025,18.52,73.86
Pune,2025-07,7000000,Amoxicillin-Clavulanate,Penicillin + beta-lactamase inhibitor,Broad,1,29041,18.52,73.86
Pune,2025-07,7000000,Azithromycin,Macrolide,Broad,0,23791,18.52,73.86
Pune,2025-07,7000000,Cefixime,Cephalosporin,Broad,0,17789,18.52,73.86
Pune,2025-07,7000000,Ceftriaxone,Cephalosporin,Broad,0,7460,18.52,73.86
Pune,2025-07,7000000,Ciprofloxacin,Fluoroquinolone,Broad,0,14065,18.52,73.86
Pune,2025-07,7000000,Doxycycline,Tetracycline,Broad,0,13390,18.52,73.86
Pune,2025-07,7000000,Metronidazole,Nitroimidazole,Narrow,0,12757,18.52,73.86
Pune,2025-07,7000000,Cotrimoxazole,Sulfonamide combination,Broad,1,11823,18.52,73.86
Pune,2025-07,7000000,Meropenem,Carbapenem,Very Broad,0,914,18.52,73.86
Pune,2025-08,7000000,Amoxicillin,Penicillin,Narrow,0,18002,18.52,73.86
Pune,2025-08,7000000,Amoxicillin-Clavulanate,Penicillin + beta-lactamase inhibitor,Broad,1,34901,18.52,73.86
Pune,2025-08,7000000,Azithromycin,Macrolide,Broad,0,18668,18.52,73.86
Pune,2025-08,7000000,Cefixime,Cephalosporin,Broad,0,18820,18.52,73.86
Pune,2025-08,7000000,Ceftriaxone,Cephalosporin,Broad,0,6153,18.52,73.86
Pune,2025-08,7000000,Ciprofloxacin,Fluoroquinolone,Broad,0,16075,18.52,73.86
Pune,2025-08,7000000,Doxycycline,Tetracycline,Broad,0,13229,18.52,73.86
Pune,2025-08,7000000,Metronidazole,Nitroimidazole,Narrow,0,10644,18.52,73.86
Pune,2025-08,7000000,Cotrimoxazole,Sulfonamide combination,Broad,1,12425,18.52,73.86
Pune,2025-08,7000000,Meropenem,Carbapenem,Very Broad,0,849,18.52,73.86
Pune,2025-09,7000000,Amoxicillin,Penicillin,Narrow,0,15476,18.52,73.86
Pune,2025-09,7000000,Amoxicillin-Clavulanate,Penicillin + beta-lactamase inhibitor,Broad,1,32021,18.52,73.86
Pune,2025-09,7000000,Azithromycin,Macrolide,Broad,0,21021,18.52,73.86
Pune,2025-09,7000000,Cefixime,Cephalosporin,Broad,0,15069,18.52,73.86
Pune,2025-09,7000000,Ceftriaxone,Cephalosporin,Broad,0,6882,18.52,73.86
Pune,2025-09,7000000,Ciprofloxacin,Fluoroquinolone,Broad,0,15041,18.52,73.86
Pune,2025-09,7000000,Doxycycline,Tetracycline,Broad,0,12521,18.52,73.86
Pune,2025-09,7000000,Metronidazole,Nitroimidazole,Narrow,0,10512,18.52,73.86
Pune,2025-09,7000000,Cotrimoxazole,Sulfonamide combination,Broad,1,10639,18.52,73.86
Pune,2025-09,7000000,Meropenem,Carbapenem,Very Broad,0,789,18.52,73.86
Pune,2025-10,7000000,Amoxicillin,Penicillin,Narrow,0,15823,18.52,73.86
Pune,2025-10,7000000,Amoxicillin-Clavulanate,Penicillin + beta-lactamase inhibitor,Broad,1,30493,18.52,73.86
Pune,2025-10,7000000,Azithromycin,Macrolide,Broad,0,20605,18.52,73.86
Pune,2025-10,7000000,Cefixime,Cephalosporin,Broad,0,16476,18.52,73.86
Pune,2025-10,7000000,Ceftriaxone,Cephalosporin,Broad,0,6836,18.52,73.86
Pune,2025-10,7000000,Ciprofloxacin,Fluoroquinolone,Broad,0,14309,18.52,73.86
Pune,2025-10,7000000,Doxycycline,Tetracycline,Broad,0,10859,18.52,73.86
Pune,2025-10,7000000,Metronidazole,Nitroimidazole,Narrow,0,12150,18.52,73.86
Pune,2025-10,7000000,Cotrimoxazole,Sulfonamide combination,Broad,1,11111,18.52,73.86
Pune,2025-10,7000000,Meropenem,Carbapenem,Very Broad,0,807,18.52,73.86
Pune,2025-11,7000000,Amoxicillin,Penicillin,Narrow,0,14189,18.52,73.86
Pune,2025-11,7000000,Amoxicillin-Clavulanate,Penicillin + beta-lactamase inhibitor,Broad,1,26053,18.52,73.86
Pune,2025-11,7000000,Azithromycin,Macrolide,Broad,0,22795,18.52,73.86
Pune,2025-11,7000000,Cefixime,Cephalosporin,Broad,0,14336,18.52,73.86
Pune,2025-11,7000000,Ceftriaxone,Cephalosporin,Broad,0,7802,18.52,73.86
Pune,2025-11,7000000,Ciprofloxacin,Fluoroquinolone,Broad,0,13213,18.52,73.86
Pune,2025-11,7000000,Doxycycline,Tetracycline,Broad,0,10729,18.52,73.86
Pune,2025-11,7000000,Metronidazole,Nitroimidazole,Narrow,0,11480,18.52,73.86
Pune,2025-11,7000000,Cotrimoxazole,Sulfonamide combination,Broad,1,12821,18.52,73.86
Pune,2025-11,7000000,Meropenem,Carbapenem,Very Broad,0,826,18.52,73.86
Pune,2025-12,7000000,Amoxicillin,Penicillin,Narrow,0,13707,18.52,73.86
Pune,2025-12,7000000,Amoxicillin-Clavulanate,Penicillin + beta-lactamase inhibitor,Broad,1,28968,18.52,73.86
Pune,2025-12,7000000,Azithromycin,Macrolide,Broad,0,23519,18.52,73.86
Pune,2025-12,7000000,Cefixime,Cephalosporin,Broad,0,14545,18.52,73.86
Pune,2025-12,7000000,Ceftriaxone,Cephalosporin,Broad,0,6308,18.52,73.86
Pune,2025-12,7000000,Ciprofloxacin,Fluoroquinolone,Broad,0,15598,18.52,73.86
Pune,2025-12,7000000,Doxycycline,Tetracycline,Broad,0,13267,18.52,73.86
Pune,2025-12,7000000,Metronidazole,Nitroimidazole,Narrow,0,11566,18.52,73.86
Pune,2025-12,7000000,Cotrimoxazole,Sulfonamide combination,Broad,1,12852,18.52,73.86
Pune,2025-12,7000000,Meropenem,Carbapenem,Very Broad,0,854,18.52,73.86
Ahmedabad,2024-01,8000000,Amoxicillin,Penicillin,Narrow,0,19354,23.02,72.57
Ahmedabad,2024-01,8000000,Amoxicillin-Clavulanate,Penicillin + beta-lactamase inhibitor,Broad,1,33516,23.02,72.57
Ahmedabad,2024-01,8000000,Azithromycin,Macrolide,Broad,0,24954,23.02,72.57
Ahmedabad,2024-01,8000000,Cefixime,Cephalosporin,Broad,0,17295,23.02,72.57
Ahmedabad,2024-01,8000000,Ceftriaxone,Cephalosporin,Broad,0,6894,23.02,72.57
Ahmedabad,2024-01,8000000,Ciprofloxacin,Fluoroquinolone,Broad,0,18449,23.02,72.57
Ahmedabad,2024-01,8000000,Doxycycline,Tetracycline,Broad,0,14238,23.02,72.57
Ahmedabad,2024-01,8000000,Metronidazole,Nitroimidazole,Narrow,0,12761,23.02,72.57
Ahmedabad,2024-01,8000000,Cotrimoxazole,Sulfonamide combination,Broad,1,14065,23.02,72.57
Ahmedabad,2024-01,8000000,Meropenem,Carbapenem,Very Broad,0,916,23.02,72.57
Ahmedabad,2024-02,8000000,Amoxicillin,Penicillin,Narrow,0,21265,23.02,72.57
Ahmedabad,2024-02,8000000,Amoxicillin-Clavulanate,Penicillin + beta-lactamase inhibitor,Broad,1,34565,23.02,72.57
Ahmedabad,2024-02,8000000,Azithromycin,Macrolide,Broad,0,26696,23.02,72.57
Ahmedabad,2024-02,8000000,Cefixime,Cephalosporin,Broad,0,19342,23.02,72.57
Ahmedabad,2024-02,8000000,Ceftriaxone,Cephalosporin,Broad,0,8723,23.02,72.57
Ahmedabad,2024-02,8000000,Ciprofloxacin,Fluoroquinolone,Broad,0,18238,23.02,72.57
Ahmedabad,2024-02,8000000,Doxycycline,Tetracycline,Broad,0,13649,23.02,72.57
Ahmedabad,2024-02,8000000,Metronidazole,Nitroimidazole,Narrow,0,14951,23.02,72.57
Ahmedabad,2024-02,8000000,Cotrimoxazole,Sulfonamide combination,Broad,1,13634,23.02,72.57
Ahmedabad,2024-02,8000000,Meropenem,Carbapenem,Very Broad,0,1163,23.02,72.57
Ahmedabad,2024-03,8000000,Amoxicillin,Penicillin,Narrow,0,17140,23.02,72.57
Ahmedabad,2024-03,8000000,Amoxicillin-Clavulanate,Penicillin + beta-lactamase inhibitor,Broad,1,39969,23.02,72.57
Ahmedabad,2024-03,8000000,Azithromycin,Macrolide,Broad,0,32921,23.02,72.57
Ahmedabad,2024-03,8000000,Cefixime,Cephalosporin,Broad,0,22865,23.02,72.57
Ahmedabad,2024-03,8000000,Ceftriaxone,Cephalosporin,Broad,0,9690,23.02,72.57
Ahmedabad,2024-03,8000000,Ciprofloxacin,Fluoroquinolone,Broad,0,17835,23.02,72.57
Ahmedabad,2024-03,8000000,Doxycycline,Tetracycline,Broad,0,16992,23.02,72.57
Ahmedabad,2024-03,8000000,Metronidazole,Nitroimidazole,Narrow,0,14165,23.02,72.57
Ahmedabad,2024-03,8000000,Cotrimoxazole,Sulfonamide combination,Broad,1,15550,23.02,72.57
Ahmedabad,2024-03,8000000,Meropenem,Carbapenem,Very Broad,0,991,23.02,72.57
Ahmedabad,2024-04,8000000,Amoxicillin,Penicillin,Narrow,0,19789,23.02,72.57
Ahmedabad,2024-04,8000000,Amoxicillin-Clavulanate,Penicillin + beta-lactamase inhibitor,Broad,1,42079,23.02,72.57
Ahmedabad,2024-04,8000000,Azithromycin,Macrolide,Broad,0,30266,23.02,72.57
Ahmedabad,2024-04,8000000,Cefixime,Cephalosporin,Broad,0,21135,23.02,72.57
Ahmedabad,2024-04,8000000,Ceftriaxone,Cephalosporin,Broad,0,7753,23.02,72.57
Ahmedabad,2024-04,8000000,Ciprofloxacin,Fluoroquinolone,Broad,0,19098,23.02,72.57
Ahmedabad,2024-04,8000000,Doxycycline,Tetracycline,Broad,0,15203,23.02,72.57
Ahmedabad,2024-04,8000000,Metronidazole,Nitroimidazole,Narrow,0,16150,23.02,72.57
Ahmedabad,2024-04,8000000,Cotrimoxazole,Sulfonamide combination,Broad,1,16856,23.02,72.57
Ahmedabad,2024-04,8000000,Meropenem,Carbapenem,Very Broad,0,1197,23.02,72.57
Ahmedabad,2024-05,8000000,Amoxicillin,Penicillin,Narrow,0,16358,23.02,72.57
Ahmedabad,2024-05,8000000,Amoxicillin-Clavulanate,Penicillin + beta-lactamase inhibitor,Broad,1,33734,23.02,72.57
Ahmedabad,2024-05,8000000,Azithromycin,Macrolide,Broad,0,30651,23.02,72.57
Ahmedabad,2024-05,8000000,Cefixime,Cephalosporin,Broad,0,19822,23.02,72.57
Ahmedabad,2024-05,8000000,Ceftriaxone,Cephalosporin,Broad,0,8036,23.02,72.57
Ahmedabad,2024-05,8000000,Ciprofloxacin,Fluoroquinolone,Broad,0,21680,23.02,72.57
Ahmedabad,2024-05,8000000,Doxycycline,Tetracycline,Broad,0,17404,23.02,72.57
Ahmedabad,2024-05,8000000,Metronidazole,Nitroimidazole,Narrow,0,15000,23.02,72.57
Ahmedabad,2024-05,8000000,Cotrimoxazole,Sulfonamide combination,Broad,1,14941,23.02,72.57
Ahmedabad,2024-05,8000000,Meropenem,Carbapenem,Very Broad,0,1084,23.02,72.57
Ahmedabad,2024-06,8000000,Amoxicillin,Penicillin,Narrow,0,22310,23.02,72.57
Ahmedabad,2024-06,8000000,Amoxicillin-Clavulanate,Penicillin + beta-lactamase inhibitor,Broad,1,39054,23.02,72.57
Ahmedabad,2024-06,8000000,Azithromycin,Macrolide,Broad,0,28000,23.02,72.57
Ahmedabad,2024-06,8000000,Cefixime,Cephalosporin,Broad,0,21570,23.02,72.57
Ahmedabad,2024-06,8000000,Ceftriaxone,Cephalosporin,Broad,0,7538,23.02,72.57
Ahmedabad,2024-06,8000000,Ciprofloxacin,Fluoroquinolone,Broad,0,19789,23.02,72.57
Ahmedabad,2024-06,8000000,Doxycycline,Tetracycline,Broad,0,15083,23.02,72.57
Ahmedabad,2024-06,8000000,Metronidazole,Nitroimidazole,Narrow,0,11753,23.02,72.57
Ahmedabad,2024-06,8000000,Cotrimoxazole,Sulfonamide combination,Broad,1,12498,23.02,72.57
Ahmedabad,2024-06,8000000,Meropenem,Carbapenem,Very Broad,0,983,23.02,72.57
Ahmedabad,2024-07,8000000,Amoxicillin,Penicillin,Narrow,0,19103,23.02,72.57
Ahmedabad,2024-07,8000000,Amoxicillin-Clavulanate,Penicillin + beta-lactamase inhibitor,Broad,1,36225,23.02,72.57
Ahmedabad,2024-07,8000000,Azithromycin,Macrolide,Broad,0,28753,23.02,72.57
Ahmedabad,2024-07,8000000,Cefixime,Cephalosporin,Broad,0,17003,23.02,72.57
Ahmedabad,2024-07,8000000,Ceftriaxone,Cephalosporin,Broad,0,7814,23.02,72.57
Ahmedabad,2024-07,8000000,Ciprofloxacin,Fluoroquinolone,Broad,0,18153,23.02,72.57
Ahmedabad,2024-07,8000000,Doxycycline,Tetracycline,Broad,0,13808,23.02,72.57
Ahmedabad,2024-07,8000000,Metronidazole,Nitroimidazole,Narrow,0,13805,23.02,72.57
Ahmedabad,2024-07,8000000,Cotrimoxazole,Sulfonamide combination,Broad,1,12353,23.02,72.57
Ahmedabad,2024-07,8000000,Meropenem,Carbapenem,Very Broad,0,1112,23.02,72.57
Ahmedabad,2024-08,8000000,Amoxicillin,Penicillin,Narrow,0,20617,23.02,72.57
Ahmedabad,2024-08,8000000,Amoxicillin-Clavulanate,Penicillin + beta-lactamase inhibitor,Broad,1,32727,23.02,72.57
Ahmedabad,2024-08,8000000,Azithromycin,Macrolide,Broad,0,25377,23.02,72.57
Ahmedabad,2024-08,8000000,Cefixime,Cephalosporin,Broad,0,17443,23.02,72.57
Ahmedabad,2024-08,8000000,Ceftriaxone,Cephalosporin,Broad,0,7280,23.02,72.57
Ahmedabad,2024-08,8000000,Ciprofloxacin,Fluoroquinolone,Broad,0,15815,23.02,72.57
Ahmedabad,2024-08,8000000,Doxycycline,Tetracycline,Broad,0,13743,23.02,72.57
Ahmedabad,2024-08,8000000,Metronidazole,Nitroimidazole,Narrow,0,13322,23.02,72.57
Ahmedabad,2024-08,8000000,Cotrimoxazole,Sulfonamide combination,Broad,1,12130,23.02,72.57
Ahmedabad,2024-08,8000000,Meropenem,Carbapenem,Very Broad,0,919,23.02,72.57
Ahmedabad,2024-09,8000000,Amoxicillin,Penicillin,Narrow,0,20143,23.02,72.57
Ahmedabad,2024-09,8000000,Amoxicillin-Clavulanate,Penicillin + beta-lactamase inhibitor,Broad,1,31091,23.02,72.57
Ahmedabad,2024-09,8000000,Azithromycin,Macrolide,Broad,0,25624,23.02,72.57
Ahmedabad,2024-09,8000000,Cefixime,Cephalosporin,Broad,0,16519,23.02,72.57
Ahmedabad,2024-09,8000000,Ceftriaxone,Cephalosporin,Broad,0,7121,23.02,72.57
Ahmedabad,2024-09,8000000,Ciprofloxacin,Fluoroquinolone,Broad,0,14265,23.02,72.57
Ahmedabad,2024-09,8000000,Doxycycline,Tetracycline,Broad,0,12602,23.02,72.57
Ahmedabad,2024-09,8000000,Metronidazole,Nitroimidazole,Narrow,0,12692,23.02,72.57
Ahmedabad,2024-09,8000000,Cotrimoxazole,Sulfonamide combination,Broad,1,13760,23.02,72.57
Ahmedabad,2024-09,8000000,Meropenem,Carbapenem,Very Broad,0,900,23.02,72.57
Ahmedabad,2024-10,8000000,Amoxicillin,Penicillin,Narrow,0,17842,23.02,72.57
Ahmedabad,2024-10,8000000,Amoxicillin-Clavulanate,Penicillin + beta-lactamase inhibitor,Broad,1,35784,23.02,72.57
Ahmedabad,2024-10,8000000,Azithromycin,Macrolide,Broad,0,23480,23.02,72.57
Ahmedabad,2024-10,8000000,Cefixime,Cephalosporin,Broad,0,19851,23.02,72.57
Ahmedabad,2024-10,8000000,Ceftriaxone,Cephalosporin,Broad,0,6759,23.02,72.57
Ahmedabad,2024-10,8000000,Ciprofloxacin,Fluoroquinolone,Broad,0,14984,23.02,72.57
Ahmedabad,2024-10,8000000,Doxycycline,Tetracycline,Broad,0,11904,23.02,72.57
Ahmedabad,2024-10,8000000,Metronidazole,Nitroimidazole,Narrow,0,14545,23.02,72.57
Ahmedabad,2024-10,8000000,Cotrimoxazole,Sulfonamide combination,Broad,1,13299,23.02,72.57
Ahmedabad,2024-10,8000000,Meropenem,Carbapenem,Very Broad,0,876,23.02,72.57
Ahmedabad,2024-11,8000000,Amoxicillin,Penicillin,Narrow,0,18195,23.02,72.57
Ahmedabad,2024-11,8000000,Amoxicillin-Clavulanate,Penicillin + beta-lactamase inhibitor,Broad,1,37466,23.02,72.57
Ahmedabad,2024-11,8000000,Azithromycin,Macrolide,Broad,0,21684,23.02,72.57
Ahmedabad,2024-11,8000000,Cefixime,Cephalosporin,Broad,0,16827,23.02,72.57
Ahmedabad,2024-11,8000000,Ceftriaxone,Cephalosporin,Broad,0,6905,23.02,72.57
Ahmedabad,2024-11,8000000,Ciprofloxacin,Fluoroquinolone,Broad,0,13814,23.02,72.57
Ahmedabad,2024-11,8000000,Doxycycline,Tetracycline,Broad,0,14415,23.02,72.57
Ahmedabad,2024-11,8000000,Metronidazole,Nitroimidazole,Narrow,0,12329,23.02,72.57
Ahmedabad,2024-11,8000000,Cotrimoxazole,Sulfonamide combination,Broad,1,13539,23.02,72.57
Ahmedabad,2024-11,8000000,Meropenem,Carbapenem,Very Broad,0,1082,23.02,72.57
Ahmedabad,2024-12,8000000,Amoxicillin,Penicillin,Narrow,0,17409,23.02,72.57
Ahmedabad,2024-12,8000000,Amoxicillin-Clavulanate,Penicillin + beta-lactamase inhibitor,Broad,1,34051,23.02,72.57
Ahmedabad,2024-12,8000000,Azithromycin,Macrolide,Broad,0,27597,23.02,72.57
Ahmedabad,2024-12,8000000,Cefixime,Cephalosporin,Broad,0,17038,23.02,72.57
Ahmedabad,2024-12,8000000,Ceftriaxone,Cephalosporin,Broad,0,7063,23.02,72.57
Ahmedabad,2024-12,8000000,Ciprofloxacin,Fluoroquinolone,Broad,0,18138,23.02,72.57
Ahmedabad,2024-12,8000000,Doxycycline,Tetracycline,Broad,0,14233,23.02,72.57
Ahmedabad,2024-12,8000000,Metronidazole,Nitroimidazole,Narrow,0,11069,23.02,72.57
Ahmedabad,2024-12,8000000,Cotrimoxazole,Sulfonamide combination,Broad,1,12041,23.02,72.57
Ahmedabad,2024-12,8000000,Meropenem,Carbapenem,Very Broad,0,1058,23.02,72.57
Ahmedabad,2025-01,8000000,Amoxicillin,Penicillin,Narrow,0,17956,23.02,72.57
Ahmedabad,2025-01,8000000,Amoxicillin-Clavulanate,Penicillin + beta-lactamase inhibitor,Broad,1,36409,23.02,72.57
Ahmedabad,2025-01,8000000,Azithromycin,Macrolide,Broad,0,27630,23.02,72.57
Ahmedabad,2025-01,8000000,Cefixime,Cephalosporin,Broad,0,20184,23.02,72.57
Ahmedabad,2025-01,8000000,Ceftriaxone,Cephalosporin,Broad,0,7158,23.02,72.57
Ahmedabad,2025-01,8000000,Ciprofloxacin,Fluoroquinolone,Broad,0,16927,23.02,72.57
Ahmedabad,2025-01,8000000,Doxycycline,Tetracycline,Broad,0,15182,23.02,72.57
Ahmedabad,2025-01,8000000,Metronidazole,Nitroimidazole,Narrow,0,13747,23.02,72.57
Ahmedabad,2025-01,8000000,Cotrimoxazole,Sulfonamide combination,Broad,1,15110,23.02,72.57
Ahmedabad,2025-01,8000000,Meropenem,Carbapenem,Very Broad,0,939,23.02,72.57
Ahmedabad,2025-02,8000000,Amoxicillin,Penicillin,Narrow,0,21724,23.02,72.57
Ahmedabad,2025-02,8000000,Amoxicillin-Clavulanate,Penicillin + beta-lactamase inhibitor,Broad,1,40080,23.02,72.57
Ahmedabad,2025-02,8000000,Azithromycin,Macrolide,Broad,0,27256,23.02,72.57
Ahmedabad,2025-02,8000000,Cefixime,Cephalosporin,Broad,0,22281,23.02,72.57
Ahmedabad,2025-02,8000000,Ceftriaxone,Cephalosporin,Broad,0,7916,23.02,72.57
Ahmedabad,2025-02,8000000,Ciprofloxacin,Fluoroquinolone,Broad,0,19516,23.02,72.57
Ahmedabad,2025-02,8000000,Doxycycline,Tetracycline,Broad,0,16410,23.02,72.57
Ahmedabad,2025-02,8000000,Metronidazole,Nitroimidazole,Narrow,0,15578,23.02,72.57
Ahmedabad,2025-02,8000000,Cotrimoxazole,Sulfonamide combination,Broad,1,16747,23.02,72.57
Ahmedabad,2025-02,8000000,Meropenem,Carbapenem,Very Broad,0,1033,23.02,72.57
Ahmedabad,2025-03,8000000,Amoxicillin,Penicillin,Narrow,0,19028,23.02,72.57
Ahmedabad,2025-03,8000000,Amoxicillin-Clavulanate,Penicillin + beta-lactamase inhibitor,Broad,1,39851,23.02,72.57
Ahmedabad,2025-03,8000000,Azithromycin,Macrolide,Broad,0,29007,23.02,72.57
Ahmedabad,2025-03,8000000,Cefixime,Cephalosporin,Broad,0,21462,23.02,72.57
Ahmedabad,2025-03,8000000,Ceftriaxone,Cephalosporin,Broad,0,8923,23.02,72.57
Ahmedabad,2025-03,8000000,Ciprofloxacin,Fluoroquinolone,Broad,0,19977,23.02,72.57
Ahmedabad,2025-03,8000000,Doxycycline,Tetracycline,Broad,0,16984,23.02,72.57
Ahmedabad,2025-03,8000000,Metronidazole,Nitroimidazole,Narrow,0,14171,23.02,72.57
Ahmedabad,2025-03,8000000,Cotrimoxazole,Sulfonamide combination,Broad,1,16487,23.02,72.57
Ahmedabad,2025-03,8000000,Meropenem,Carbapenem,Very Broad,0,1220,23.02,72.57
Ahmedabad,2025-04,8000000,Amoxicillin,Penicillin,Narrow,0,21062,23.02,72.57
Ahmedabad,2025-04,8000000,Amoxicillin-Clavulanate,Penicillin + beta-lactamase inhibitor,Broad,1,38040,23.02,72.57
Ahmedabad,2025-04,8000000,Azithromycin,Macrolide,Broad,0,28552,23.02,72.57
Ahmedabad,2025-04,8000000,Cefixime,Cephalosporin,Broad,0,21826,23.02,72.57
Ahmedabad,2025-04,8000000,Ceftriaxone,Cephalosporin,Broad,0,8624,23.02,72.57
Ahmedabad,2025-04,8000000,Ciprofloxacin,Fluoroquinolone,Broad,0,18499,23.02,72.57
Ahmedabad,2025-04,8000000,Doxycycline,Tetracycline,Broad,0,16881,23.02,72.57
Ahmedabad,2025-04,8000000,Metronidazole,Nitroimidazole,Narrow,0,16751,23.02,72.57
Ahmedabad,2025-04,8000000,Cotrimoxazole,Sulfonamide combination,Broad,1,17662,23.02,72.57
Ahmedabad,2025-04,8000000,Meropenem,Carbapenem,Very Broad,0,1333,23.02,72.57
Ahmedabad,2025-05,8000000,Amoxicillin,Penicillin,Narrow,0,19915,23.02,72.57
Ahmedabad,2025-05,8000000,Amoxicillin-Clavulanate,Penicillin + beta-lactamase inhibitor,Broad,1,44862,23.02,72.57
Ahmedabad,2025-05,8000000,Azithromycin,Macrolide,Broad,0,28140,23.02,72.57
Ahmedabad,2025-05,8000000,Cefixime,Cephalosporin,Broad,0,33876,23.02,72.57
Ahmedabad,2025-05,8000000,Ceftriaxone,Cephalosporin,Broad,0,9516,23.02,72.57
Ahmedabad,2025-05,8000000,Ciprofloxacin,Fluoroquinolone,Broad,0,18430,23.02,72.57
Ahmedabad,2025-05,8000000,Doxycycline,Tetracycline,Broad,0,17104,23.02,72.57
Ahmedabad,2025-05,8000000,Metronidazole,Nitroimidazole,Narrow,0,17080,23.02,72.57
Ahmedabad,2025-05,8000000,Cotrimoxazole,Sulfonamide combination,Broad,1,17240,23.02,72.57
Ahmedabad,2025-05,8000000,Meropenem,Carbapenem,Very Broad,0,1133,23.02,72.57
Ahmedabad,2025-06,8000000,Amoxicillin,Penicillin,Narrow,0,18210,23.02,72.57
Ahmedabad,2025-06,8000000,Amoxicillin-Clavulanate,Penicillin + beta-lactamase inhibitor,Broad,1,40351,23.02,72.57
Ahmedabad,2025-06,8000000,Azithromycin,Macrolide,Broad,0,28429,23.02,72.57
Ahmedabad,2025-06,8000000,Cefixime,Cephalosporin,Broad,0,21247,23.02,72.57
Ahmedabad,2025-06,8000000,Ceftriaxone,Cephalosporin,Broad,0,8761,23.02,72.57
Ahmedabad,2025-06,8000000,Ciprofloxacin,Fluoroquinolone,Broad,0,19796,23.02,72.57
Ahmedabad,2025-06,8000000,Doxycycline,Tetracycline,Broad,0,19210,23.02,72.57
Ahmedabad,2025-06,8000000,Metronidazole,Nitroimidazole,Narrow,0,14035,23.02,72.57
Ahmedabad,2025-06,8000000,Cotrimoxazole,Sulfonamide combination,Broad,1,17119,23.02,72.57
Ahmedabad,2025-06,8000000,Meropenem,Carbapenem,Very Broad,0,1156,23.02,72.57
Ahmedabad,2025-07,8000000,Amoxicillin,Penicillin,Narrow,0,31974,23.02,72.57
Ahmedabad,2025-07,8000000,Amoxicillin-Clavulanate,Penicillin + beta-lactamase inhibitor,Broad,1,36644,23.02,72.57
Ahmedabad,2025-07,8000000,Azithromycin,Macrolide,Broad,0,27499,23.02,72.57
Ahmedabad,2025-07,8000000,Cefixime,Cephalosporin,Broad,0,21970,23.02,72.57
Ahmedabad,2025-07,8000000,Ceftriaxone,Cephalosporin,Broad,0,8241,23.02,72.57
Ahmedabad,2025-07,8000000,Ciprofloxacin,Fluoroquinolone,Broad,0,18884,23.02,72.57
Ahmedabad,2025-07,8000000,Doxycycline,Tetracycline,Broad,0,14390,23.02,72.57
Ahmedabad,2025-07,8000000,Metronidazole,Nitroimidazole,Narrow,0,16695,23.02,72.57
Ahmedabad,2025-07,8000000,Cotrimoxazole,Sulfonamide combination,Broad,1,13217,23.02,72.57
Ahmedabad,2025-07,8000000,Meropenem,Carbapenem,Very Broad,0,1051,23.02,72.57
Ahmedabad,2025-08,8000000,Amoxicillin,Penicillin,Narrow,0,19084,23.02,72.57
Ahmedabad,2025-08,8000000,Amoxicillin-Clavulanate,Penicillin + beta-lactamase inhibitor,Broad,1,34088,23.02,72.57
Ahmedabad,2025-08,8000000,Azithromycin,Macrolide,Broad,0,25385,23.02,72.57
Ahmedabad,2025-08,8000000,Cefixime,Cephalosporin,Broad,0,17190,23.02,72.57
Ahmedabad,2025-08,8000000,Ceftriaxone,Cephalosporin,Broad,0,7310,23.02,72.57
Ahmedabad,2025-08,8000000,Ciprofloxacin,Fluoroquinolone,Broad,0,16181,23.02,72.57
Ahmedabad,2025-08,8000000,Doxycycline,Tetracycline,Broad,0,13035,23.02,72.57
Ahmedabad,2025-08,8000000,Metronidazole,Nitroimidazole,Narrow,0,14263,23.02,72.57
Ahmedabad,2025-08,8000000,Cotrimoxazole,Sulfonamide combination,Broad,1,14799,23.02,72.57
Ahmedabad,2025-08,8000000,Meropenem,Carbapenem,Very Broad,0,1075,23.02,72.57
Ahmedabad,2025-09,8000000,Amoxicillin,Penicillin,Narrow,0,18426,23.02,72.57
Ahmedabad,2025-09,8000000,Amoxicillin-Clavulanate,Penicillin + beta-lactamase inhibitor,Broad,1,29395,23.02,72.57
Ahmedabad,2025-09,8000000,Azithromycin,Macrolide,Broad,0,25557,23.02,72.57
Ahmedabad,2025-09,8000000,Cefixime,Cephalosporin,Broad,0,17758,23.02,72.57
Ahmedabad,2025-09,8000000,Ceftriaxone,Cephalosporin,Broad,0,7646,23.02,72.57
Ahmedabad,2025-09,8000000,Ciprofloxacin,Fluoroquinolone,Broad,0,17023,23.02,72.57
Ahmedabad,2025-09,8000000,Doxycycline,Tetracycline,Broad,0,12621,23.02,72.57
Ahmedabad,2025-09,8000000,Metronidazole,Nitroimidazole,Narrow,0,11240,23.02,72.57
Ahmedabad,2025-09,8000000,Cotrimoxazole,Sulfonamide combination,Broad,1,12595,23.02,72.57
Ahmedabad,2025-09,8000000,Meropenem,Carbapenem,Very Broad,0,989,23.02,72.57
Ahmedabad,2025-10,8000000,Amoxicillin,Penicillin,Narrow,0,15425,23.02,72.57
Ahmedabad,2025-10,8000000,Amoxicillin-Clavulanate,Penicillin + beta-lactamase inhibitor,Broad,1,31252,23.02,72.57
Ahmedabad,2025-10,8000000,Azithromycin,Macrolide,Broad,0,23021,23.02,72.57
Ahmedabad,2025-10,8000000,Cefixime,Cephalosporin,Broad,0,16908,23.02,72.57
Ahmedabad,2025-10,8000000,Ceftriaxone,Cephalosporin,Broad,0,6499,23.02,72.57
Ahmedabad,2025-10,8000000,Ciprofloxacin,Fluoroquinolone,Broad,0,14658,23.02,72.57
Ahmedabad,2025-10,8000000,Doxycycline,Tetracycline,Broad,0,12680,23.02,72.57
Ahmedabad,2025-10,8000000,Metronidazole,Nitroimidazole,Narrow,0,12582,23.02,72.57
Ahmedabad,2025-10,8000000,Cotrimoxazole,Sulfonamide combination,Broad,1,12079,23.02,72.57
Ahmedabad,2025-10,8000000,Meropenem,Carbapenem,Very Broad,0,936,23.02,72.57
Ahmedabad,2025-11,8000000,Amoxicillin,Penicillin,Narrow,0,15786,23.02,72.57
Ahmedabad,2025-11,8000000,Amoxicillin-Clavulanate,Penicillin + beta-lactamase inhibitor,Broad,1,37481,23.02,72.57
Ahmedabad,2025-11,8000000,Azithromycin,Macrolide,Broad,0,24334,23.02,72.57
Ahmedabad,2025-11,8000000,Cefixime,Cephalosporin,Broad,0,17387,23.02,72.57
Ahmedabad,2025-11,8000000,Ceftriaxone,Cephalosporin,Broad,0,7653,23.02,72.57
Ahmedabad,2025-11,8000000,Ciprofloxacin,Fluoroquinolone,Broad,0,17411,23.02,72.57
Ahmedabad,2025-11,8000000,Doxycycline,Tetracycline,Broad,0,14901,23.02,72.57
Ahmedabad,2025-11,8000000,Metronidazole,Nitroimidazole,Narrow,0,12762,23.02,72.57
Ahmedabad,2025-11,8000000,Cotrimoxazole,Sulfonamide combination,Broad,1,14396,23.02,72.57
Ahmedabad,2025-11,8000000,Meropenem,Carbapenem,Very Broad,0,1046,23.02,72.57
Ahmedabad,2025-12,8000000,Amoxicillin,Penicillin,Narrow,0,19781,23.02,72.57
Ahmedabad,2025-12,8000000,Amoxicillin-Clavulanate,Penicillin + beta-lactamase inhibitor,Broad,1,41500,23.02,72.57
Ahmedabad,2025-12,8000000,Azithromycin,Macrolide,Broad,0,28441,23.02,72.57
Ahmedabad,2025-12,8000000,Cefixime,Cephalosporin,Broad,0,20280,23.02,72.57
Ahmedabad,2025-12,8000000,Ceftriaxone,Cephalosporin,Broad,0,7682,23.02,72.57
Ahmedabad,2025-12,8000000,Ciprofloxacin,Fluoroquinolone,Broad,0,15146,23.02,72.57
Ahmedabad,2025-12,8000000,Doxycycline,Tetracycline,Broad,0,12278,23.02,72.57
Ahmedabad,2025-12,8000000,Metronidazole,Nitroimidazole,Narrow,0,13443,23.02,72.57
Ahmedabad,2025-12,8000000,Cotrimoxazole,Sulfonamide combination,Broad,1,13344,23.02,72.57
Ahmedabad,2025-12,8000000,Meropenem,Carbapenem,Very Broad,0,926,23.02,72.57
Jaipur,2024-01,4000000,Amoxicillin,Penicillin,Narrow,0,9624,26.91,75.79
Jaipur,2024-01,4000000,Amoxicillin-Clavulanate,Penicillin + beta-lactamase inhibitor,Broad,1,13354,26.91,75.79
Jaipur,2024-01,4000000,Azithromycin,Macrolide,Broad,0,11863,26.91,75.79
Jaipur,2024-01,4000000,Cefixime,Cephalosporin,Broad,0,9471,26.91,75.79
Jaipur,2024-01,4000000,Ceftriaxone,Cephalosporin,Broad,0,3259,26.91,75.79
Jaipur,2024-01,4000000,Ciprofloxacin,Fluoroquinolone,Broad,0,8559,26.91,75.79
Jaipur,2024-01,4000000,Doxycycline,Tetracycline,Broad,0,6377,26.91,75.79
Jaipur,2024-01,4000000,Metronidazole,Nitroimidazole,Narrow,0,6965,26.91,75.79
Jaipur,2024-01,4000000,Cotrimoxazole,Sulfonamide combination,Broad,1,6372,26.91,75.79
Jaipur,2024-01,4000000,Meropenem,Carbapenem,Very Broad,0,453,26.91,75.79
Jaipur,2024-02,4000000,Amoxicillin,Penicillin,Narrow,0,8886,26.91,75.79
Jaipur,2024-02,4000000,Amoxicillin-Clavulanate,Penicillin + beta-lactamase inhibitor,Broad,1,17792,26.91,75.79
Jaipur,2024-02,4000000,Azithromycin,Macrolide,Broad,0,12235,26.91,75.79
Jaipur,2024-02,4000000,Cefixime,Cephalosporin,Broad,0,9329,26.91,75.79
Jaipur,2024-02,4000000,Ceftriaxone,Cephalosporin,Broad,0,3887,26.91,75.79
Jaipur,2024-02,4000000,Ciprofloxacin,Fluoroquinolone,Broad,0,8957,26.91,75.79
Jaipur,2024-02,4000000,Doxycycline,Tetracycline,Broad,0,7298,26.91,75.79
Jaipur,2024-02,4000000,Metronidazole,Nitroimidazole,Narrow,0,6626,26.91,75.79
Jaipur,2024-02,4000000,Cotrimoxazole,Sulfonamide combination,Broad,1,5798,26.91,75.79
Jaipur,2024-02,4000000,Meropenem,Carbapenem,Very Broad,0,499,26.91,75.79
Jaipur,2024-03,4000000,Amoxicillin,Penicillin,Narrow,0,10945,26.91,75.79
Jaipur,2024-03,4000000,Amoxicillin-Clavulanate,Penicillin + beta-lactamase inhibitor,Broad,1,17050,26.91,75.79
Jaipur,2024-03,4000000,Azithromycin,Macrolide,Broad,0,11949,26.91,75.79
Jaipur,2024-03,4000000,Cefixime,Cephalosporin,Broad,0,10195,26.91,75.79
Jaipur,2024-03,4000000,Ceftriaxone,Cephalosporin,Broad,0,3851,26.91,75.79
Jaipur,2024-03,4000000,Ciprofloxacin,Fluoroquinolone,Broad,0,9209,26.91,75.79
Jaipur,2024-03,4000000,Doxycycline,Tetracycline,Broad,0,7035,26.91,75.79
Jaipur,2024-03,4000000,Metronidazole,Nitroimidazole,Narrow,0,8232,26.91,75.79
Jaipur,2024-03,4000000,Cotrimoxazole,Sulfonamide combination,Broad,1,6279,26.91,75.79
Jaipur,2024-03,4000000,Meropenem,Carbapenem,Very Broad,0,476,26.91,75.79
Jaipur,2024-04,4000000,Amoxicillin,Penicillin,Narrow,0,9378,26.91,75.79
Jaipur,2024-04,4000000,Amoxicillin-Clavulanate,Penicillin + beta-lactamase inhibitor,Broad,1,17895,26.91,75.79
Jaipur,2024-04,4000000,Azithromycin,Macrolide,Broad,0,14944,26.91,75.79
Jaipur,2024-04,4000000,Cefixime,Cephalosporin,Broad,0,9313,26.91,75.79
Jaipur,2024-04,4000000,Ceftriaxone,Cephalosporin,Broad,0,4148,26.91,75.79
Jaipur,2024-04,4000000,Ciprofloxacin,Fluoroquinolone,Broad,0,7249,26.91,75.79
Jaipur,2024-04,4000000,Doxycycline,Tetracycline,Broad,0,7498,26.91,75.79
Jaipur,2024-04,4000000,Metronidazole,Nitroimidazole,Narrow,0,7254,26.91,75.79
Jaipur,2024-04,4000000,Cotrimoxazole,Sulfonamide combination,Broad,1,6439,26.91,75.79
Jaipur,2024-04,4000000,Meropenem,Carbapenem,Very Broad,0,538,26.91,75.79
Jaipur,2024-05,4000000,Amoxicillin,Penicillin,Narrow,0,9941,26.91,75.79
Jaipur,2024-05,4000000,Amoxicillin-Clavulanate,Penicillin + beta-lactamase inhibitor,Broad,1,16609,26.91,75.79
Jaipur,2024-05,4000000,Azithromycin,Macrolide,Broad,0,11026,26.91,75.79
Jaipur,2024-05,4000000,Cefixime,Cephalosporin,Broad,0,8695,26.91,75.79
Jaipur,2024-05,4000000,Ceftriaxone,Cephalosporin,Broad,0,4245,26.91,75.79
Jaipur,2024-05,4000000,Ciprofloxacin,Fluoroquinolone,Broad,0,7554,26.91,75.79
Jaipur,2024-05,4000000,Doxycycline,Tetracycline,Broad,0,6966,26.91,75.79
Jaipur,2024-05,4000000,Metronidazole,Nitroimidazole,Narrow,0,7108,26.91,75.79
Jaipur,2024-05,4000000,Cotrimoxazole,Sulfonamide combination,Broad,1,7593,26.91,75.79
Jaipur,2024-05,4000000,Meropenem,Carbapenem,Very Broad,0,516,26.91,75.79
Jaipur,2024-06,4000000,Amoxicillin,Penicillin,Narrow,0,10661,26.91,75.79
Jaipur,2024-06,4000000,Amoxicillin-Clavulanate,Penicillin + beta-lactamase inhibitor,Broad,1,15362,26.91,75.79
Jaipur,2024-06,4000000,Azithromycin,Macrolide,Broad,0,13111,26.91,75.79
Jaipur,2024-06,4000000,Cefixime,Cephalosporin,Broad,0,8175,26.91,75.79
Jaipur,2024-06,4000000,Ceftriaxone,Cephalosporin,Broad,0,4098,26.91,75.79
Jaipur,2024-06,4000000,Ciprofloxacin,Fluoroquinolone,Broad,0,8335,26.91,75.79
Jaipur,2024-06,4000000,Doxycycline,Tetracycline,Broad,0,6533,26.91,75.79
Jaipur,2024-06,4000000,Metronidazole,Nitroimidazole,Narrow,0,6948,26.91,75.79
Jaipur,2024-06,4000000,Cotrimoxazole,Sulfonamide combination,Broad,1,6523,26.91,75.79
Jaipur,2024-06,4000000,Meropenem,Carbapenem,Very Broad,0,447,26.91,75.79
Jaipur,2024-07,4000000,Amoxicillin,Penicillin,Narrow,0,8848,26.91,75.79
Jaipur,2024-07,4000000,Amoxicillin-Clavulanate,Penicillin + beta-lactamase inhibitor,Broad,1,16252,26.91,75.79
Jaipur,2024-07,4000000,Azithromycin,Macrolide,Broad,0,11972,26.91,75.79
Jaipur,2024-07,4000000,Cefixime,Cephalosporin,Broad,0,8641,26.91,75.79
Jaipur,2024-07,4000000,Ceftriaxone,Cephalosporin,Broad,0,3497,26.91,75.79
Jaipur,2024-07,4000000,Ciprofloxacin,Fluoroquinolone,Broad,0,8292,26.91,75.79
Jaipur,2024-07,4000000,Doxycycline,Tetracycline,Broad,0,7031,26.91,75.79
Jaipur,2024-07,4000000,Metronidazole,Nitroimidazole,Narrow,0,7770,26.91,75.79
Jaipur,2024-07,4000000,Cotrimoxazole,Sulfonamide combination,Broad,1,6531,26.91,75.79
Jaipur,2024-07,4000000,Meropenem,Carbapenem,Very Broad,0,476,26.91,75.79
Jaipur,2024-08,4000000,Amoxicillin,Penicillin,Narrow,0,9171,26.91,75.79
Jaipur,2024-08,4000000,Amoxicillin-Clavulanate,Penicillin + beta-lactamase inhibitor,Broad,1,15712,26.91,75.79
Jaipur,2024-08,4000000,Azithromycin,Macrolide,Broad,0,11863,26.91,75.79
Jaipur,2024-08,4000000,Cefixime,Cephalosporin,Broad,0,7742,26.91,75.79
Jaipur,2024-08,4000000,Ceftriaxone,Cephalosporin,Broad,0,3374,26.91,75.79
Jaipur,2024-08,4000000,Ciprofloxacin,Fluoroquinolone,Broad,0,7610,26.91,75.79
Jaipur,2024-08,4000000,Doxycycline,Tetracycline,Broad,0,6831,26.91,75.79
Jaipur,2024-08,4000000,Metronidazole,Nitroimidazole,Narrow,0,6337,26.91,75.79
Jaipur,2024-08,4000000,Cotrimoxazole,Sulfonamide combination,Broad,1,6018,26.91,75.79
Jaipur,2024-08,4000000,Meropenem,Carbapenem,Very Broad,0,467,26.91,75.79
Jaipur,2024-09,4000000,Amoxicillin,Penicillin,Narrow,0,8318,26.91,75.79
Jaipur,2024-09,4000000,Amoxicillin-Clavulanate,Penicillin + beta-lactamase inhibitor,Broad,1,13164,26.91,75.79
Jaipur,2024-09,4000000,Azithromycin,Macrolide,Broad,0,11632,26.91,75.79
Jaipur,2024-09,4000000,Cefixime,Cephalosporin,Broad,0,8280,26.91,75.79
Jaipur,2024-09,4000000,Ceftriaxone,Cephalosporin,Broad,0,2868,26.91,75.79
Jaipur,2024-09,4000000,Ciprofloxacin,Fluoroquinolone,Broad,0,7218,26.91,75.79
Jaipur,2024-09,4000000,Doxycycline,Tetracycline,Broad,0,6163,26.91,75.79
Jaipur,2024-09,4000000,Metronidazole,Nitroimidazole,Narrow,0,6481,26.91,75.79
Jaipur,2024-09,4000000,Cotrimoxazole,Sulfonamide combination,Broad,1,5817,26.91,75.79
Jaipur,2024-09,4000000,Meropenem,Carbapenem,Very Broad,0,405,26.91,75.79
Jaipur,2024-10,4000000,Amoxicillin,Penicillin,Narrow,0,8327,26.91,75.79
Jaipur,2024-10,4000000,Amoxicillin-Clavulanate,Penicillin + beta-lactamase inhibitor,Broad,1,12883,26.91,75.79
Jaipur,2024-10,4000000,Azithromycin,Macrolide,Broad,0,10553,26.91,75.79
Jaipur,2024-10,4000000,Cefixime,Cephalosporin,Broad,0,7694,26.91,75.79
Jaipur,2024-10,4000000,Ceftriaxone,Cephalosporin,Broad,0,3193,26.91,75.79
Jaipur,2024-10,4000000,Ciprofloxacin,Fluoroquinolone,Broad,0,6230,26.91,75.79
Jaipur,2024-10,4000000,Doxycycline,Tetracycline,Broad,0,5797,26.91,75.79
Jaipur,2024-10,4000000,Metronidazole,Nitroimidazole,Narrow,0,6053,26.91,75.79
Jaipur,2024-10,4000000,Cotrimoxazole,Sulfonamide combination,Broad,1,5218,26.91,75.79
Jaipur,2024-10,4000000,Meropenem,Carbapenem,Very Broad,0,381,26.91,75.79
Jaipur,2024-11,4000000,Amoxicillin,Penicillin,Narrow,0,7740,26.91,75.79
Jaipur,2024-11,4000000,Amoxicillin-Clavulanate,Penicillin + beta-lactamase inhibitor,Broad,1,12187,26.91,75.79
Jaipur,2024-11,4000000,Azithromycin,Macrolide,Broad,0,10900,26.91,75.79
Jaipur,2024-11,4000000,Cefixime,Cephalosporin,Broad,0,8282,26.91,75.79
Jaipur,2024-11,4000000,Ceftriaxone,Cephalosporin,Broad,0,3677,26.91,75.79
Jaipur,2024-11,4000000,Ciprofloxacin,Fluoroquinolone,Broad,0,7832,26.91,75.79
Jaipur,2024-11,4000000,Doxycycline,Tetracycline,Broad,0,5421,26.91,75.79
Jaipur,2024-11,4000000,Metronidazole,Nitroimidazole,Narrow,0,6018,26.91,75.79
Jaipur,2024-11,4000000,Cotrimoxazole,Sulfonamide combination,Broad,1,5559,26.91,75.79
Jaipur,2024-11,4000000,Meropenem,Carbapenem,Very Broad,0,402,26.91,75.79
Jaipur,2024-12,4000000,Amoxicillin,Penicillin,Narrow,0,8184,26.91,75.79
Jaipur,2024-12,4000000,Amoxicillin-Clavulanate,Penicillin + beta-lactamase inhibitor,Broad,1,14810,26.91,75.79
Jaipur,2024-12,4000000,Azithromycin,Macrolide,Broad,0,12277,26.91,75.79
Jaipur,2024-12,4000000,Cefixime,Cephalosporin,Broad,0,8753,26.91,75.79
Jaipur,2024-12,4000000,Ceftriaxone,Cephalosporin,Broad,0,3227,26.91,75.79
Jaipur,2024-12,4000000,Ciprofloxacin,Fluoroquinolone,Broad,0,7583,26.91,75.79
Jaipur,2024-12,4000000,Doxycycline,Tetracycline,Broad,0,5111,26.91,75.79
Jaipur,2024-12,4000000,Metronidazole,Nitroimidazole,Narrow,0,6094,26.91,75.79
Jaipur,2024-12,4000000,Cotrimoxazole,Sulfonamide combination,Broad,1,5562,26.91,75.79
Jaipur,2024-12,4000000,Meropenem,Carbapenem,Very Broad,0,389,26.91,75.79
Jaipur,2025-01,4000000,Amoxicillin,Penicillin,Narrow,0,9240,26.91,75.79
Jaipur,2025-01,4000000,Amoxicillin-Clavulanate,Penicillin + beta-lactamase inhibitor,Broad,1,13125,26.91,75.79
Jaipur,2025-01,4000000,Azithromycin,Macrolide,Broad,0,12856,26.91,75.79
Jaipur,2025-01,4000000,Cefixime,Cephalosporin,Broad,0,8157,26.91,75.79
Jaipur,2025-01,4000000,Ceftriaxone,Cephalosporin,Broad,0,3786,26.91,75.79
Jaipur,2025-01,4000000,Ciprofloxacin,Fluoroquinolone,Broad,0,7484,26.91,75.79
Jaipur,2025-01,4000000,Doxycycline,Tetracycline,Broad,0,6834,26.91,75.79
Jaipur,2025-01,4000000,Metronidazole,Nitroimidazole,Narrow,0,6605,26.91,75.79
Jaipur,2025-01,4000000,Cotrimoxazole,Sulfonamide combination,Broad,1,6349,26.91,75.79
Jaipur,2025-01,4000000,Meropenem,Carbapenem,Very Broad,0,455,26.91,75.79
Jaipur,2025-02,4000000,Amoxicillin,Penicillin,Narrow,0,8645,26.91,75.79
Jaipur,2025-02,4000000,Amoxicillin-Clavulanate,Penicillin + beta-lactamase inhibitor,Broad,1,15015,26.91,75.79
Jaipur,2025-02,4000000,Azithromycin,Macrolide,Broad,0,12698,26.91,75.79
Jaipur,2025-02,4000000,Cefixime,Cephalosporin,Broad,0,9292,26.91,75.79
Jaipur,2025-02,4000000,Ceftriaxone,Cephalosporin,Broad,0,3697,26.91,75.79
Jaipur,2025-02,4000000,Ciprofloxacin,Fluoroquinolone,Broad,0,9193,26.91,75.79
Jaipur,2025-02,4000000,Doxycycline,Tetracycline,Broad,0,7080,26.91,75.79
Jaipur,2025-02,4000000,Metronidazole,Nitroimidazole,Narrow,0,6592,26.91,75.79
Jaipur,2025-02,4000000,Cotrimoxazole,Sulfonamide combination,Broad,1,6496,26.91,75.79
Jaipur,2025-02,4000000,Meropenem,Carbapenem,Very Broad,0,489,26.91,75.79
Jaipur,2025-03,4000000,Amoxicillin,Penicillin,Narrow,0,11591,26.91,75.79
Jaipur,2025-03,4000000,Amoxicillin-Clavulanate,Penicillin + beta-lactamase inhibitor,Broad,1,17086,26.91,75.79
Jaipur,2025-03,4000000,Azithromycin,Macrolide,Broad,0,13666,26.91,75.79
Jaipur,2025-03,4000000,Cefixime,Cephalosporin,Broad,0,10093,26.91,75.79
Jaipur,2025-03,4000000,Ceftriaxone,Cephalosporin,Broad,0,4068,26.91,75.79
Jaipur,2025-03,4000000,Ciprofloxacin,Fluoroquinolone,Broad,0,8890,26.91,75.79
Jaipur,2025-03,4000000,Doxycycline,Tetracycline,Broad,0,6723,26.91,75.79
Jaipur,2025-03,4000000,Metronidazole,Nitroimidazole,Narrow,0,7106,26.91,75.79
Jaipur,2025-03,4000000,Cotrimoxazole,Sulfonamide combination,Broad,1,6498,26.91,75.79
Jaipur,2025-03,4000000,Meropenem,Carbapenem,Very Broad,0,445,26.91,75.79
Jaipur,2025-04,4000000,Amoxicillin,Penicillin,Narrow,0,9462,26.91,75.79
Jaipur,2025-04,4000000,Amoxicillin-Clavulanate,Penicillin + beta-lactamase inhibitor,Broad,1,18824,26.91,75.79
Jaipur,2025-04,4000000,Azithromycin,Macrolide,Broad,0,14190,26.91,75.79
Jaipur,2025-04,4000000,Cefixime,Cephalosporin,Broad,0,9179,26.91,75.79
Jaipur,2025-04,4000000,Ceftriaxone,Cephalosporin,Broad,0,4023,26.91,75.79
Jaipur,2025-04,4000000,Ciprofloxacin,Fluoroquinolone,Broad,0,8004,26.91,75.79
Jaipur,2025-04,4000000,Doxycycline,Tetracycline,Broad,0,7375,26.91,75.79
Jaipur,2025-04,4000000,Metronidazole,Nitroimidazole,Narrow,0,7692,26.91,75.79
Jaipur,2025-04,4000000,Cotrimoxazole,Sulfonamide combination,Broad,1,7523,26.91,75.79
Jaipur,2025-04,4000000,Meropenem,Carbapenem,Very Broad,0,485,26.91,75.79
Jaipur,2025-05,4000000,Amoxicillin,Penicillin,Narrow,0,9035,26.91,75.79
Jaipur,2025-05,4000000,Amoxicillin-Clavulanate,Penicillin + beta-lactamase inhibitor,Broad,1,16636,26.91,75.79
Jaipur,2025-05,4000000,Azithromycin,Macrolide,Broad,0,14120,26.91,75.79
Jaipur,2025-05,4000000,Cefixime,Cephalosporin,Broad,0,11132,26.91,75.79
Jaipur,2025-05,4000000,Ceftriaxone,Cephalosporin,Broad,0,4274,26.91,75.79
Jaipur,2025-05,4000000,Ciprofloxacin,Fluoroquinolone,Broad,0,9314,26.91,75.79
Jaipur,2025-05,4000000,Doxycycline,Tetracycline,Broad,0,6427,26.91,75.79
Jaipur,2025-05,4000000,Metronidazole,Nitroimidazole,Narrow,0,6289,26.91,75.79
Jaipur,2025-05,4000000,Cotrimoxazole,Sulfonamide combination,Broad,1,7280,26.91,75.79
Jaipur,2025-05,4000000,Meropenem,Carbapenem,Very Broad,0,506,26.91,75.79
Jaipur,2025-06,4000000,Amoxicillin,Penicillin,Narrow,0,9821,26.91,75.79
Jaipur,2025-06,4000000,Amoxicillin-Clavulanate,Penicillin + beta-lactamase inhibitor,Broad,1,17054,26.91,75.79
Jaipur,2025-06,4000000,Azithromycin,Macrolide,Broad,0,13341,26.91,75.79
Jaipur,2025-06,4000000,Cefixime,Cephalosporin,Broad,0,9400,26.91,75.79
Jaipur,2025-06,4000000,Ceftriaxone,Cephalosporin,Broad,0,4234,26.91,75.79
Jaipur,2025-06,4000000,Ciprofloxacin,Fluoroquinolone,Broad,0,8793,26.91,75.79
Jaipur,2025-06,4000000,Doxycycline,Tetracycline,Broad,0,7174,26.91,75.79
Jaipur,2025-06,4000000,Metronidazole,Nitroimidazole,Narrow,0,7675,26.91,75.79
Jaipur,2025-06,4000000,Cotrimoxazole,Sulfonamide combination,Broad,1,6155,26.91,75.79
Jaipur,2025-06,4000000,Meropenem,Carbapenem,Very Broad,0,583,26.91,75.79
Jaipur,2025-07,4000000,Amoxicillin,Penicillin,Narrow,0,9587,26.91,75.79
Jaipur,2025-07,4000000,Amoxicillin-Clavulanate,Penicillin + beta-lactamase inhibitor,Broad,1,16885,26.91,75.79
Jaipur,2025-07,4000000,Azithromycin,Macrolide,Broad,0,13561,26.91,75.79
Jaipur,2025-07,4000000,Cefixime,Cephalosporin,Broad,0,9435,26.91,75.79
Jaipur,2025-07,4000000,Ceftriaxone,Cephalosporin,Broad,0,3264,26.91,75.79
Jaipur,2025-07,4000000,Ciprofloxacin,Fluoroquinolone,Broad,0,9296,26.91,75.79
Jaipur,2025-07,4000000,Doxycycline,Tetracycline,Broad,0,6749,26.91,75.79
Jaipur,2025-07,4000000,Metronidazole,Nitroimidazole,Narrow,0,6833,26.91,75.79
Jaipur,2025-07,4000000,Cotrimoxazole,Sulfonamide combination,Broad,1,5770,26.91,75.79
Jaipur,2025-07,4000000,Meropenem,Carbapenem,Very Broad,0,480,26.91,75.79
Jaipur,2025-08,4000000,Amoxicillin,Penicillin,Narrow,0,8871,26.91,75.79
Jaipur,2025-08,4000000,Amoxicillin-Clavulanate,Penicillin + beta-lactamase inhibitor,Broad,1,14591,26.91,75.79
Jaipur,2025-08,4000000,Azithromycin,Macrolide,Broad,0,12773,26.91,75.79
Jaipur,2025-08,4000000,Cefixime,Cephalosporin,Broad,0,9530,26.91,75.79
Jaipur,2025-08,4000000,Ceftriaxone,Cephalosporin,Broad,0,3469,26.91,75.79
Jaipur,2025-08,4000000,Ciprofloxacin,Fluoroquinolone,Broad,0,7873,26.91,75.79
Jaipur,2025-08,4000000,Doxycycline,Tetracycline,Broad,0,6272,26.91,75.79
Jaipur,2025-08,4000000,Metronidazole,Nitroimidazole,Narrow,0,6935,26.91,75.79
Jaipur,2025-08,4000000,Cotrimoxazole,Sulfonamide combination,Broad,1,5713,26.91,75.79
Jaipur,2025-08,4000000,Meropenem,Carbapenem,Very Broad,0,412,26.91,75.79
Jaipur,2025-09,4000000,Amoxicillin,Penicillin,Narrow,0,8147,26.91,75.79
Jaipur,2025-09,4000000,Amoxicillin-Clavulanate,Penicillin + beta-lactamase inhibitor,Broad,1,14541,26.91,75.79
Jaipur,2025-09,4000000,Azithromycin,Macrolide,Broad,0,9723,26.91,75.79
Jaipur,2025-09,4000000,Cefixime,Cephalosporin,Broad,0,8480,26.91,75.79
Jaipur,2025-09,4000000,Ceftriaxone,Cephalosporin,Broad,0,3844,26.91,75.79
Jaipur,2025-09,4000000,Ciprofloxacin,Fluoroquinolone,Broad,0,8018,26.91,75.79
Jaipur,2025-09,4000000,Doxycycline,Tetracycline,Broad,0,6951,26.91,75.79
Jaipur,2025-09,4000000,Metronidazole,Nitroimidazole,Narrow,0,5782,26.91,75.79
Jaipur,2025-09,4000000,Cotrimoxazole,Sulfonamide combination,Broad,1,5830,26.91,75.79
Jaipur,2025-09,4000000,Meropenem,Carbapenem,Very Broad,0,386,26.91,75.79
Jaipur,2025-10,4000000,Amoxicillin,Penicillin,Narrow,0,8817,26.91,75.79
Jaipur,2025-10,4000000,Amoxicillin-Clavulanate,Penicillin + beta-lactamase inhibitor,Broad,1,14154,26.91,75.79
Jaipur,2025-10,4000000,Azithromycin,Macrolide,Broad,0,9815,26.91,75.79
Jaipur,2025-10,4000000,Cefixime,Cephalosporin,Broad,0,7063,26.91,75.79
Jaipur,2025-10,4000000,Ceftriaxone,Cephalosporin,Broad,0,2927,26.91,75.79
Jaipur,2025-10,4000000,Ciprofloxacin,Fluoroquinolone,Broad,0,7673,26.91,75.79
Jaipur,2025-10,4000000,Doxycycline,Tetracycline,Broad,0,7037,26.91,75.79
Jaipur,2025-10,4000000,Metronidazole,Nitroimidazole,Narrow,0,6681,26.91,75.79
Jaipur,2025-10,4000000,Cotrimoxazole,Sulfonamide combination,Broad,1,4734,26.91,75.79
Jaipur,2025-10,4000000,Meropenem,Carbapenem,Very Broad,0,444,26.91,75.79
Jaipur,2025-11,4000000,Amoxicillin,Penicillin,Narrow,0,7515,26.91,75.79
Jaipur,2025-11,4000000,Amoxicillin-Clavulanate,Penicillin + beta-lactamase inhibitor,Broad,1,14354,26.91,75.79
Jaipur,2025-11,4000000,Azithromycin,Macrolide,Broad,0,12506,26.91,75.79
Jaipur,2025-11,4000000,Cefixime,Cephalosporin,Broad,0,8421,26.91,75.79
Jaipur,2025-11,4000000,Ceftriaxone,Cephalosporin,Broad,0,3039,26.91,75.79
Jaipur,2025-11,4000000,Ciprofloxacin,Fluoroquinolone,Broad,0,7988,26.91,75.79
Jaipur,2025-11,4000000,Doxycycline,Tetracycline,Broad,0,5282,26.91,75.79
Jaipur,2025-11,4000000,Metronidazole,Nitroimidazole,Narrow,0,6078,26.91,75.79
Jaipur,2025-11,4000000,Cotrimoxazole,Sulfonamide combination,Broad,1,6263,26.91,75.79
Jaipur,2025-11,4000000,Meropenem,Carbapenem,Very Broad,0,419,26.91,75.79
Jaipur,2025-12,4000000,Amoxicillin,Penicillin,Narrow,0,9421,26.91,75.79
Jaipur,2025-12,4000000,Amoxicillin-Clavulanate,Penicillin + beta-lactamase inhibitor,Broad,1,16302,26.91,75.79
Jaipur,2025-12,4000000,Azithromycin,Macrolide,Broad,0,13297,26.91,75.79
Jaipur,2025-12,4000000,Cefixime,Cephalosporin,Broad,0,8935,26.91,75.79
Jaipur,2025-12,4000000,Ceftriaxone,Cephalosporin,Broad,0,3777,26.91,75.79
Jaipur,2025-12,4000000,Ciprofloxacin,Fluoroquinolone,Broad,0,8354,26.91,75.79
Jaipur,2025-12,4000000,Doxycycline,Tetracycline,Broad,0,6651,26.91,75.79
Jaipur,2025-12,4000000,Metronidazole,Nitroimidazole,Narrow,0,6466,26.91,75.79
Jaipur,2025-12,4000000,Cotrimoxazole,Sulfonamide combination,Broad,1,5862,26.91,75.79
Jaipur,2025-12,4000000,Meropenem,Carbapenem,Very Broad,0,393,26.91,75.79
Lucknow,2024-01,4000000,Amoxicillin,Penicillin,Narrow,0,9209,26.85,80.95
Lucknow,2024-01,4000000,Amoxicillin-Clavulanate,Penicillin + beta-lactamase inhibitor,Broad,1,17491,26.85,80.95
Lucknow,2024-01,4000000,Azithromycin,Macrolide,Broad,0,14696,26.85,80.95
Lucknow,2024-01,4000000,Cefixime,Cephalosporin,Broad,0,9162,26.85,80.95
Lucknow,2024-01,4000000,Ceftriaxone,Cephalosporin,Broad,0,4118,26.85,80.95
Lucknow,2024-01,4000000,Ciprofloxacin,Fluoroquinolone,Broad,0,9383,26.85,80.95
Lucknow,2024-01,4000000,Doxycycline,Tetracycline,Broad,0,7025,26.85,80.95
Lucknow,2024-01,4000000,Metronidazole,Nitroimidazole,Narrow,0,7148,26.85,80.95
Lucknow,2024-01,4000000,Cotrimoxazole,Sulfonamide combination,Broad,1,6626,26.85,80.95
Lucknow,2024-01,4000000,Meropenem,Carbapenem,Very Broad,0,534,26.85,80.95
Lucknow,2024-02,4000000,Amoxicillin,Penicillin,Narrow,0,9076,26.85,80.95
Lucknow,2024-02,4000000,Amoxicillin-Clavulanate,Penicillin + beta-lactamase inhibitor,Broad,1,19231,26.85,80.95
Lucknow,2024-02,4000000,Azithromycin,Macrolide,Broad,0,15947,26.85,80.95
Lucknow,2024-02,4000000,Cefixime,Cephalosporin,Broad,0,9802,26.85,80.95
Lucknow,2024-02,4000000,Ceftriaxone,Cephalosporin,Broad,0,4279,26.85,80.95
Lucknow,2024-02,4000000,Ciprofloxacin,Fluoroquinolone,Broad,0,9769,26.85,80.95
Lucknow,2024-02,4000000,Doxycycline,Tetracycline,Broad,0,7128,26.85,80.95
Lucknow,2024-02,4000000,Metronidazole,Nitroimidazole,Narrow,0,7526,26.85,80.95
Lucknow,2024-02,4000000,Cotrimoxazole,Sulfonamide combination,Broad,1,6684,26.85,80.95
Lucknow,2024-02,4000000,Meropenem,Carbapenem,Very Broad,0,509,26.85,80.95
Lucknow,2024-03,4000000,Amoxicillin,Penicillin,Narrow,0,10639,26.85,80.95
Lucknow,2024-03,4000000,Amoxicillin-Clavulanate,Penicillin + beta-lactamase inhibitor,Broad,1,19744,26.85,80.95
Lucknow,2024-03,4000000,Azithromycin,Macrolide,Broad,0,15162,26.85,80.95
Lucknow,2024-03,4000000,Cefixime,Cephalosporin,Broad,0,10394,26.85,80.95
Lucknow,2024-03,4000000,Ceftriaxone,Cephalosporin,Broad,0,4355,26.85,80.95
Lucknow,2024-03,4000000,Ciprofloxacin,Fluoroquinolone,Broad,0,10347,26.85,80.95
Lucknow,2024-03,4000000,Doxycycline,Tetracycline,Broad,0,7678,26.85,80.95
Lucknow,2024-03,4000000,Metronidazole,Nitroimidazole,Narrow,0,7559,26.85,80.95
Lucknow,2024-03,4000000,Cotrimoxazole,Sulfonamide combination,Broad,1,7752,26.85,80.95
Lucknow,2024-03,4000000,Meropenem,Carbapenem,Very Broad,0,499,26.85,80.95
Lucknow,2024-04,4000000,Amoxicillin,Penicillin,Narrow,0,11681,26.85,80.95
Lucknow,2024-04,4000000,Amoxicillin-Clavulanate,Penicillin + beta-lactamase inhibitor,Broad,1,20605,26.85,80.95
Lucknow,2024-04,4000000,Azithromycin,Macrolide,Broad,0,12974,26.85,80.95
Lucknow,2024-04,4000000,Cefixime,Cephalosporin,Broad,0,9239,26.85,80.95
Lucknow,2024-04,4000000,Ceftriaxone,Cephalosporin,Broad,0,4316,26.85,80.95
Lucknow,2024-04,4000000,Ciprofloxacin,Fluoroquinolone,Broad,0,11021,26.85,80.95
Lucknow,2024-04,4000000,Doxycycline,Tetracycline,Broad,0,8011,26.85,80.95
Lucknow,2024-04,4000000,Metronidazole,Nitroimidazole,Narrow,0,8346,26.85,80.95
Lucknow,2024-04,4000000,Cotrimoxazole,Sulfonamide combination,Broad,1,8076,26.85,80.95
Lucknow,2024-04,4000000,Meropenem,Carbapenem,Very Broad,0,582,26.85,80.95
Lucknow,2024-05,4000000,Amoxicillin,Penicillin,Narrow,0,11039,26.85,80.95
Lucknow,2024-05,4000000,Amoxicillin-Clavulanate,Penicillin + beta-lactamase inhibitor,Broad,1,19170,26.85,80.95
Lucknow,2024-05,4000000,Azithromycin,Macrolide,Broad,0,14839,26.85,80.95
Lucknow,2024-05,4000000,Cefixime,Cephalosporin,Broad,0,9656,26.85,80.95
Lucknow,2024-05,4000000,Ceftriaxone,Cephalosporin,Broad,0,4342,26.85,80.95
Lucknow,2024-05,4000000,Ciprofloxacin,Fluoroquinolone,Broad,0,9969,26.85,80.95
Lucknow,2024-05,4000000,Doxycycline,Tetracycline,Broad,0,7906,26.85,80.95
Lucknow,2024-05,4000000,Metronidazole,Nitroimidazole,Narrow,0,7729,26.85,80.95
Lucknow,2024-05,4000000,Cotrimoxazole,Sulfonamide combination,Broad,1,7571,26.85,80.95
Lucknow,2024-05,4000000,Meropenem,Carbapenem,Very Broad,0,526,26.85,80.95
Lucknow,2024-06,4000000,Amoxicillin,Penicillin,Narrow,0,10823,26.85,80.95
Lucknow,2024-06,4000000,Amoxicillin-Clavulanate,Penicillin + beta-lactamase inhibitor,Broad,1,18631,26.85,80.95
Lucknow,2024-06,4000000,Azithromycin,Macrolide,Broad,0,14181,26.85,80.95
Lucknow,2024-06,4000000,Cefixime,Cephalosporin,Broad,0,9592,26.85,80.95
Lucknow,2024-06,4000000,Ceftriaxone,Cephalosporin,Broad,0,3856,26.85,80.95
Lucknow,2024-06,4000000,Ciprofloxacin,Fluoroquinolone,Broad,0,10337,26.85,80.95
Lucknow,2024-06,4000000,Doxycycline,Tetracycline,Broad,0,6891,26.85,80.95
Lucknow,2024-06,4000000,Metronidazole,Nitroimidazole,Narrow,0,7804,26.85,80.95
Lucknow,2024-06,4000000,Cotrimoxazole,Sulfonamide combination,Broad,1,7615,26.85,80.95
Lucknow,2024-06,4000000,Meropenem,Carbapenem,Very Broad,0,544,26.85,80.95
Lucknow,2024-07,4000000,Amoxicillin,Penicillin,Narrow,0,9916,26.85,80.95
Lucknow,2024-07,4000000,Amoxicillin-Clavulanate,Penicillin + beta-lactamase inhibitor,Broad,1,17085,26.85,80.95
Lucknow,2024-07,4000000,Azithromycin,Macrolide,Broad,0,13361,26.85,80.95
Lucknow,2024-07,4000000,Cefixime,Cephalosporin,Broad,0,9579,26.85,80.95
Lucknow,2024-07,4000000,Ceftriaxone,Cephalosporin,Broad,0,3585,26.85,80.95
Lucknow,2024-07,4000000,Ciprofloxacin,Fluoroquinolone,Broad,0,8856,26.85,80.95
Lucknow,2024-07,4000000,Doxycycline,Tetracycline,Broad,0,8153,26.85,80.95
Lucknow,2024-07,4000000,Metronidazole,Nitroimidazole,Narrow,0,7780,26.85,80.95
Lucknow,2024-07,4000000,Cotrimoxazole,Sulfonamide combination,Broad,1,7541,26.85,80.95
Lucknow,2024-07,4000000,Meropenem,Carbapenem,Very Broad,0,466,26.85,80.95
Lucknow,2024-08,4000000,Amoxicillin,Penicillin,Narrow,0,9583,26.85,80.95
Lucknow,2024-08,4000000,Amoxicillin-Clavulanate,Penicillin + beta-lactamase inhibitor,Broad,1,18023,26.85,80.95
Lucknow,2024-08,4000000,Azithromycin,Macrolide,Broad,0,12766,26.85,80.95
Lucknow,2024-08,4000000,Cefixime,Cephalosporin,Broad,0,9206,26.85,80.95
Lucknow,2024-08,4000000,Ceftriaxone,Cephalosporin,Broad,0,3714,26.85,80.95
Lucknow,2024-08,4000000,Ciprofloxacin,Fluoroquinolone,Broad,0,8077,26.85,80.95
Lucknow,2024-08,4000000,Doxycycline,Tetracycline,Broad,0,5978,26.85,80.95
Lucknow,2024-08,4000000,Metronidazole,Nitroimidazole,Narrow,0,6718,26.85,80.95
Lucknow,2024-08,4000000,Cotrimoxazole,Sulfonamide combination,Broad,1,6809,26.85,80.95
Lucknow,2024-08,4000000,Meropenem,Carbapenem,Very Broad,0,501,26.85,80.95
Lucknow,2024-09,4000000,Amoxicillin,Penicillin,Narrow,0,9021,26.85,80.95
Lucknow,2024-09,4000000,Amoxicillin-Clavulanate,Penicillin + beta-lactamase inhibitor,Broad,1,18250,26.85,80.95
Lucknow,2024-09,4000000,Azithromycin,Macrolide,Broad,0,11616,26.85,80.95
Lucknow,2024-09,4000000,Cefixime,Cephalosporin,Broad,0,8392,26.85,80.95
Lucknow,2024-09,4000000,Ceftriaxone,Cephalosporin,Broad,0,3595,26.85,80.95
Lucknow,2024-09,4000000,Ciprofloxacin,Fluoroquinolone,Broad,0,9177,26.85,80.95
Lucknow,2024-09,4000000,Doxycycline,Tetracycline,Broad,0,6054,26.85,80.95
Lucknow,2024-09,4000000,Metronidazole,Nitroimidazole,Narrow,0,6353,26.85,80.95
Lucknow,2024-09,4000000,Cotrimoxazole,Sulfonamide combination,Broad,1,5840,26.85,80.95
Lucknow,2024-09,4000000,Meropenem,Carbapenem,Very Broad,0,429,26.85,80.95
Lucknow,2024-10,4000000,Amoxicillin,Penicillin,Narrow,0,9370,26.85,80.95
Lucknow,2024-10,4000000,Amoxicillin-Clavulanate,Penicillin + beta-lactamase inhibitor,Broad,1,18079,26.85,80.95
Lucknow,2024-10,4000000,Azithromycin,Macrolide,Broad,0,12181,26.85,80.95
Lucknow,2024-10,4000000,Cefixime,Cephalosporin,Broad,0,8174,26.85,80.95
Lucknow,2024-10,4000000,Ceftriaxone,Cephalosporin,Broad,0,4160,26.85,80.95
Lucknow,2024-10,4000000,Ciprofloxacin,Fluoroquinolone,Broad,0,7689,26.85,80.95
Lucknow,2024-10,4000000,Doxycycline,Tetracycline,Broad,0,6262,26.85,80.95
Lucknow,2024-10,4000000,Metronidazole,Nitroimidazole,Narrow,0,5365,26.85,80.95
Lucknow,2024-10,4000000,Cotrimoxazole,Sulfonamide combination,Broad,1,6913,26.85,80.95
Lucknow,2024-10,4000000,Meropenem,Carbapenem,Very Broad,0,482,26.85,80.95
Lucknow,2024-11,4000000,Amoxicillin,Penicillin,Narrow,0,7805,26.85,80.95
Lucknow,2024-11,4000000,Amoxicillin-Clavulanate,Penicillin + beta-lactamase inhibitor,Broad,1,18874,26.85,80.95
Lucknow,2024-11,4000000,Azithromycin,Macrolide,Broad,0,12620,26.85,80.95
Lucknow,2024-11,4000000,Cefixime,Cephalosporin,Broad,0,9317,26.85,80.95
Lucknow,2024-11,4000000,Ceftriaxone,Cephalosporin,Broad,0,3208,26.85,80.95
Lucknow,2024-11,4000000,Ciprofloxacin,Fluoroquinolone,Broad,0,9211,26.85,80.95
Lucknow,2024-11,4000000,Doxycycline,Tetracycline,Broad,0,7236,26.85,80.95
Lucknow,2024-11,4000000,Metronidazole,Nitroimidazole,Narrow,0,6318,26.85,80.95
Lucknow,2024-11,4000000,Cotrimoxazole,Sulfonamide combination,Broad,1,7007,26.85,80.95
Lucknow,2024-11,4000000,Meropenem,Carbapenem,Very Broad,0,449,26.85,80.95
Lucknow,2024-12,4000000,Amoxicillin,Penicillin,Narrow,0,8705,26.85,80.95
Lucknow,2024-12,4000000,Amoxicillin-Clavulanate,Penicillin + beta-lactamase inhibitor,Broad,1,14812,26.85,80.95
Lucknow,2024-12,4000000,Azithromycin,Macrolide,Broad,0,13826,26.85,80.95
Lucknow,2024-12,4000000,Cefixime,Cephalosporin,Broad,0,9797,26.85,80.95
Lucknow,2024-12,4000000,Ceftriaxone,Cephalosporin,Broad,0,3550,26.85,80.95
Lucknow,2024-12,4000000,Ciprofloxacin,Fluoroquinolone,Broad,0,8716,26.85,80.95
Lucknow,2024-12,4000000,Doxycycline,Tetracycline,Broad,0,6856,26.85,80.95
Lucknow,2024-12,4000000,Metronidazole,Nitroimidazole,Narrow,0,6720,26.85,80.95
Lucknow,2024-12,4000000,Cotrimoxazole,Sulfonamide combination,Broad,1,6440,26.85,80.95
Lucknow,2024-12,4000000,Meropenem,Carbapenem,Very Broad,0,451,26.85,80.95
Lucknow,2025-01,4000000,Amoxicillin,Penicillin,Narrow,0,9531,26.85,80.95
Lucknow,2025-01,4000000,Amoxicillin-Clavulanate,Penicillin + beta-lactamase inhibitor,Broad,1,19126,26.85,80.95
Lucknow,2025-01,4000000,Azithromycin,Macrolide,Broad,0,15353,26.85,80.95
Lucknow,2025-01,4000000,Cefixime,Cephalosporin,Broad,0,10274,26.85,80.95
Lucknow,2025-01,4000000,Ceftriaxone,Cephalosporin,Broad,0,3861,26.85,80.95
Lucknow,2025-01,4000000,Ciprofloxacin,Fluoroquinolone,Broad,0,9084,26.85,80.95
Lucknow,2025-01,4000000,Doxycycline,Tetracycline,Broad,0,7428,26.85,80.95
Lucknow,2025-01,4000000,Metronidazole,Nitroimidazole,Narrow,0,7089,26.85,80.95
Lucknow,2025-01,4000000,Cotrimoxazole,Sulfonamide combination,Broad,1,6614,26.85,80.95
Lucknow,2025-01,4000000,Meropenem,Carbapenem,Very Broad,0,528,26.85,80.95
Lucknow,2025-02,4000000,Amoxicillin,Penicillin,Narrow,0,8948,26.85,80.95
Lucknow,2025-02,4000000,Amoxicillin-Clavulanate,Penicillin + beta-lactamase inhibitor,Broad,1,19496,26.85,80.95
Lucknow,2025-02,4000000,Azithromycin,Macrolide,Broad,0,14699,26.85,80.95
Lucknow,2025-02,4000000,Cefixime,Cephalosporin,Broad,0,10449,26.85,80.95
Lucknow,2025-02,4000000,Ceftriaxone,Cephalosporin,Broad,0,4502,26.85,80.95
Lucknow,2025-02,4000000,Ciprofloxacin,Fluoroquinolone,Broad,0,9935,26.85,80.95
Lucknow,2025-02,4000000,Doxycycline,Tetracycline,Broad,0,9119,26.85,80.95
Lucknow,2025-02,4000000,Metronidazole,Nitroimidazole,Narrow,0,7321,26.85,80.95
Lucknow,2025-02,4000000,Cotrimoxazole,Sulfonamide combination,Broad,1,8130,26.85,80.95
Lucknow,2025-02,4000000,Meropenem,Carbapenem,Very Broad,0,574,26.85,80.95
Lucknow,2025-03,4000000,Amoxicillin,Penicillin,Narrow,0,10419,26.85,80.95
Lucknow,2025-03,4000000,Amoxicillin-Clavulanate,Penicillin + beta-lactamase inhibitor,Broad,1,18066,26.85,80.95
Lucknow,2025-03,4000000,Azithromycin,Macrolide,Broad,0,15443,26.85,80.95
Lucknow,2025-03,4000000,Cefixime,Cephalosporin,Broad,0,11054,26.85,80.95
Lucknow,2025-03,4000000,Ceftriaxone,Cephalosporin,Broad,0,3967,26.85,80.95
Lucknow,2025-03,4000000,Ciprofloxacin,Fluoroquinolone,Broad,0,9228,26.85,80.95
Lucknow,2025-03,4000000,Doxycycline,Tetracycline,Broad,0,7822,26.85,80.95
Lucknow,2025-03,4000000,Metronidazole,Nitroimidazole,Narrow,0,7212,26.85,80.95
Lucknow,2025-03,4000000,Cotrimoxazole,Sulfonamide combination,Broad,1,8242,26.85,80.95
Lucknow,2025-03,4000000,Meropenem,Carbapenem,Very Broad,0,534,26.85,80.95
Lucknow,2025-04,4000000,Amoxicillin,Penicillin,Narrow,0,10909,26.85,80.95
Lucknow,2025-04,4000000,Amoxicillin-Clavulanate,Penicillin + beta-lactamase inhibitor,Broad,1,23540,26.85,80.95
Lucknow,2025-04,4000000,Azithromycin,Macrolide,Broad,0,14844,26.85,80.95
Lucknow,2025-04,4000000,Cefixime,Cephalosporin,Broad,0,9760,26.85,80.95
Lucknow,2025-04,4000000,Ceftriaxone,Cephalosporin,Broad,0,4247,26.85,80.95
Lucknow,2025-04,4000000,Ciprofloxacin,Fluoroquinolone,Broad,0,10105,26.85,80.95
Lucknow,2025-04,4000000,Doxycycline,Tetracycline,Broad,0,7651,26.85,80.95
Lucknow,2025-04,4000000,Metronidazole,Nitroimidazole,Narrow,0,7174,26.85,80.95
Lucknow,2025-04,4000000,Cotrimoxazole,Sulfonamide combination,Broad,1,7906,26.85,80.95
Lucknow,2025-04,4000000,Meropenem,Carbapenem,Very Broad,0,585,26.85,80.95
Lucknow,2025-05,4000000,Amoxicillin,Penicillin,Narrow,0,10383,26.85,80.95
Lucknow,2025-05,4000000,Amoxicillin-Clavulanate,Penicillin + beta-lactamase inhibitor,Broad,1,22500,26.85,80.95
Lucknow,2025-05,4000000,Azithromycin,Macrolide,Broad,0,19427,26.85,80.95
Lucknow,2025-05,4000000,Cefixime,Cephalosporin,Broad,0,10174,26.85,80.95
Lucknow,2025-05,4000000,Ceftriaxone,Cephalosporin,Broad,0,4683,26.85,80.95
Lucknow,2025-05,4000000,Ciprofloxacin,Fluoroquinolone,Broad,0,10489,26.85,80.95
Lucknow,2025-05,4000000,Doxycycline,Tetracycline,Broad,0,8901,26.85,80.95
Lucknow,2025-05,4000000,Metronidazole,Nitroimidazole,Narrow,0,8154,26.85,80.95
Lucknow,2025-05,4000000,Cotrimoxazole,Sulfonamide combination,Broad,1,9426,26.85,80.95
Lucknow,2025-05,4000000,Meropenem,Carbapenem,Very Broad,0,631,26.85,80.95
Lucknow,2025-06,4000000,Amoxicillin,Penicillin,Narrow,0,9559,26.85,80.95
Lucknow,2025-06,4000000,Amoxicillin-Clavulanate,Penicillin + beta-lactamase inhibitor,Broad,1,25144,26.85,80.95
Lucknow,2025-06,4000000,Azithromycin,Macrolide,Broad,0,14043,26.85,80.95
Lucknow,2025-06,4000000,Cefixime,Cephalosporin,Broad,0,10050,26.85,80.95
Lucknow,2025-06,4000000,Ceftriaxone,Cephalosporin,Broad,0,4127,26.85,80.95
Lucknow,2025-06,4000000,Ciprofloxacin,Fluoroquinolone,Broad,0,8679,26.85,80.95
Lucknow,2025-06,4000000,Doxycycline,Tetracycline,Broad,0,7074,26.85,80.95
Lucknow,2025-06,4000000,Metronidazole,Nitroimidazole,Narrow,0,8903,26.85,80.95
Lucknow,2025-06,4000000,Cotrimoxazole,Sulfonamide combination,Broad,1,7123,26.85,80.95
Lucknow,2025-06,4000000,Meropenem,Carbapenem,Very Broad,0,544,26.85,80.95
Lucknow,2025-07,4000000,Amoxicillin,Penicillin,Narrow,0,9145,26.85,80.95
Lucknow,2025-07,4000000,Amoxicillin-Clavulanate,Penicillin + beta-lactamase inhibitor,Broad,1,20417,26.85,80.95
Lucknow,2025-07,4000000,Azithromycin,Macrolide,Broad,0,12616,26.85,80.95
Lucknow,2025-07,4000000,Cefixime,Cephalosporin,Broad,0,9711,26.85,80.95
Lucknow,2025-07,4000000,Ceftriaxone,Cephalosporin,Broad,0,4212,26.85,80.95
Lucknow,2025-07,4000000,Ciprofloxacin,Fluoroquinolone,Broad,0,8963,26.85,80.95
Lucknow,2025-07,4000000,Doxycycline,Tetracycline,Broad,0,7809,26.85,80.95
Lucknow,2025-07,4000000,Metronidazole,Nitroimidazole,Narrow,0,6948,26.85,80.95
Lucknow,2025-07,4000000,Cotrimoxazole,Sulfonamide combination,Broad,1,8116,26.85,80.95
Lucknow,2025-07,4000000,Meropenem,Carbapenem,Very Broad,0,576,26.85,80.95
Lucknow,2025-08,4000000,Amoxicillin,Penicillin,Narrow,0,8178,26.85,80.95
Lucknow,2025-08,4000000,Amoxicillin-Clavulanate,Penicillin + beta-lactamase inhibitor,Broad,1,18808,26.85,80.95
Lucknow,2025-08,4000000,Azithromycin,Macrolide,Broad,0,11564,26.85,80.95
Lucknow,2025-08,4000000,Cefixime,Cephalosporin,Broad,0,9564,26.85,80.95
Lucknow,2025-08,4000000,Ceftriaxone,Cephalosporin,Broad,0,3307,26.85,80.95
Lucknow,2025-08,4000000,Ciprofloxacin,Fluoroquinolone,Broad,0,7518,26.85,80.95
Lucknow,2025-08,4000000,Doxycycline,Tetracycline,Broad,0,7919,26.85,80.95
Lucknow,2025-08,4000000,Metronidazole,Nitroimidazole,Narrow,0,6011,26.85,80.95
Lucknow,2025-08,4000000,Cotrimoxazole,Sulfonamide combination,Broad,1,7121,26.85,80.95
Lucknow,2025-08,4000000,Meropenem,Carbapenem,Very Broad,0,486,26.85,80.95
Lucknow,2025-09,4000000,Amoxicillin,Penicillin,Narrow,0,8533,26.85,80.95
Lucknow,2025-09,4000000,Amoxicillin-Clavulanate,Penicillin + beta-lactamase inhibitor,Broad,1,15810,26.85,80.95
Lucknow,2025-09,4000000,Azithromycin,Macrolide,Broad,0,12908,26.85,80.95
Lucknow,2025-09,4000000,Cefixime,Cephalosporin,Broad,0,8292,26.85,80.95
Lucknow,2025-09,4000000,Ceftriaxone,Cephalosporin,Broad,0,3738,26.85,80.95
Lucknow,2025-09,4000000,Ciprofloxacin,Fluoroquinolone,Broad,0,8027,26.85,80.95
Lucknow,2025-09,4000000,Doxycycline,Tetracycline,Broad,0,7162,26.85,80.95
Lucknow,2025-09,4000000,Metronidazole,Nitroimidazole,Narrow,0,5128,26.85,80.95
Lucknow,2025-09,4000000,Cotrimoxazole,Sulfonamide combination,Broad,1,7068,26.85,80.95
Lucknow,2025-09,4000000,Meropenem,Carbapenem,Very Broad,0,510,26.85,80.95
Lucknow,2025-10,4000000,Amoxicillin,Penicillin,Narrow,0,8268,26.85,80.95
Lucknow,2025-10,4000000,Amoxicillin-Clavulanate,Penicillin + beta-lactamase inhibitor,Broad,1,18493,26.85,80.95
Lucknow,2025-10,4000000,Azithromycin,Macrolide,Broad,0,12177,26.85,80.95
Lucknow,2025-10,4000000,Cefixime,Cephalosporin,Broad,0,9754,26.85,80.95
Lucknow,2025-10,4000000,Ceftriaxone,Cephalosporin,Broad,0,3900,26.85,80.95
Lucknow,2025-10,4000000,Ciprofloxacin,Fluoroquinolone,Broad,0,8208,26.85,80.95
Lucknow,2025-10,4000000,Doxycycline,Tetracycline,Broad,0,6624,26.85,80.95
Lucknow,2025-10,4000000,Metronidazole,Nitroimidazole,Narrow,0,6662,26.85,80.95
Lucknow,2025-10,4000000,Cotrimoxazole,Sulfonamide combination,Broad,1,6807,26.85,80.95
Lucknow,2025-10,4000000,Meropenem,Carbapenem,Very Broad,0,441,26.85,80.95
Lucknow,2025-11,4000000,Amoxicillin,Penicillin,Narrow,0,8247,26.85,80.95
Lucknow,2025-11,4000000,Amoxicillin-Clavulanate,Penicillin + beta-lactamase inhibitor,Broad,1,17874,26.85,80.95
Lucknow,2025-11,4000000,Azithromycin,Macrolide,Broad,0,12623,26.85,80.95
Lucknow,2025-11,4000000,Cefixime,Cephalosporin,Broad,0,8813,26.85,80.95
Lucknow,2025-11,4000000,Ceftriaxone,Cephalosporin,Broad,0,3695,26.85,80.95
Lucknow,2025-11,4000000,Ciprofloxacin,Fluoroquinolone,Broad,0,9601,26.85,80.95
Lucknow,2025-11,4000000,Doxycycline,Tetracycline,Broad,0,5727,26.85,80.95
Lucknow,2025-11,4000000,Metronidazole,Nitroimidazole,Narrow,0,7676,26.85,80.95
Lucknow,2025-11,4000000,Cotrimoxazole,Sulfonamide combination,Broad,1,6458,26.85,80.95
Lucknow,2025-11,4000000,Meropenem,Carbapenem,Very Broad,0,461,26.85,80.95
Lucknow,2025-12,4000000,Amoxicillin,Penicillin,Narrow,0,9196,26.85,80.95
Lucknow,2025-12,4000000,Amoxicillin-Clavulanate,Penicillin + beta-lactamase inhibitor,Broad,1,16919,26.85,80.95
Lucknow,2025-12,4000000,Azithromycin,Macrolide,Broad,0,13119,26.85,80.95
Lucknow,2025-12,4000000,Cefixime,Cephalosporin,Broad,0,8518,26.85,80.95
Lucknow,2025-12,4000000,Ceftriaxone,Cephalosporin,Broad,0,3558,26.85,80.95
Lucknow,2025-12,4000000,Ciprofloxacin,Fluoroquinolone,Broad,0,7713,26.85,80.95
Lucknow,2025-12,4000000,Doxycycline,Tetracycline,Broad,0,7518,26.85,80.95
Lucknow,2025-12,4000000,Metronidazole,Nitroimidazole,Narrow,0,6800,26.85,80.95
Lucknow,2025-12,4000000,Cotrimoxazole,Sulfonamide combination,Broad,1,7283,26.85,80.95
Lucknow,2025-12,4000000,Meropenem,Carbapenem,Very Broad,0,496,26.85,80.95
Chandigarh,2024-01,1200000,Amoxicillin,Penicillin,Narrow,0,2823,30.73,76.78
Chandigarh,2024-01,1200000,Amoxicillin-Clavulanate,Penicillin + beta-lactamase inhibitor,Broad,1,3941,30.73,76.78
Chandigarh,2024-01,1200000,Azithromycin,Macrolide,Broad,0,3679,30.73,76.78
Chandigarh,2024-01,1200000,Cefixime,Cephalosporin,Broad,0,2247,30.73,76.78
Chandigarh,2024-01,1200000,Ceftriaxone,Cephalosporin,Broad,0,1060,30.73,76.78
Chandigarh,2024-01,1200000,Ciprofloxacin,Fluoroquinolone,Broad,0,2265,30.73,76.78
Chandigarh,2024-01,1200000,Doxycycline,Tetracycline,Broad,0,2141,30.73,76.78
Chandigarh,2024-01,1200000,Metronidazole,Nitroimidazole,Narrow,0,2042,30.73,76.78
Chandigarh,2024-01,1200000,Cotrimoxazole,Sulfonamide combination,Broad,1,1848,30.73,76.78
Chandigarh,2024-01,1200000,Meropenem,Carbapenem,Very Broad,0,116,30.73,76.78
Chandigarh,2024-02,1200000,Amoxicillin,Penicillin,Narrow,0,2687,30.73,76.78
Chandigarh,2024-02,1200000,Amoxicillin-Clavulanate,Penicillin + beta-lactamase inhibitor,Broad,1,4602,30.73,76.78
Chandigarh,2024-02,1200000,Azithromycin,Macrolide,Broad,0,3765,30.73,76.78
Chandigarh,2024-02,1200000,Cefixime,Cephalosporin,Broad,0,2543,30.73,76.78
Chandigarh,2024-02,1200000,Ceftriaxone,Cephalosporin,Broad,0,1018,30.73,76.78
Chandigarh,2024-02,1200000,Ciprofloxacin,Fluoroquinolone,Broad,0,2270,30.73,76.78
Chandigarh,2024-02,1200000,Doxycycline,Tetracycline,Broad,0,1724,30.73,76.78
Chandigarh,2024-02,1200000,Metronidazole,Nitroimidazole,Narrow,0,1942,30.73,76.78
Chandigarh,2024-02,1200000,Cotrimoxazole,Sulfonamide combination,Broad,1,1954,30.73,76.78
Chandigarh,2024-02,1200000,Meropenem,Carbapenem,Very Broad,0,120,30.73,76.78
Chandigarh,2024-03,1200000,Amoxicillin,Penicillin,Narrow,0,3402,30.73,76.78
Chandigarh,2024-03,1200000,Amoxicillin-Clavulanate,Penicillin + beta-lactamase inhibitor,Broad,1,4652,30.73,76.78
Chandigarh,2024-03,1200000,Azithromycin,Macrolide,Broad,0,3991,30.73,76.78
Chandigarh,2024-03,1200000,Cefixime,Cephalosporin,Broad,0,2907,30.73,76.78
Chandigarh,2024-03,1200000,Ceftriaxone,Cephalosporin,Broad,0,1213,30.73,76.78
Chandigarh,2024-03,1200000,Ciprofloxacin,Fluoroquinolone,Broad,0,2320,30.73,76.78
Chandigarh,2024-03,1200000,Doxycycline,Tetracycline,Broad,0,2120,30.73,76.78
Chandigarh,2024-03,1200000,Metronidazole,Nitroimidazole,Narrow,0,1916,30.73,76.78
Chandigarh,2024-03,1200000,Cotrimoxazole,Sulfonamide combination,Broad,1,2271,30.73,76.78
Chandigarh,2024-03,1200000,Meropenem,Carbapenem,Very Broad,0,123,30.73,76.78
Chandigarh,2024-04,1200000,Amoxicillin,Penicillin,Narrow,0,2806,30.73,76.78
Chandigarh,2024-04,1200000,Amoxicillin-Clavulanate,Penicillin + beta-lactamase inhibitor,Broad,1,4458,30.73,76.78
Chandigarh,2024-04,1200000,Azithromycin,Macrolide,Broad,0,4301,30.73,76.78
Chandigarh,2024-04,1200000,Cefixime,Cephalosporin,Broad,0,3346,30.73,76.78
Chandigarh,2024-04,1200000,Ceftriaxone,Cephalosporin,Broad,0,1138,30.73,76.78
Chandigarh,2024-04,1200000,Ciprofloxacin,Fluoroquinolone,Broad,0,2410,30.73,76.78
Chandigarh,2024-04,1200000,Doxycycline,Tetracycline,Broad,0,1833,30.73,76.78
Chandigarh,2024-04,1200000,Metronidazole,Nitroimidazole,Narrow,0,2173,30.73,76.78
Chandigarh,2024-04,1200000,Cotrimoxazole,Sulfonamide combination,Broad,1,1926,30.73,76.78
Chandigarh,2024-04,1200000,Meropenem,Carbapenem,Very Broad,0,137,30.73,76.78
Chandigarh,2024-05,1200000,Amoxicillin,Penicillin,Narrow,0,3106,30.73,76.78
Chandigarh,2024-05,1200000,Amoxicillin-Clavulanate,Penicillin + beta-lactamase inhibitor,Broad,1,5186,30.73,76.78
Chandigarh,2024-05,1200000,Azithromycin,Macrolide,Broad,0,3745,30.73,76.78
Chandigarh,2024-05,1200000,Cefixime,Cephalosporin,Broad,0,2596,30.73,76.78
Chandigarh,2024-05,1200000,Ceftriaxone,Cephalosporin,Broad,0,1238,30.73,76.78
Chandigarh,2024-05,1200000,Ciprofloxacin,Fluoroquinolone,Broad,0,2675,30.73,76.78
Chandigarh,2024-05,1200000,Doxycycline,Tetracycline,Broad,0,2348,30.73,76.78
Chandigarh,2024-05,1200000,Metronidazole,Nitroimidazole,Narrow,0,2324,30.73,76.78
Chandigarh,2024-05,1200000,Cotrimoxazole,Sulfonamide combination,Broad,1,1777,30.73,76.78
Chandigarh,2024-05,1200000,Meropenem,Carbapenem,Very Broad,0,129,30.73,76.78
Chandigarh,2024-06,1200000,Amoxicillin,Penicillin,Narrow,0,2671,30.73,76.78
Chandigarh,2024-06,1200000,Amoxicillin-Clavulanate,Penicillin + beta-lactamase inhibitor,Broad,1,5022,30.73,76.78
Chandigarh,2024-06,1200000,Azithromycin,Macrolide,Broad,0,3697,30.73,76.78
Chandigarh,2024-06,1200000,Cefixime,Cephalosporin,Broad,0,2912,30.73,76.78
Chandigarh,2024-06,1200000,Ceftriaxone,Cephalosporin,Broad,0,1154,30.73,76.78
Chandigarh,2024-06,1200000,Ciprofloxacin,Fluoroquinolone,Broad,0,2580,30.73,76.78
Chandigarh,2024-06,1200000,Doxycycline,Tetracycline,Broad,0,2281,30.73,76.78
Chandigarh,2024-06,1200000,Metronidazole,Nitroimidazole,Narrow,0,2184,30.73,76.78
Chandigarh,2024-06,1200000,Cotrimoxazole,Sulfonamide combination,Broad,1,1877,30.73,76.78
Chandigarh,2024-06,1200000,Meropenem,Carbapenem,Very Broad,0,151,30.73,76.78
Chandigarh,2024-07,1200000,Amoxicillin,Penicillin,Narrow,0,2699,30.73,76.78
Chandigarh,2024-07,1200000,Amoxicillin-Clavulanate,Penicillin + beta-lactamase inhibitor,Broad,1,4233,30.73,76.78
Chandigarh,2024-07,1200000,Azithromycin,Macrolide,Broad,0,3596,30.73,76.78
Chandigarh,2024-07,1200000,Cefixime,Cephalosporin,Broad,0,2796,30.73,76.78
Chandigarh,2024-07,1200000,Ceftriaxone,Cephalosporin,Broad,0,1062,30.73,76.78
Chandigarh,2024-07,1200000,Ciprofloxacin,Fluoroquinolone,Broad,0,2654,30.73,76.78
Chandigarh,2024-07,1200000,Doxycycline,Tetracycline,Broad,0,1696,30.73,76.78
Chandigarh,2024-07,1200000,Metronidazole,Nitroimidazole,Narrow,0,2000,30.73,76.78
Chandigarh,2024-07,1200000,Cotrimoxazole,Sulfonamide combination,Broad,1,1769,30.73,76.78
Chandigarh,2024-07,1200000,Meropenem,Carbapenem,Very Broad,0,122,30.73,76.78
Chandigarh,2024-08,1200000,Amoxicillin,Penicillin,Narrow,0,2620,30.73,76.78
Chandigarh,2024-08,1200000,Amoxicillin-Clavulanate,Penicillin + beta-lactamase inhibitor,Broad,1,4255,30.73,76.78
Chandigarh,2024-08,1200000,Azithromycin,Macrolide,Broad,0,3320,30.73,76.78
Chandigarh,2024-08,1200000,Cefixime,Cephalosporin,Broad,0,2093,30.73,76.78
Chandigarh,2024-08,1200000,Ceftriaxone,Cephalosporin,Broad,0,968,30.73,76.78
Chandigarh,2024-08,1200000,Ciprofloxacin,Fluoroquinolone,Broad,0,2497,30.73,76.78
Chandigarh,2024-08,1200000,Doxycycline,Tetracycline,Broad,0,1825,30.73,76.78
Chandigarh,2024-08,1200000,Metronidazole,Nitroimidazole,Narrow,0,1796,30.73,76.78
Chandigarh,2024-08,1200000,Cotrimoxazole,Sulfonamide combination,Broad,1,1894,30.73,76.78
Chandigarh,2024-08,1200000,Meropenem,Carbapenem,Very Broad,0,138,30.73,76.78
Chandigarh,2024-09,1200000,Amoxicillin,Penicillin,Narrow,0,2428,30.73,76.78
Chandigarh,2024-09,1200000,Amoxicillin-Clavulanate,Penicillin + beta-lactamase inhibitor,Broad,1,3962,30.73,76.78
Chandigarh,2024-09,1200000,Azithromycin,Macrolide,Broad,0,2970,30.73,76.78
Chandigarh,2024-09,1200000,Cefixime,Cephalosporin,Broad,0,2136,30.73,76.78
Chandigarh,2024-09,1200000,Ceftriaxone,Cephalosporin,Broad,0,886,30.73,76.78
Chandigarh,2024-09,1200000,Ciprofloxacin,Fluoroquinolone,Broad,0,2079,30.73,76.78
Chandigarh,2024-09,1200000,Doxycycline,Tetracycline,Broad,0,1656,30.73,76.78
Chandigarh,2024-09,1200000,Metronidazole,Nitroimidazole,Narrow,0,1614,30.73,76.78
Chandigarh,2024-09,1200000,Cotrimoxazole,Sulfonamide combination,Broad,1,1611,30.73,76.78
Chandigarh,2024-09,1200000,Meropenem,Carbapenem,Very Broad,0,118,30.73,76.78
Chandigarh,2024-10,1200000,Amoxicillin,Penicillin,Narrow,0,2360,30.73,76.78
Chandigarh,2024-10,1200000,Amoxicillin-Clavulanate,Penicillin + beta-lactamase inhibitor,Broad,1,4142,30.73,76.78
Chandigarh,2024-10,1200000,Azithromycin,Macrolide,Broad,0,3297,30.73,76.78
Chandigarh,2024-10,1200000,Cefixime,Cephalosporin,Broad,0,2255,30.73,76.78
Chandigarh,2024-10,1200000,Ceftriaxone,Cephalosporin,Broad,0,1011,30.73,76.78
Chandigarh,2024-10,1200000,Ciprofloxacin,Fluoroquinolone,Broad,0,2298,30.73,76.78
Chandigarh,2024-10,1200000,Doxycycline,Tetracycline,Broad,0,1832,30.73,76.78
Chandigarh,2024-10,1200000,Metronidazole,Nitroimidazole,Narrow,0,1772,30.73,76.78
Chandigarh,2024-10,1200000,Cotrimoxazole,Sulfonamide combination,Broad,1,1549,30.73,76.78
Chandigarh,2024-10,1200000,Meropenem,Carbapenem,Very Broad,0,104,30.73,76.78
Chandigarh,2024-11,1200000,Amoxicillin,Penicillin,Narrow,0,2390,30.73,76.78
Chandigarh,2024-11,1200000,Amoxicillin-Clavulanate,Penicillin + beta-lactamase inhibitor,Broad,1,3635,30.73,76.78
Chandigarh,2024-11,1200000,Azithromycin,Macrolide,Broad,0,3375,30.73,76.78
Chandigarh,2024-11,1200000,Cefixime,Cephalosporin,Broad,0,2492,30.73,76.78
Chandigarh,2024-11,1200000,Ceftriaxone,Cephalosporin,Broad,0,888,30.73,76.78
Chandigarh,2024-11,1200000,Ciprofloxacin,Fluoroquinolone,Broad,0,2205,30.73,76.78
Chandigarh,2024-11,1200000,Doxycycline,Tetracycline,Broad,0,1640,30.73,76.78
Chandigarh,2024-11,1200000,Metronidazole,Nitroimidazole,Narrow,0,1782,30.73,76.78
Chandigarh,2024-11,1200000,Cotrimoxazole,Sulfonamide combination,Broad,1,1479,30.73,76.78
Chandigarh,2024-11,1200000,Meropenem,Carbapenem,Very Broad,0,119,30.73,76.78
Chandigarh,2024-12,1200000,Amoxicillin,Penicillin,Narrow,0,2815,30.73,76.78
Chandigarh,2024-12,1200000,Amoxicillin-Clavulanate,Penicillin + beta-lactamase inhibitor,Broad,1,4142,30.73,76.78
Chandigarh,2024-12,1200000,Azithromycin,Macrolide,Broad,0,3308,30.73,76.78
Chandigarh,2024-12,1200000,Cefixime,Cephalosporin,Broad,0,2182,30.73,76.78
Chandigarh,2024-12,1200000,Ceftriaxone,Cephalosporin,Broad,0,1022,30.73,76.78
Chandigarh,2024-12,1200000,Ciprofloxacin,Fluoroquinolone,Broad,0,2427,30.73,76.78
Chandigarh,2024-12,1200000,Doxycycline,Tetracycline,Broad,0,1911,30.73,76.78
Chandigarh,2024-12,1200000,Metronidazole,Nitroimidazole,Narrow,0,2223,30.73,76.78
Chandigarh,2024-12,1200000,Cotrimoxazole,Sulfonamide combination,Broad,1,1836,30.73,76.78
Chandigarh,2024-12,1200000,Meropenem,Carbapenem,Very Broad,0,118,30.73,76.78
Chandigarh,2025-01,1200000,Amoxicillin,Penicillin,Narrow,0,2866,30.73,76.78
Chandigarh,2025-01,1200000,Amoxicillin-Clavulanate,Penicillin + beta-lactamase inhibitor,Broad,1,4297,30.73,76.78
Chandigarh,2025-01,1200000,Azithromycin,Macrolide,Broad,0,4050,30.73,76.78
Chandigarh,2025-01,1200000,Cefixime,Cephalosporin,Broad,0,2651,30.73,76.78
Chandigarh,2025-01,1200000,Ceftriaxone,Cephalosporin,Broad,0,1096,30.73,76.78
Chandigarh,2025-01,1200000,Ciprofloxacin,Fluoroquinolone,Broad,0,2563,30.73,76.78
Chandigarh,2025-01,1200000,Doxycycline,Tetracycline,Broad,0,2267,30.73,76.78
Chandigarh,2025-01,1200000,Metronidazole,Nitroimidazole,Narrow,0,2039,30.73,76.78
Chandigarh,2025-01,1200000,Cotrimoxazole,Sulfonamide combination,Broad,1,1786,30.73,76.78
Chandigarh,2025-01,1200000,Meropenem,Carbapenem,Very Broad,0,146,30.73,76.78
Chandigarh,2025-02,1200000,Amoxicillin,Penicillin,Narrow,0,2859,30.73,76.78
Chandigarh,2025-02,1200000,Amoxicillin-Clavulanate,Penicillin + beta-lactamase inhibitor,Broad,1,5049,30.73,76.78
Chandigarh,2025-02,1200000,Azithromycin,Macrolide,Broad,0,4034,30.73,76.78
Chandigarh,2025-02,1200000,Cefixime,Cephalosporin,Broad,0,2859,30.73,76.78
Chandigarh,2025-02,1200000,Ceftriaxone,Cephalosporin,Broad,0,1042,30.73,76.78
Chandigarh,2025-02,1200000,Ciprofloxacin,Fluoroquinolone,Broad,0,2325,30.73,76.78
Chandigarh,2025-02,1200000,Doxycycline,Tetracycline,Broad,0,2021,30.73,76.78
Chandigarh,2025-02,1200000,Metronidazole,Nitroimidazole,Narrow,0,1976,30.73,76.78
Chandigarh,2025-02,1200000,Cotrimoxazole,Sulfonamide combination,Broad,1,1887,30.73,76.78
Chandigarh,2025-02,1200000,Meropenem,Carbapenem,Very Broad,0,151,30.73,76.78
Chandigarh,2025-03,1200000,Amoxicillin,Penicillin,Narrow,0,3076,30.73,76.78
Chandigarh,2025-03,1200000,Amoxicillin-Clavulanate,Penicillin + beta-lactamase inhibitor,Broad,1,4740,30.73,76.78
Chandigarh,2025-03,1200000,Azithromycin,Macrolide,Broad,0,3905,30.73,76.78
Chandigarh,2025-03,1200000,Cefixime,Cephalosporin,Broad,0,3006,30.73,76.78
Chandigarh,2025-03,1200000,Ceftriaxone,Cephalosporin,Broad,0,1253,30.73,76.78
Chandigarh,2025-03,1200000,Ciprofloxacin,Fluoroquinolone,Broad,0,2571,30.73,76.78
Chandigarh,2025-03,1200000,Doxycycline,Tetracycline,Broad,0,2266,30.73,76.78
Chandigarh,2025-03,1200000,Metronidazole,Nitroimidazole,Narrow,0,2568,30.73,76.78
Chandigarh,2025-03,1200000,Cotrimoxazole,Sulfonamide combination,Broad,1,2048,30.73,76.78
Chandigarh,2025-03,1200000,Meropenem,Carbapenem,Very Broad,0,141,30.73,76.78
Chandigarh,2025-04,1200000,Amoxicillin,Penicillin,Narrow,0,3094,30.73,76.78
Chandigarh,2025-04,1200000,Amoxicillin-Clavulanate,Penicillin + beta-lactamase inhibitor,Broad,1,5271,30.73,76.78
Chandigarh,2025-04,1200000,Azithromycin,Macrolide,Broad,0,4030,30.73,76.78
Chandigarh,2025-04,1200000,Cefixime,Cephalosporin,Broad,0,2613,30.73,76.78
Chandigarh,2025-04,1200000,Ceftriaxone,Cephalosporin,Broad,0,1133,30.73,76.78
Chandigarh,2025-04,1200000,Ciprofloxacin,Fluoroquinolone,Broad,0,2736,30.73,76.78
Chandigarh,2025-04,1200000,Doxycycline,Tetracycline,Broad,0,2250,30.73,76.78
Chandigarh,2025-04,1200000,Metronidazole,Nitroimidazole,Narrow,0,2140,30.73,76.78
Chandigarh,2025-04,1200000,Cotrimoxazole,Sulfonamide combination,Broad,1,2067,30.73,76.78
Chandigarh,2025-04,1200000,Meropenem,Carbapenem,Very Broad,0,152,30.73,76.78
Chandigarh,2025-05,1200000,Amoxicillin,Penicillin,Narrow,0,3021,30.73,76.78
Chandigarh,2025-05,1200000,Amoxicillin-Clavulanate,Penicillin + beta-lactamase inhibitor,Broad,1,5514,30.73,76.78
Chandigarh,2025-05,1200000,Azithromycin,Macrolide,Broad,0,3798,30.73,76.78
Chandigarh,2025-05,1200000,Cefixime,Cephalosporin,Broad,0,3046,30.73,76.78
Chandigarh,2025-05,1200000,Ceftriaxone,Cephalosporin,Broad,0,1251,30.73,76.78
Chandigarh,2025-05,1200000,Ciprofloxacin,Fluoroquinolone,Broad,0,2938,30.73,76.78
Chandigarh,2025-05,1200000,Doxycycline,Tetracycline,Broad,0,2393,30.73,76.78
Chandigarh,2025-05,1200000,Metronidazole,Nitroimidazole,Narrow,0,2312,30.73,76.78
Chandigarh,2025-05,1200000,Cotrimoxazole,Sulfonamide combination,Broad,1,2088,30.73,76.78
Chandigarh,2025-05,1200000,Meropenem,Carbapenem,Very Broad,0,155,30.73,76.78
Chandigarh,2025-06,1200000,Amoxicillin,Penicillin,Narrow,0,2794,30.73,76.78
Chandigarh,2025-06,1200000,Amoxicillin-Clavulanate,Penicillin + beta-lactamase inhibitor,Broad,1,4888,30.73,76.78
Chandigarh,2025-06,1200000,Azithromycin,Macrolide,Broad,0,3813,30.73,76.78
Chandigarh,2025-06,1200000,Cefixime,Cephalosporin,Broad,0,2897,30.73,76.78
Chandigarh,2025-06,1200000,Ceftriaxone,Cephalosporin,Broad,0,1098,30.73,76.78
Chandigarh,2025-06,1200000,Ciprofloxacin,Fluoroquinolone,Broad,0,2638,30.73,76.78
Chandigarh,2025-06,1200000,Doxycycline,Tetracycline,Broad,0,2170,30.73,76.78
Chandigarh,2025-06,1200000,Metronidazole,Nitroimidazole,Narrow,0,1781,30.73,76.78
Chandigarh,2025-06,1200000,Cotrimoxazole,Sulfonamide combination,Broad,1,1982,30.73,76.78
Chandigarh,2025-06,1200000,Meropenem,Carbapenem,Very Broad,0,144,30.73,76.78
Chandigarh,2025-07,1200000,Amoxicillin,Penicillin,Narrow,0,3075,30.73,76.78
Chandigarh,2025-07,1200000,Amoxicillin-Clavulanate,Penicillin + beta-lactamase inhibitor,Broad,1,4274,30.73,76.78
Chandigarh,2025-07,1200000,Azithromycin,Macrolide,Broad,0,3279,30.73,76.78
Chandigarh,2025-07,1200000,Cefixime,Cephalosporin,Broad,0,2105,30.73,76.78
Chandigarh,2025-07,1200000,Ceftriaxone,Cephalosporin,Broad,0,1052,30.73,76.78
Chandigarh,2025-07,1200000,Ciprofloxacin,Fluoroquinolone,Broad,0,2399,30.73,76.78
Chandigarh,2025-07,1200000,Doxycycline,Tetracycline,Broad,0,1958,30.73,76.78
Chandigarh,2025-07,1200000,Metronidazole,Nitroimidazole,Narrow,0,2190,30.73,76.78
Chandigarh,2025-07,1200000,Cotrimoxazole,Sulfonamide combination,Broad,1,1967,30.73,76.78
Chandigarh,2025-07,1200000,Meropenem,Carbapenem,Very Broad,0,135,30.73,76.78
Chandigarh,2025-08,1200000,Amoxicillin,Penicillin,Narrow,0,2835,30.73,76.78
Chandigarh,2025-08,1200000,Amoxicillin-Clavulanate,Penicillin + beta-lactamase inhibitor,Broad,1,4368,30.73,76.78
Chandigarh,2025-08,1200000,Azithromycin,Macrolide,Broad,0,3104,30.73,76.78
Chandigarh,2025-08,1200000,Cefixime,Cephalosporin,Broad,0,2141,30.73,76.78
Chandigarh,2025-08,1200000,Ceftriaxone,Cephalosporin,Broad,0,990,30.73,76.78
Chandigarh,2025-08,1200000,Ciprofloxacin,Fluoroquinolone,Broad,0,2453,30.73,76.78
Chandigarh,2025-08,1200000,Doxycycline,Tetracycline,Broad,0,2238,30.73,76.78
Chandigarh,2025-08,1200000,Metronidazole,Nitroimidazole,Narrow,0,1923,30.73,76.78
Chandigarh,2025-08,1200000,Cotrimoxazole,Sulfonamide combination,Broad,1,1620,30.73,76.78
Chandigarh,2025-08,1200000,Meropenem,Carbapenem,Very Broad,0,114,30.73,76.78
Chandigarh,2025-09,1200000,Amoxicillin,Penicillin,Narrow,0,2197,30.73,76.78
Chandigarh,2025-09,1200000,Amoxicillin-Clavulanate,Penicillin + beta-lactamase inhibitor,Broad,1,4399,30.73,76.78
Chandigarh,2025-09,1200000,Azithromycin,Macrolide,Broad,0,3444,30.73,76.78
Chandigarh,2025-09,1200000,Cefixime,Cephalosporin,Broad,0,2447,30.73,76.78
Chandigarh,2025-09,1200000,Ceftriaxone,Cephalosporin,Broad,0,971,30.73,76.78
Chandigarh,2025-09,1200000,Ciprofloxacin,Fluoroquinolone,Broad,0,2332,30.73,76.78
Chandigarh,2025-09,1200000,Doxycycline,Tetracycline,Broad,0,1866,30.73,76.78
Chandigarh,2025-09,1200000,Metronidazole,Nitroimidazole,Narrow,0,1734,30.73,76.78
Chandigarh,2025-09,1200000,Cotrimoxazole,Sulfonamide combination,Broad,1,1890,30.73,76.78
Chandigarh,2025-09,1200000,Meropenem,Carbapenem,Very Broad,0,118,30.73,76.78
Chandigarh,2025-10,1200000,Amoxicillin,Penicillin,Narrow,0,2043,30.73,76.78
Chandigarh,2025-10,1200000,Amoxicillin-Clavulanate,Penicillin + beta-lactamase inhibitor,Broad,1,4571,30.73,76.78
Chandigarh,2025-10,1200000,Azithromycin,Macrolide,Broad,0,3635,30.73,76.78
Chandigarh,2025-10,1200000,Cefixime,Cephalosporin,Broad,0,2342,30.73,76.78
Chandigarh,2025-10,1200000,Ceftriaxone,Cephalosporin,Broad,0,1015,30.73,76.78
Chandigarh,2025-10,1200000,Ciprofloxacin,Fluoroquinolone,Broad,0,2300,30.73,76.78
Chandigarh,2025-10,1200000,Doxycycline,Tetracycline,Broad,0,1730,30.73,76.78
Chandigarh,2025-10,1200000,Metronidazole,Nitroimidazole,Narrow,0,1890,30.73,76.78
Chandigarh,2025-10,1200000,Cotrimoxazole,Sulfonamide combination,Broad,1,1539,30.73,76.78
Chandigarh,2025-10,1200000,Meropenem,Carbapenem,Very Broad,0,114,30.73,76.78
Chandigarh,2025-11,1200000,Amoxicillin,Penicillin,Narrow,0,2725,30.73,76.78
Chandigarh,2025-11,1200000,Amoxicillin-Clavulanate,Penicillin + beta-lactamase inhibitor,Broad,1,4072,30.73,76.78
Chandigarh,2025-11,1200000,Azithromycin,Macrolide,Broad,0,3231,30.73,76.78
Chandigarh,2025-11,1200000,Cefixime,Cephalosporin,Broad,0,2277,30.73,76.78
Chandigarh,2025-11,1200000,Ceftriaxone,Cephalosporin,Broad,0,1052,30.73,76.78
Chandigarh,2025-11,1200000,Ciprofloxacin,Fluoroquinolone,Broad,0,2090,30.73,76.78
Chandigarh,2025-11,1200000,Doxycycline,Tetracycline,Broad,0,1911,30.73,76.78
Chandigarh,2025-11,1200000,Metronidazole,Nitroimidazole,Narrow,0,1950,30.73,76.78
Chandigarh,2025-11,1200000,Cotrimoxazole,Sulfonamide combination,Broad,1,1678,30.73,76.78
Chandigarh,2025-11,1200000,Meropenem,Carbapenem,Very Broad,0,132,30.73,76.78
Chandigarh,2025-12,1200000,Amoxicillin,Penicillin,Narrow,0,2597,30.73,76.78
Chandigarh,2025-12,1200000,Amoxicillin-Clavulanate,Penicillin + beta-lactamase inhibitor,Broad,1,4120,30.73,76.78
Chandigarh,2025-12,1200000,Azithromycin,Macrolide,Broad,0,3855,30.73,76.78
Chandigarh,2025-12,1200000,Cefixime,Cephalosporin,Broad,0,2338,30.73,76.78
Chandigarh,2025-12,1200000,Ceftriaxone,Cephalosporin,Broad,0,1061,30.73,76.78
Chandigarh,2025-12,1200000,Ciprofloxacin,Fluoroquinolone,Broad,0,2330,30.73,76.78
Chandigarh,2025-12,1200000,Doxycycline,Tetracycline,Broad,0,1777,30.73,76.78
Chandigarh,2025-12,1200000,Metronidazole,Nitroimidazole,Narrow,0,1832,30.73,76.78
Chandigarh,2025-12,1200000,Cotrimoxazole,Sulfonamide combination,Broad,1,1928,30.73,76.78
Chandigarh,2025-12,1200000,Meropenem,Carbapenem,Very Broad,0,129,30.73,76.78
Patna,2024-01,2500000,Amoxicillin,Penicillin,Narrow,0,6034,25.59,85.14
Patna,2024-01,2500000,Amoxicillin-Clavulanate,Penicillin + beta-lactamase inhibitor,Broad,1,10824,25.59,85.14
Patna,2024-01,2500000,Azithromycin,Macrolide,Broad,0,10549,25.59,85.14
Patna,2024-01,2500000,Cefixime,Cephalosporin,Broad,0,5930,25.59,85.14
Patna,2024-01,2500000,Ceftriaxone,Cephalosporin,Broad,0,2350,25.59,85.14
Patna,2024-01,2500000,Ciprofloxacin,Fluoroquinolone,Broad,0,6068,25.59,85.14
Patna,2024-01,2500000,Doxycycline,Tetracycline,Broad,0,3892,25.59,85.14
Patna,2024-01,2500000,Metronidazole,Nitroimidazole,Narrow,0,4321,25.59,85.14
Patna,2024-01,2500000,Cotrimoxazole,Sulfonamide combination,Broad,1,4942,25.59,85.14
Patna,2024-01,2500000,Meropenem,Carbapenem,Very Broad,0,306,25.59,85.14
Patna,2024-02,2500000,Amoxicillin,Penicillin,Narrow,0,6025,25.59,85.14
Patna,2024-02,2500000,Amoxicillin-Clavulanate,Penicillin + beta-lactamase inhibitor,Broad,1,12926,25.59,85.14
Patna,2024-02,2500000,Azithromycin,Macrolide,Broad,0,9025,25.59,85.14
Patna,2024-02,2500000,Cefixime,Cephalosporin,Broad,0,5759,25.59,85.14
Patna,2024-02,2500000,Ceftriaxone,Cephalosporin,Broad,0,2429,25.59,85.14
Patna,2024-02,2500000,Ciprofloxacin,Fluoroquinolone,Broad,0,5560,25.59,85.14
Patna,2024-02,2500000,Doxycycline,Tetracycline,Broad,0,4909,25.59,85.14
Patna,2024-02,2500000,Metronidazole,Nitroimidazole,Narrow,0,4969,25.59,85.14
Patna,2024-02,2500000,Cotrimoxazole,Sulfonamide combination,Broad,1,4940,25.59,85.14
Patna,2024-02,2500000,Meropenem,Carbapenem,Very Broad,0,340,25.59,85.14
Patna,2024-03,2500000,Amoxicillin,Penicillin,Narrow,0,5812,25.59,85.14
Patna,2024-03,2500000,Amoxicillin-Clavulanate,Penicillin + beta-lactamase inhibitor,Broad,1,12888,25.59,85.14
Patna,2024-03,2500000,Azithromycin,Macrolide,Broad,0,8157,25.59,85.14
Patna,2024-03,2500000,Cefixime,Cephalosporin,Broad,0,6348,25.59,85.14
Patna,2024-03,2500000,Ceftriaxone,Cephalosporin,Broad,0,2752,25.59,85.14
Patna,2024-03,2500000,Ciprofloxacin,Fluoroquinolone,Broad,0,5578,25.59,85.14
Patna,2024-03,2500000,Doxycycline,Tetracycline,Broad,0,4636,25.59,85.14
Patna,2024-03,2500000,Metronidazole,Nitroimidazole,Narrow,0,4662,25.59,85.14
Patna,2024-03,2500000,Cotrimoxazole,Sulfonamide combination,Broad,1,5052,25.59,85.14
Patna,2024-03,2500000,Meropenem,Carbapenem,Very Broad,0,376,25.59,85.14
Patna,2024-04,2500000,Amoxicillin,Penicillin,Narrow,0,6619,25.59,85.14
Patna,2024-04,2500000,Amoxicillin-Clavulanate,Penicillin + beta-lactamase inhibitor,Broad,1,12221,25.59,85.14
Patna,2024-04,2500000,Azithromycin,Macrolide,Broad,0,8489,25.59,85.14
Patna,2024-04,2500000,Cefixime,Cephalosporin,Broad,0,6900,25.59,85.14
Patna,2024-04,2500000,Ceftriaxone,Cephalosporin,Broad,0,2350,25.59,85.14
Patna,2024-04,2500000,Ciprofloxacin,Fluoroquinolone,Broad,0,9596,25.59,85.14
Patna,2024-04,2500000,Doxycycline,Tetracycline,Broad,0,6126,25.59,85.14
Patna,2024-04,2500000,Metronidazole,Nitroimidazole,Narrow,0,4926,25.59,85.14
Patna,2024-04,2500000,Cotrimoxazole,Sulfonamide combination,Broad,1,5000,25.59,85.14
Patna,2024-04,2500000,Meropenem,Carbapenem,Very Broad,0,423,25.59,85.14
Patna,2024-05,2500000,Amoxicillin,Penicillin,Narrow,0,6789,25.59,85.14
Patna,2024-05,2500000,Amoxicillin-Clavulanate,Penicillin + beta-lactamase inhibitor,Broad,1,14229,25.59,85.14
Patna,2024-05,2500000,Azithromycin,Macrolide,Broad,0,9174,25.59,85.14
Patna,2024-05,2500000,Cefixime,Cephalosporin,Broad,0,5614,25.59,85.14
Patna,2024-05,2500000,Ceftriaxone,Cephalosporin,Broad,0,2594,25.59,85.14
Patna,2024-05,2500000,Ciprofloxacin,Fluoroquinolone,Broad,0,6514,25.59,85.14
Patna,2024-05,2500000,Doxycycline,Tetracycline,Broad,0,7402,25.59,85.14
Patna,2024-05,2500000,Metronidazole,Nitroimidazole,Narrow,0,5048,25.59,85.14
Patna,2024-05,2500000,Cotrimoxazole,Sulfonamide combination,Broad,1,4970,25.59,85.14
Patna,2024-05,2500000,Meropenem,Carbapenem,Very Broad,0,370,25.59,85.14
Patna,2024-06,2500000,Amoxicillin,Penicillin,Narrow,0,6207,25.59,85.14
Patna,2024-06,2500000,Amoxicillin-Clavulanate,Penicillin + beta-lactamase inhibitor,Broad,1,13530,25.59,85.14
Patna,2024-06,2500000,Azithromycin,Macrolide,Broad,0,9235,25.59,85.14
Patna,2024-06,2500000,Cefixime,Cephalosporin,Broad,0,6549,25.59,85.14
Patna,2024-06,2500000,Ceftriaxone,Cephalosporin,Broad,0,2974,25.59,85.14
Patna,2024-06,2500000,Ciprofloxacin,Fluoroquinolone,Broad,0,5799,25.59,85.14
Patna,2024-06,2500000,Doxycycline,Tetracycline,Broad,0,5517,25.59,85.14
Patna,2024-06,2500000,Metronidazole,Nitroimidazole,Narrow,0,4740,25.59,85.14
Patna,2024-06,2500000,Cotrimoxazole,Sulfonamide combination,Broad,1,5999,25.59,85.14
Patna,2024-06,2500000,Meropenem,Carbapenem,Very Broad,0,312,25.59,85.14
Patna,2024-07,2500000,Amoxicillin,Penicillin,Narrow,0,6129,25.59,85.14
Patna,2024-07,2500000,Amoxicillin-Clavulanate,Penicillin + beta-lactamase inhibitor,Broad,1,11763,25.59,85.14
Patna,2024-07,2500000,Azithromycin,Macrolide,Broad,0,9100,25.59,85.14
Patna,2024-07,2500000,Cefixime,Cephalosporin,Broad,0,5650,25.59,85.14
Patna,2024-07,2500000,Ceftriaxone,Cephalosporin,Broad,0,2646,25.59,85.14
Patna,2024-07,2500000,Ciprofloxacin,Fluoroquinolone,Broad,0,6107,25.59,85.14
Patna,2024-07,2500000,Doxycycline,Tetracycline,Broad,0,4871,25.59,85.14
Patna,2024-07,2500000,Metronidazole,Nitroimidazole,Narrow,0,4010,25.59,85.14
Patna,2024-07,2500000,Cotrimoxazole,Sulfonamide combination,Broad,1,4961,25.59,85.14
Patna,2024-07,2500000,Meropenem,Carbapenem,Very Broad,0,350,25.59,85.14
Patna,2024-08,2500000,Amoxicillin,Penicillin,Narrow,0,5739,25.59,85.14
Patna,2024-08,2500000,Amoxicillin-Clavulanate,Penicillin + beta-lactamase inhibitor,Broad,1,11120,25.59,85.14
Patna,2024-08,2500000,Azithromycin,Macrolide,Broad,0,7589,25.59,85.14
Patna,2024-08,2500000,Cefixime,Cephalosporin,Broad,0,5947,25.59,85.14
Patna,2024-08,2500000,Ceftriaxone,Cephalosporin,Broad,0,2370,25.59,85.14
Patna,2024-08,2500000,Ciprofloxacin,Fluoroquinolone,Broad,0,5018,25.59,85.14
Patna,2024-08,2500000,Doxycycline,Tetracycline,Broad,0,4067,25.59,85.14
Patna,2024-08,2500000,Metronidazole,Nitroimidazole,Narrow,0,3879,25.59,85.14
Patna,2024-08,2500000,Cotrimoxazole,Sulfonamide combination,Broad,1,4367,25.59,85.14
Patna,2024-08,2500000,Meropenem,Carbapenem,Very Broad,0,306,25.59,85.14
Patna,2024-09,2500000,Amoxicillin,Penicillin,Narrow,0,5625,25.59,85.14
Patna,2024-09,2500000,Amoxicillin-Clavulanate,Penicillin + beta-lactamase inhibitor,Broad,1,9877,25.59,85.14
Patna,2024-09,2500000,Azithromycin,Macrolide,Broad,0,8229,25.59,85.14
Patna,2024-09,2500000,Cefixime,Cephalosporin,Broad,0,5304,25.59,85.14
Patna,2024-09,2500000,Ceftriaxone,Cephalosporin,Broad,0,2182,25.59,85.14
Patna,2024-09,2500000,Ciprofloxacin,Fluoroquinolone,Broad,0,5297,25.59,85.14
Patna,2024-09,2500000,Doxycycline,Tetracycline,Broad,0,3630,25.59,85.14
Patna,2024-09,2500000,Metronidazole,Nitroimidazole,Narrow,0,3709,25.59,85.14
Patna,2024-09,2500000,Cotrimoxazole,Sulfonamide combination,Broad,1,4372,25.59,85.14
Patna,2024-09,2500000,Meropenem,Carbapenem,Very Broad,0,253,25.59,85.14
Patna,2024-10,2500000,Amoxicillin,Penicillin,Narrow,0,5963,25.59,85.14
Patna,2024-10,2500000,Amoxicillin-Clavulanate,Penicillin + beta-lactamase inhibitor,Broad,1,10086,25.59,85.14
Patna,2024-10,2500000,Azithromycin,Macrolide,Broad,0,7703,25.59,85.14
Patna,2024-10,2500000,Cefixime,Cephalosporin,Broad,0,5832,25.59,85.14
Patna,2024-10,2500000,Ceftriaxone,Cephalosporin,Broad,0,2163,25.59,85.14
Patna,2024-10,2500000,Ciprofloxacin,Fluoroquinolone,Broad,0,5412,25.59,85.14
Patna,2024-10,2500000,Doxycycline,Tetracycline,Broad,0,3974,25.59,85.14
Patna,2024-10,2500000,Metronidazole,Nitroimidazole,Narrow,0,3756,25.59,85.14
Patna,2024-10,2500000,Cotrimoxazole,Sulfonamide combination,Broad,1,3831,25.59,85.14
Patna,2024-10,2500000,Meropenem,Carbapenem,Very Broad,0,298,25.59,85.14
Patna,2024-11,2500000,Amoxicillin,Penicillin,Narrow,0,5372,25.59,85.14
Patna,2024-11,2500000,Amoxicillin-Clavulanate,Penicillin + beta-lactamase inhibitor,Broad,1,9639,25.59,85.14
Patna,2024-11,2500000,Azithromycin,Macrolide,Broad,0,7217,25.59,85.14
Patna,2024-11,2500000,Cefixime,Cephalosporin,Broad,0,5660,25.59,85.14
Patna,2024-11,2500000,Ceftriaxone,Cephalosporin,Broad,0,2607,25.59,85.14
Patna,2024-11,2500000,Ciprofloxacin,Fluoroquinolone,Broad,0,5345,25.59,85.14
Patna,2024-11,2500000,Doxycycline,Tetracycline,Broad,0,4151,25.59,85.14
Patna,2024-11,2500000,Metronidazole,Nitroimidazole,Narrow,0,4189,25.59,85.14
Patna,2024-11,2500000,Cotrimoxazole,Sulfonamide combination,Broad,1,4110,25.59,85.14
Patna,2024-11,2500000,Meropenem,Carbapenem,Very Broad,0,290,25.59,85.14
Patna,2024-12,2500000,Amoxicillin,Penicillin,Narrow,0,6249,25.59,85.14
Patna,2024-12,2500000,Amoxicillin-Clavulanate,Penicillin + beta-lactamase inhibitor,Broad,1,8849,25.59,85.14
Patna,2024-12,2500000,Azithromycin,Macrolide,Broad,0,8682,25.59,85.14
Patna,2024-12,2500000,Cefixime,Cephalosporin,Broad,0,5476,25.59,85.14
Patna,2024-12,2500000,Ceftriaxone,Cephalosporin,Broad,0,2291,25.59,85.14
Patna,2024-12,2500000,Ciprofloxacin,Fluoroquinolone,Broad,0,6038,25.59,85.14
Patna,2024-12,2500000,Doxycycline,Tetracycline,Broad,0,4176,25.59,85.14
Patna,2024-12,2500000,Metronidazole,Nitroimidazole,Narrow,0,3901,25.59,85.14
Patna,2024-12,2500000,Cotrimoxazole,Sulfonamide combination,Broad,1,4252,25.59,85.14
Patna,2024-12,2500000,Meropenem,Carbapenem,Very Broad,0,316,25.59,85.14
Patna,2025-01,2500000,Amoxicillin,Penicillin,Narrow,0,5278,25.59,85.14
Patna,2025-01,2500000,Amoxicillin-Clavulanate,Penicillin + beta-lactamase inhibitor,Broad,1,13042,25.59,85.14
Patna,2025-01,2500000,Azithromycin,Macrolide,Broad,0,9078,25.59,85.14
Patna,2025-01,2500000,Cefixime,Cephalosporin,Broad,0,5784,25.59,85.14
Patna,2025-01,2500000,Ceftriaxone,Cephalosporin,Broad,0,2500,25.59,85.14
Patna,2025-01,2500000,Ciprofloxacin,Fluoroquinolone,Broad,0,6220,25.59,85.14
Patna,2025-01,2500000,Doxycycline,Tetracycline,Broad,0,4522,25.59,85.14
Patna,2025-01,2500000,Metronidazole,Nitroimidazole,Narrow,0,4352,25.59,85.14
Patna,2025-01,2500000,Cotrimoxazole,Sulfonamide combination,Broad,1,5408,25.59,85.14
Patna,2025-01,2500000,Meropenem,Carbapenem,Very Broad,0,273,25.59,85.14
Patna,2025-02,2500000,Amoxicillin,Penicillin,Narrow,0,7931,25.59,85.14
Patna,2025-02,2500000,Amoxicillin-Clavulanate,Penicillin + beta-lactamase inhibitor,Broad,1,12854,25.59,85.14
Patna,2025-02,2500000,Azithromycin,Macrolide,Broad,0,8916,25.59,85.14
Patna,2025-02,2500000,Cefixime,Cephalosporin,Broad,0,7982,25.59,85.14
Patna,2025-02,2500000,Ceftriaxone,Cephalosporin,Broad,0,2731,25.59,85.14
Patna,2025-02,2500000,Ciprofloxacin,Fluoroquinolone,Broad,0,6199,25.59,85.14
Patna,2025-02,2500000,Doxycycline,Tetracycline,Broad,0,4893,25.59,85.14
Patna,2025-02,2500000,Metronidazole,Nitroimidazole,Narrow,0,4759,25.59,85.14
Patna,2025-02,2500000,Cotrimoxazole,Sulfonamide combination,Broad,1,4396,25.59,85.14
Patna,2025-02,2500000,Meropenem,Carbapenem,Very Broad,0,326,25.59,85.14
Patna,2025-03,2500000,Amoxicillin,Penicillin,Narrow,0,6865,25.59,85.14
Patna,2025-03,2500000,Amoxicillin-Clavulanate,Penicillin + beta-lactamase inhibitor,Broad,1,13983,25.59,85.14
Patna,2025-03,2500000,Azithromycin,Macrolide,Broad,0,9667,25.59,85.14
Patna,2025-03,2500000,Cefixime,Cephalosporin,Broad,0,5816,25.59,85.14
Patna,2025-03,2500000,Ceftriaxone,Cephalosporin,Broad,0,2843,25.59,85.14
Patna,2025-03,2500000,Ciprofloxacin,Fluoroquinolone,Broad,0,9856,25.59,85.14
Patna,2025-03,2500000,Doxycycline,Tetracycline,Broad,0,4437,25.59,85.14
Patna,2025-03,2500000,Metronidazole,Nitroimidazole,Narrow,0,4972,25.59,85.14
Patna,2025-03,2500000,Cotrimoxazole,Sulfonamide combination,Broad,1,4964,25.59,85.14
Patna,2025-03,2500000,Meropenem,Carbapenem,Very Broad,0,340,25.59,85.14
Patna,2025-04,2500000,Amoxicillin,Penicillin,Narrow,0,7062,25.59,85.14
Patna,2025-04,2500000,Amoxicillin-Clavulanate,Penicillin + beta-lactamase inhibitor,Broad,1,13306,25.59,85.14
Patna,2025-04,2500000,Azithromycin,Macrolide,Broad,0,9747,25.59,85.14
Patna,2025-04,2500000,Cefixime,Cephalosporin,Broad,0,6696,25.59,85.14
Patna,2025-04,2500000,Ceftriaxone,Cephalosporin,Broad,0,2399,25.59,85.14
Patna,2025-04,2500000,Ciprofloxacin,Fluoroquinolone,Broad,0,6723,25.59,85.14
Patna,2025-04,2500000,Doxycycline,Tetracycline,Broad,0,5301,25.59,85.14
Patna,2025-04,2500000,Metronidazole,Nitroimidazole,Narrow,0,4267,25.59,85.14
Patna,2025-04,2500000,Cotrimoxazole,Sulfonamide combination,Broad,1,4948,25.59,85.14
Patna,2025-04,2500000,Meropenem,Carbapenem,Very Broad,0,406,25.59,85.14
Patna,2025-05,2500000,Amoxicillin,Penicillin,Narrow,0,6483,25.59,85.14
Patna,2025-05,2500000,Amoxicillin-Clavulanate,Penicillin + beta-lactamase inhibitor,Broad,1,12117,25.59,85.14
Patna,2025-05,2500000,Azithromycin,Macrolide,Broad,0,9378,25.59,85.14
Patna,2025-05,2500000,Cefixime,Cephalosporin,Broad,0,6411,25.59,85.14
Patna,2025-05,2500000,Ceftriaxone,Cephalosporin,Broad,0,2737,25.59,85.14
Patna,2025-05,2500000,Ciprofloxacin,Fluoroquinolone,Broad,0,6679,25.59,85.14
Patna,2025-05,2500000,Doxycycline,Tetracycline,Broad,0,5889,25.59,85.14
Patna,2025-05,2500000,Metronidazole,Nitroimidazole,Narrow,0,5220,25.59,85.14
Patna,2025-05,2500000,Cotrimoxazole,Sulfonamide combination,Broad,1,4919,25.59,85.14
Patna,2025-05,2500000,Meropenem,Carbapenem,Very Broad,0,544,25.59,85.14
Patna,2025-06,2500000,Amoxicillin,Penicillin,Narrow,0,5727,25.59,85.14
Patna,2025-06,2500000,Amoxicillin-Clavulanate,Penicillin + beta-lactamase inhibitor,Broad,1,12548,25.59,85.14
Patna,2025-06,2500000,Azithromycin,Macrolide,Broad,0,9765,25.59,85.14
Patna,2025-06,2500000,Cefixime,Cephalosporin,Broad,0,7156,25.59,85.14
Patna,2025-06,2500000,Ceftriaxone,Cephalosporin,Broad,0,2772,25.59,85.14
Patna,2025-06,2500000,Ciprofloxacin,Fluoroquinolone,Broad,0,5385,25.59,85.14
Patna,2025-06,2500000,Doxycycline,Tetracycline,Broad,0,5030,25.59,85.14
Patna,2025-06,2500000,Metronidazole,Nitroimidazole,Narrow,0,4342,25.59,85.14
Patna,2025-06,2500000,Cotrimoxazole,Sulfonamide combination,Broad,1,4776,25.59,85.14
Patna,2025-06,2500000,Meropenem,Carbapenem,Very Broad,0,369,25.59,85.14
Patna,2025-07,2500000,Amoxicillin,Penicillin,Narrow,0,6577,25.59,85.14
Patna,2025-07,2500000,Amoxicillin-Clavulanate,Penicillin + beta-lactamase inhibitor,Broad,1,11331,25.59,85.14
Patna,2025-07,2500000,Azithromycin,Macrolide,Broad,0,7785,25.59,85.14
Patna,2025-07,2500000,Cefixime,Cephalosporin,Broad,0,6388,25.59,85.14
Patna,2025-07,2500000,Ceftriaxone,Cephalosporin,Broad,0,2591,25.59,85.14
Patna,2025-07,2500000,Ciprofloxacin,Fluoroquinolone,Broad,0,5933,25.59,85.14
Patna,2025-07,2500000,Doxycycline,Tetracycline,Broad,0,5100,25.59,85.14
Patna,2025-07,2500000,Metronidazole,Nitroimidazole,Narrow,0,4461,25.59,85.14
Patna,2025-07,2500000,Cotrimoxazole,Sulfonamide combination,Broad,1,5299,25.59,85.14
Patna,2025-07,2500000,Meropenem,Carbapenem,Very Broad,0,372,25.59,85.14
Patna,2025-08,2500000,Amoxicillin,Penicillin,Narrow,0,5843,25.59,85.14
Patna,2025-08,2500000,Amoxicillin-Clavulanate,Penicillin + beta-lactamase inhibitor,Broad,1,11444,25.59,85.14
Patna,2025-08,2500000,Azithromycin,Macrolide,Broad,0,7904,25.59,85.14
Patna,2025-08,2500000,Cefixime,Cephalosporin,Broad,0,9146,25.59,85.14
Patna,2025-08,2500000,Ceftriaxone,Cephalosporin,Broad,0,2431,25.59,85.14
Patna,2025-08,2500000,Ciprofloxacin,Fluoroquinolone,Broad,0,5405,25.59,85.14
Patna,2025-08,2500000,Doxycycline,Tetracycline,Broad,0,4673,25.59,85.14
Patna,2025-08,2500000,Metronidazole,Nitroimidazole,Narrow,0,4913,25.59,85.14
Patna,2025-08,2500000,Cotrimoxazole,Sulfonamide combination,Broad,1,4418,25.59,85.14
Patna,2025-08,2500000,Meropenem,Carbapenem,Very Broad,0,325,25.59,85.14
Patna,2025-09,2500000,Amoxicillin,Penicillin,Narrow,0,5934,25.59,85.14
Patna,2025-09,2500000,Amoxicillin-Clavulanate,Penicillin + beta-lactamase inhibitor,Broad,1,11928,25.59,85.14
Patna,2025-09,2500000,Azithromycin,Macrolide,Broad,0,7699,25.59,85.14
Patna,2025-09,2500000,Cefixime,Cephalosporin,Broad,0,6650,25.59,85.14
Patna,2025-09,2500000,Ceftriaxone,Cephalosporin,Broad,0,2397,25.59,85.14
Patna,2025-09,2500000,Ciprofloxacin,Fluoroquinolone,Broad,0,6025,25.59,85.14
Patna,2025-09,2500000,Doxycycline,Tetracycline,Broad,0,4153,25.59,85.14
Patna,2025-09,2500000,Metronidazole,Nitroimidazole,Narrow,0,4068,25.59,85.14
Patna,2025-09,2500000,Cotrimoxazole,Sulfonamide combination,Broad,1,4611,25.59,85.14
Patna,2025-09,2500000,Meropenem,Carbapenem,Very Broad,0,314,25.59,85.14
Patna,2025-10,2500000,Amoxicillin,Penicillin,Narrow,0,5508,25.59,85.14
Patna,2025-10,2500000,Amoxicillin-Clavulanate,Penicillin + beta-lactamase inhibitor,Broad,1,10506,25.59,85.14
Patna,2025-10,2500000,Azithromycin,Macrolide,Broad,0,7190,25.59,85.14
Patna,2025-10,2500000,Cefixime,Cephalosporin,Broad,0,5437,25.59,85.14
Patna,2025-10,2500000,Ceftriaxone,Cephalosporin,Broad,0,2164,25.59,85.14
Patna,2025-10,2500000,Ciprofloxacin,Fluoroquinolone,Broad,0,4878,25.59,85.14
Patna,2025-10,2500000,Doxycycline,Tetracycline,Broad,0,3886,25.59,85.14
Patna,2025-10,2500000,Metronidazole,Nitroimidazole,Narrow,0,3302,25.59,85.14
Patna,2025-10,2500000,Cotrimoxazole,Sulfonamide combination,Broad,1,4173,25.59,85.14
Patna,2025-10,2500000,Meropenem,Carbapenem,Very Broad,0,332,25.59,85.14
Patna,2025-11,2500000,Amoxicillin,Penicillin,Narrow,0,5222,25.59,85.14
Patna,2025-11,2500000,Amoxicillin-Clavulanate,Penicillin + beta-lactamase inhibitor,Broad,1,12029,25.59,85.14
Patna,2025-11,2500000,Azithromycin,Macrolide,Broad,0,7593,25.59,85.14
Patna,2025-11,2500000,Cefixime,Cephalosporin,Broad,0,5594,25.59,85.14
Patna,2025-11,2500000,Ceftriaxone,Cephalosporin,Broad,0,2604,25.59,85.14
Patna,2025-11,2500000,Ciprofloxacin,Fluoroquinolone,Broad,0,5426,25.59,85.14
Patna,2025-11,2500000,Doxycycline,Tetracycline,Broad,0,4707,25.59,85.14
Patna,2025-11,2500000,Metronidazole,Nitroimidazole,Narrow,0,3921,25.59,85.14
Patna,2025-11,2500000,Cotrimoxazole,Sulfonamide combination,Broad,1,4120,25.59,85.14
Patna,2025-11,2500000,Meropenem,Carbapenem,Very Broad,0,312,25.59,85.14
Patna,2025-12,2500000,Amoxicillin,Penicillin,Narrow,0,5243,25.59,85.14
Patna,2025-12,2500000,Amoxicillin-Clavulanate,Penicillin + beta-lactamase inhibitor,Broad,1,12294,25.59,85.14
Patna,2025-12,2500000,Azithromycin,Macrolide,Broad,0,9613,25.59,85.14
Patna,2025-12,2500000,Cefixime,Cephalosporin,Broad,0,6143,25.59,85.14
Patna,2025-12,2500000,Ceftriaxone,Cephalosporin,Broad,0,3200,25.59,85.14
Patna,2025-12,2500000,Ciprofloxacin,Fluoroquinolone,Broad,0,5289,25.59,85.14
Patna,2025-12,2500000,Doxycycline,Tetracycline,Broad,0,4288,25.59,85.14
Patna,2025-12,2500000,Metronidazole,Nitroimidazole,Narrow,0,4518,25.59,85.14
Patna,2025-12,2500000,Cotrimoxazole,Sulfonamide combination,Broad,1,4101,25.59,85.14
Patna,2025-12,2500000,Meropenem,Carbapenem,Very Broad,0,349,25.59,85.14
Bhubaneswar,2024-01,1100000,Amoxicillin,Penicillin,Narrow,0,2758,20.3,85.82
Bhubaneswar,2024-01,1100000,Amoxicillin-Clavulanate,Penicillin + beta-lactamase inhibitor,Broad,1,4087,20.3,85.82
Bhubaneswar,2024-01,1100000,Azithromycin,Macrolide,Broad,0,3135,20.3,85.82
Bhubaneswar,2024-01,1100000,Cefixime,Cephalosporin,Broad,0,2488,20.3,85.82
Bhubaneswar,2024-01,1100000,Ceftriaxone,Cephalosporin,Broad,0,916,20.3,85.82
Bhubaneswar,2024-01,1100000,Ciprofloxacin,Fluoroquinolone,Broad,0,2074,20.3,85.82
Bhubaneswar,2024-01,1100000,Doxycycline,Tetracycline,Broad,0,1849,20.3,85.82
Bhubaneswar,2024-01,1100000,Metronidazole,Nitroimidazole,Narrow,0,2080,20.3,85.82
Bhubaneswar,2024-01,1100000,Cotrimoxazole,Sulfonamide combination,Broad,1,1783,20.3,85.82
Bhubaneswar,2024-01,1100000,Meropenem,Carbapenem,Very Broad,0,119,20.3,85.82
Bhubaneswar,2024-02,1100000,Amoxicillin,Penicillin,Narrow,0,2843,20.3,85.82
Bhubaneswar,2024-02,1100000,Amoxicillin-Clavulanate,Penicillin + beta-lactamase inhibitor,Broad,1,4175,20.3,85.82
Bhubaneswar,2024-02,1100000,Azithromycin,Macrolide,Broad,0,3812,20.3,85.82
Bhubaneswar,2024-02,1100000,Cefixime,Cephalosporin,Broad,0,2406,20.3,85.82
Bhubaneswar,2024-02,1100000,Ceftriaxone,Cephalosporin,Broad,0,1086,20.3,85.82
Bhubaneswar,2024-02,1100000,Ciprofloxacin,Fluoroquinolone,Broad,0,2364,20.3,85.82
Bhubaneswar,2024-02,1100000,Doxycycline,Tetracycline,Broad,0,2055,20.3,85.82
Bhubaneswar,2024-02,1100000,Metronidazole,Nitroimidazole,Narrow,0,1969,20.3,85.82
Bhubaneswar,2024-02,1100000,Cotrimoxazole,Sulfonamide combination,Broad,1,1393,20.3,85.82
Bhubaneswar,2024-02,1100000,Meropenem,Carbapenem,Very Broad,0,133,20.3,85.82
Bhubaneswar,2024-03,1100000,Amoxicillin,Penicillin,Narrow,0,2881,20.3,85.82
Bhubaneswar,2024-03,1100000,Amoxicillin-Clavulanate,Penicillin + beta-lactamase inhibitor,Broad,1,4841,20.3,85.82
Bhubaneswar,2024-03,1100000,Azithromycin,Macrolide,Broad,0,4211,20.3,85.82
Bhubaneswar,2024-03,1100000,Cefixime,Cephalosporin,Broad,0,2731,20.3,85.82
Bhubaneswar,2024-03,1100000,Ceftriaxone,Cephalosporin,Broad,0,1148,20.3,85.82
Bhubaneswar,2024-03,1100000,Ciprofloxacin,Fluoroquinolone,Broad,0,2718,20.3,85.82
Bhubaneswar,2024-03,1100000,Doxycycline,Tetracycline,Broad,0,2132,20.3,85.82
Bhubaneswar,2024-03,1100000,Metronidazole,Nitroimidazole,Narrow,0,1891,20.3,85.82
Bhubaneswar,2024-03,1100000,Cotrimoxazole,Sulfonamide combination,Broad,1,1566,20.3,85.82
Bhubaneswar,2024-03,1100000,Meropenem,Carbapenem,Very Broad,0,134,20.3,85.82
Bhubaneswar,2024-04,1100000,Amoxicillin,Penicillin,Narrow,0,2753,20.3,85.82
Bhubaneswar,2024-04,1100000,Amoxicillin-Clavulanate,Penicillin + beta-lactamase inhibitor,Broad,1,5298,20.3,85.82
Bhubaneswar,2024-04,1100000,Azithromycin,Macrolide,Broad,0,3792,20.3,85.82
Bhubaneswar,2024-04,1100000,Cefixime,Cephalosporin,Broad,0,2982,20.3,85.82
Bhubaneswar,2024-04,1100000,Ceftriaxone,Cephalosporin,Broad,0,1108,20.3,85.82
Bhubaneswar,2024-04,1100000,Ciprofloxacin,Fluoroquinolone,Broad,0,2659,20.3,85.82
Bhubaneswar,2024-04,1100000,Doxycycline,Tetracycline,Broad,0,2196,20.3,85.82
Bhubaneswar,2024-04,1100000,Metronidazole,Nitroimidazole,Narrow,0,2288,20.3,85.82
Bhubaneswar,2024-04,1100000,Cotrimoxazole,Sulfonamide combination,Broad,1,1712,20.3,85.82
Bhubaneswar,2024-04,1100000,Meropenem,Carbapenem,Very Broad,0,137,20.3,85.82
Bhubaneswar,2024-05,1100000,Amoxicillin,Penicillin,Narrow,0,3117,20.3,85.82
Bhubaneswar,2024-05,1100000,Amoxicillin-Clavulanate,Penicillin + beta-lactamase inhibitor,Broad,1,5028,20.3,85.82
Bhubaneswar,2024-05,1100000,Azithromycin,Macrolide,Broad,0,3562,20.3,85.82
Bhubaneswar,2024-05,1100000,Cefixime,Cephalosporin,Broad,0,2840,20.3,85.82
Bhubaneswar,2024-05,1100000,Ceftriaxone,Cephalosporin,Broad,0,1193,20.3,85.82
Bhubaneswar,2024-05,1100000,Ciprofloxacin,Fluoroquinolone,Broad,0,2469,20.3,85.82
Bhubaneswar,2024-05,1100000,Doxycycline,Tetracycline,Broad,0,2142,20.3,85.82
Bhubaneswar,2024-05,1100000,Metronidazole,Nitroimidazole,Narrow,0,2211,20.3,85.82
Bhubaneswar,2024-05,1100000,Cotrimoxazole,Sulfonamide combination,Broad,1,2215,20.3,85.82
Bhubaneswar,2024-05,1100000,Meropenem,Carbapenem,Very Broad,0,148,20.3,85.82
Bhubaneswar,2024-06,1100000,Amoxicillin,Penicillin,Narrow,0,2677,20.3,85.82
Bhubaneswar,2024-06,1100000,Amoxicillin-Clavulanate,Penicillin + beta-lactamase inhibitor,Broad,1,4852,20.3,85.82
Bhubaneswar,2024-06,1100000,Azithromycin,Macrolide,Broad,0,3400,20.3,85.82
Bhubaneswar,2024-06,1100000,Cefixime,Cephalosporin,Broad,0,2597,20.3,85.82
Bhubaneswar,2024-06,1100000,Ceftriaxone,Cephalosporin,Broad,0,982,20.3,85.82
Bhubaneswar,2024-06,1100000,Ciprofloxacin,Fluoroquinolone,Broad,0,2654,20.3,85.82
Bhubaneswar,2024-06,1100000,Doxycycline,Tetracycline,Broad,0,1822,20.3,85.82
Bhubaneswar,2024-06,1100000,Metronidazole,Nitroimidazole,Narrow,0,1892,20.3,85.82
Bhubaneswar,2024-06,1100000,Cotrimoxazole,Sulfonamide combination,Broad,1,1843,20.3,85.82
Bhubaneswar,2024-06,1100000,Meropenem,Carbapenem,Very Broad,0,152,20.3,85.82
Bhubaneswar,2024-07,1100000,Amoxicillin,Penicillin,Narrow,0,2423,20.3,85.82
Bhubaneswar,2024-07,1100000,Amoxicillin-Clavulanate,Penicillin + beta-lactamase inhibitor,Broad,1,4150,20.3,85.82
Bhubaneswar,2024-07,1100000,Azithromycin,Macrolide,Broad,0,3610,20.3,85.82
Bhubaneswar,2024-07,1100000,Cefixime,Cephalosporin,Broad,0,1898,20.3,85.82
Bhubaneswar,2024-07,1100000,Ceftriaxone,Cephalosporin,Broad,0,927,20.3,85.82
Bhubaneswar,2024-07,1100000,Ciprofloxacin,Fluoroquinolone,Broad,0,2737,20.3,85.82
Bhubaneswar,2024-07,1100000,Doxycycline,Tetracycline,Broad,0,1954,20.3,85.82
Bhubaneswar,2024-07,1100000,Metronidazole,Nitroimidazole,Narrow,0,1701,20.3,85.82
Bhubaneswar,2024-07,1100000,Cotrimoxazole,Sulfonamide combination,Broad,1,1695,20.3,85.82
Bhubaneswar,2024-07,1100000,Meropenem,Carbapenem,Very Broad,0,124,20.3,85.82
Bhubaneswar,2024-08,1100000,Amoxicillin,Penicillin,Narrow,0,2759,20.3,85.82
Bhubaneswar,2024-08,1100000,Amoxicillin-Clavulanate,Penicillin + beta-lactamase inhibitor,Broad,1,4256,20.3,85.82
Bhubaneswar,2024-08,1100000,Azithromycin,Macrolide,Broad,0,2960,20.3,85.82
Bhubaneswar,2024-08,1100000,Cefixime,Cephalosporin,Broad,0,2428,20.3,85.82
Bhubaneswar,2024-08,1100000,Ceftriaxone,Cephalosporin,Broad,0,905,20.3,85.82
Bhubaneswar,2024-08,1100000,Ciprofloxacin,Fluoroquinolone,Broad,0,1997,20.3,85.82
Bhubaneswar,2024-08,1100000,Doxycycline,Tetracycline,Broad,0,1548,20.3,85.82
Bhubaneswar,2024-08,1100000,Metronidazole,Nitroimidazole,Narrow,0,1556,20.3,85.82
Bhubaneswar,2024-08,1100000,Cotrimoxazole,Sulfonamide combination,Broad,1,1515,20.3,85.82
Bhubaneswar,2024-08,1100000,Meropenem,Carbapenem,Very Broad,0,107,20.3,85.82
Bhubaneswar,2024-09,1100000,Amoxicillin,Penicillin,Narrow,0,2115,20.3,85.82
Bhubaneswar,2024-09,1100000,Amoxicillin-Clavulanate,Penicillin + beta-lactamase inhibitor,Broad,1,2978,20.3,85.82
Bhubaneswar,2024-09,1100000,Azithromycin,Macrolide,Broad,0,2751,20.3,85.82
Bhubaneswar,2024-09,1100000,Cefixime,Cephalosporin,Broad,0,2102,20.3,85.82
Bhubaneswar,2024-09,1100000,Ceftriaxone,Cephalosporin,Broad,0,867,20.3,85.82
Bhubaneswar,2024-09,1100000,Ciprofloxacin,Fluoroquinolone,Broad,0,2293,20.3,85.82
Bhubaneswar,2024-09,1100000,Doxycycline,Tetracycline,Broad,0,1617,20.3,85.82
Bhubaneswar,2024-09,1100000,Metronidazole,Nitroimidazole,Narrow,0,1802,20.3,85.82
Bhubaneswar,2024-09,1100000,Cotrimoxazole,Sulfonamide combination,Broad,1,1529,20.3,85.82
Bhubaneswar,2024-09,1100000,Meropenem,Carbapenem,Very Broad,0,111,20.3,85.82
Bhubaneswar,2024-10,1100000,Amoxicillin,Penicillin,Narrow,0,2272,20.3,85.82
Bhubaneswar,2024-10,1100000,Amoxicillin-Clavulanate,Penicillin + beta-lactamase inhibitor,Broad,1,3542,20.3,85.82
Bhubaneswar,2024-10,1100000,Azithromycin,Macrolide,Broad,0,3010,20.3,85.82
Bhubaneswar,2024-10,1100000,Cefixime,Cephalosporin,Broad,0,2084,20.3,85.82
Bhubaneswar,2024-10,1100000,Ceftriaxone,Cephalosporin,Broad,0,821,20.3,85.82
Bhubaneswar,2024-10,1100000,Ciprofloxacin,Fluoroquinolone,Broad,0,2152,20.3,85.82
Bhubaneswar,2024-10,1100000,Doxycycline,Tetracycline,Broad,0,1703,20.3,85.82
Bhubaneswar,2024-10,1100000,Metronidazole,Nitroimidazole,Narrow,0,1604,20.3,85.82
Bhubaneswar,2024-10,1100000,Cotrimoxazole,Sulfonamide combination,Broad,1,1492,20.3,85.82
Bhubaneswar,2024-10,1100000,Meropenem,Carbapenem,Very Broad,0,107,20.3,85.82
Bhubaneswar,2024-11,1100000,Amoxicillin,Penicillin,Narrow,0,2332,20.3,85.82
Bhubaneswar,2024-11,1100000,Amoxicillin-Clavulanate,Penicillin + beta-lactamase inhibitor,Broad,1,3671,20.3,85.82
Bhubaneswar,2024-11,1100000,Azithromycin,Macrolide,Broad,0,2874,20.3,85.82
Bhubaneswar,2024-11,1100000,Cefixime,Cephalosporin,Broad,0,1901,20.3,85.82
Bhubaneswar,2024-11,1100000,Ceftriaxone,Cephalosporin,Broad,0,878,20.3,85.82
Bhubaneswar,2024-11,1100000,Ciprofloxacin,Fluoroquinolone,Broad,0,2131,20.3,85.82
Bhubaneswar,2024-11,1100000,Doxycycline,Tetracycline,Broad,0,1596,20.3,85.82
Bhubaneswar,2024-11,1100000,Metronidazole,Nitroimidazole,Narrow,0,2006,20.3,85.82
Bhubaneswar,2024-11,1100000,Cotrimoxazole,Sulfonamide combination,Broad,1,1613,20.3,85.82
Bhubaneswar,2024-11,1100000,Meropenem,Carbapenem,Very Broad,0,121,20.3,85.82
Bhubaneswar,2024-12,1100000,Amoxicillin,Penicillin,Narrow,0,2769,20.3,85.82
Bhubaneswar,2024-12,1100000,Amoxicillin-Clavulanate,Penicillin + beta-lactamase inhibitor,Broad,1,3957,20.3,85.82
Bhubaneswar,2024-12,1100000,Azithromycin,Macrolide,Broad,0,2700,20.3,85.82
Bhubaneswar,2024-12,1100000,Cefixime,Cephalosporin,Broad,0,2237,20.3,85.82
Bhubaneswar,2024-12,1100000,Ceftriaxone,Cephalosporin,Broad,0,1005,20.3,85.82
Bhubaneswar,2024-12,1100000,Ciprofloxacin,Fluoroquinolone,Broad,0,2211,20.3,85.82
Bhubaneswar,2024-12,1100000,Doxycycline,Tetracycline,Broad,0,1837,20.3,85.82
Bhubaneswar,2024-12,1100000,Metronidazole,Nitroimidazole,Narrow,0,1944,20.3,85.82
Bhubaneswar,2024-12,1100000,Cotrimoxazole,Sulfonamide combination,Broad,1,1700,20.3,85.82
Bhubaneswar,2024-12,1100000,Meropenem,Carbapenem,Very Broad,0,127,20.3,85.82
Bhubaneswar,2025-01,1100000,Amoxicillin,Penicillin,Narrow,0,2347,20.3,85.82
Bhubaneswar,2025-01,1100000,Amoxicillin-Clavulanate,Penicillin + beta-lactamase inhibitor,Broad,1,4939,20.3,85.82
Bhubaneswar,2025-01,1100000,Azithromycin,Macrolide,Broad,0,3533,20.3,85.82
Bhubaneswar,2025-01,1100000,Cefixime,Cephalosporin,Broad,0,2316,20.3,85.82
Bhubaneswar,2025-01,1100000,Ceftriaxone,Cephalosporin,Broad,0,965,20.3,85.82
Bhubaneswar,2025-01,1100000,Ciprofloxacin,Fluoroquinolone,Broad,0,2183,20.3,85.82
Bhubaneswar,2025-01,1100000,Doxycycline,Tetracycline,Broad,0,1789,20.3,85.82
Bhubaneswar,2025-01,1100000,Metronidazole,Nitroimidazole,Narrow,0,1681,20.3,85.82
Bhubaneswar,2025-01,1100000,Cotrimoxazole,Sulfonamide combination,Broad,1,1536,20.3,85.82
Bhubaneswar,2025-01,1100000,Meropenem,Carbapenem,Very Broad,0,124,20.3,85.82
Bhubaneswar,2025-02,1100000,Amoxicillin,Penicillin,Narrow,0,2923,20.3,85.82
Bhubaneswar,2025-02,1100000,Amoxicillin-Clavulanate,Penicillin + beta-lactamase inhibitor,Broad,1,4876,20.3,85.82
Bhubaneswar,2025-02,1100000,Azithromycin,Macrolide,Broad,0,3782,20.3,85.82
Bhubaneswar,2025-02,1100000,Cefixime,Cephalosporin,Broad,0,2451,20.3,85.82
Bhubaneswar,2025-02,1100000,Ceftriaxone,Cephalosporin,Broad,0,1072,20.3,85.82
Bhubaneswar,2025-02,1100000,Ciprofloxacin,Fluoroquinolone,Broad,0,2518,20.3,85.82
Bhubaneswar,2025-02,1100000,Doxycycline,Tetracycline,Broad,0,2128,20.3,85.82
Bhubaneswar,2025-02,1100000,Metronidazole,Nitroimidazole,Narrow,0,1949,20.3,85.82
Bhubaneswar,2025-02,1100000,Cotrimoxazole,Sulfonamide combination,Broad,1,2026,20.3,85.82
Bhubaneswar,2025-02,1100000,Meropenem,Carbapenem,Very Broad,0,136,20.3,85.82
Bhubaneswar,2025-03,1100000,Amoxicillin,Penicillin,Narrow,0,2710,20.3,85.82
Bhubaneswar,2025-03,1100000,Amoxicillin-Clavulanate,Penicillin + beta-lactamase inhibitor,Broad,1,4451,20.3,85.82
Bhubaneswar,2025-03,1100000,Azithromycin,Macrolide,Broad,0,3944,20.3,85.82
Bhubaneswar,2025-03,1100000,Cefixime,Cephalosporin,Broad,0,2901,20.3,85.82
Bhubaneswar,2025-03,1100000,Ceftriaxone,Cephalosporin,Broad,0,1196,20.3,85.82
Bhubaneswar,2025-03,1100000,Ciprofloxacin,Fluoroquinolone,Broad,0,2681,20.3,85.82
Bhubaneswar,2025-03,1100000,Doxycycline,Tetracycline,Broad,0,2084,20.3,85.82
Bhubaneswar,2025-03,1100000,Metronidazole,Nitroimidazole,Narrow,0,1922,20.3,85.82
Bhubaneswar,2025-03,1100000,Cotrimoxazole,Sulfonamide combination,Broad,1,2107,20.3,85.82
Bhubaneswar,2025-03,1100000,Meropenem,Carbapenem,Very Broad,0,150,20.3,85.82
Bhubaneswar,2025-04,1100000,Amoxicillin,Penicillin,Narrow,0,3078,20.3,85.82
Bhubaneswar,2025-04,1100000,Amoxicillin-Clavulanate,Penicillin + beta-lactamase inhibitor,Broad,1,4807,20.3,85.82
Bhubaneswar,2025-04,1100000,Azithromycin,Macrolide,Broad,0,3646,20.3,85.82
Bhubaneswar,2025-04,1100000,Cefixime,Cephalosporin,Broad,0,3105,20.3,85.82
Bhubaneswar,2025-04,1100000,Ceftriaxone,Cephalosporin,Broad,0,1227,20.3,85.82
Bhubaneswar,2025-04,1100000,Ciprofloxacin,Fluoroquinolone,Broad,0,2542,20.3,85.82
Bhubaneswar,2025-04,1100000,Doxycycline,Tetracycline,Broad,0,2197,20.3,85.82
Bhubaneswar,2025-04,1100000,Metronidazole,Nitroimidazole,Narrow,0,2091,20.3,85.82
Bhubaneswar,2025-04,1100000,Cotrimoxazole,Sulfonamide combination,Broad,1,1606,20.3,85.82
Bhubaneswar,2025-04,1100000,Meropenem,Carbapenem,Very Broad,0,136,20.3,85.82
Bhubaneswar,2025-05,1100000,Amoxicillin,Penicillin,Narrow,0,2735,20.3,85.82
Bhubaneswar,2025-05,1100000,Amoxicillin-Clavulanate,Penicillin + beta-lactamase inhibitor,Broad,1,5218,20.3,85.82
Bhubaneswar,2025-05,1100000,Azithromycin,Macrolide,Broad,0,4033,20.3,85.82
Bhubaneswar,2025-05,1100000,Cefixime,Cephalosporin,Broad,0,2677,20.3,85.82
Bhubaneswar,2025-05,1100000,Ceftriaxone,Cephalosporin,Broad,0,1052,20.3,85.82
Bhubaneswar,2025-05,1100000,Ciprofloxacin,Fluoroquinolone,Broad,0,2654,20.3,85.82
Bhubaneswar,2025-05,1100000,Doxycycline,Tetracycline,Broad,0,2081,20.3,85.82
Bhubaneswar,2025-05,1100000,Metronidazole,Nitroimidazole,Narrow,0,2020,20.3,85.82
Bhubaneswar,2025-05,1100000,Cotrimoxazole,Sulfonamide combination,Broad,1,1969,20.3,85.82
Bhubaneswar,2025-05,1100000,Meropenem,Carbapenem,Very Broad,0,169,20.3,85.82
Bhubaneswar,2025-06,1100000,Amoxicillin,Penicillin,Narrow,0,2616,20.3,85.82
Bhubaneswar,2025-06,1100000,Amoxicillin-Clavulanate,Penicillin + beta-lactamase inhibitor,Broad,1,4719,20.3,85.82
Bhubaneswar,2025-06,1100000,Azithromycin,Macrolide,Broad,0,3253,20.3,85.82
Bhubaneswar,2025-06,1100000,Cefixime,Cephalosporin,Broad,0,2755,20.3,85.82
Bhubaneswar,2025-06,1100000,Ceftriaxone,Cephalosporin,Broad,0,1141,20.3,85.82
Bhubaneswar,2025-06,1100000,Ciprofloxacin,Fluoroquinolone,Broad,0,2428,20.3,85.82
Bhubaneswar,2025-06,1100000,Doxycycline,Tetracycline,Broad,0,1966,20.3,85.82
Bhubaneswar,2025-06,1100000,Metronidazole,Nitroimidazole,Narrow,0,1943,20.3,85.82
Bhubaneswar,2025-06,1100000,Cotrimoxazole,Sulfonamide combination,Broad,1,1840,20.3,85.82
Bhubaneswar,2025-06,1100000,Meropenem,Carbapenem,Very Broad,0,133,20.3,85.82
Bhubaneswar,2025-07,1100000,Amoxicillin,Penicillin,Narrow,0,2623,20.3,85.82
Bhubaneswar,2025-07,1100000,Amoxicillin-Clavulanate,Penicillin + beta-lactamase inhibitor,Broad,1,4840,20.3,85.82
Bhubaneswar,2025-07,1100000,Azithromycin,Macrolide,Broad,0,3010,20.3,85.82
Bhubaneswar,2025-07,1100000,Cefixime,Cephalosporin,Broad,0,2288,20.3,85.82
Bhubaneswar,2025-07,1100000,Ceftriaxone,Cephalosporin,Broad,0,899,20.3,85.82
Bhubaneswar,2025-07,1100000,Ciprofloxacin,Fluoroquinolone,Broad,0,2498,20.3,85.82
Bhubaneswar,2025-07,1100000,Doxycycline,Tetracycline,Broad,0,1968,20.3,85.82
Bhubaneswar,2025-07,1100000,Metronidazole,Nitroimidazole,Narrow,0,1943,20.3,85.82
Bhubaneswar,2025-07,1100000,Cotrimoxazole,Sulfonamide combination,Broad,1,1607,20.3,85.82
Bhubaneswar,2025-07,1100000,Meropenem,Carbapenem,Very Broad,0,147,20.3,85.82
Bhubaneswar,2025-08,1100000,Amoxicillin,Penicillin,Narrow,0,2467,20.3,85.82
Bhubaneswar,2025-08,1100000,Amoxicillin-Clavulanate,Penicillin + beta-lactamase inhibitor,Broad,1,4525,20.3,85.82
Bhubaneswar,2025-08,1100000,Azithromycin,Macrolide,Broad,0,2901,20.3,85.82
Bhubaneswar,2025-08,1100000,Cefixime,Cephalosporin,Broad,0,2234,20.3,85.82
Bhubaneswar,2025-08,1100000,Ceftriaxone,Cephalosporin,Broad,0,983,20.3,85.82
Bhubaneswar,2025-08,1100000,Ciprofloxacin,Fluoroquinolone,Broad,0,2671,20.3,85.82
Bhubaneswar,2025-08,1100000,Doxycycline,Tetracycline,Broad,0,1852,20.3,85.82
Bhubaneswar,2025-08,1100000,Metronidazole,Nitroimidazole,Narrow,0,1985,20.3,85.82
Bhubaneswar,2025-08,1100000,Cotrimoxazole,Sulfonamide combination,Broad,1,1822,20.3,85.82
Bhubaneswar,2025-08,1100000,Meropenem,Carbapenem,Very Broad,0,124,20.3,85.82
Bhubaneswar,2025-09,1100000,Amoxicillin,Penicillin,Narrow,0,2521,20.3,85.82
Bhubaneswar,2025-09,1100000,Amoxicillin-Clavulanate,Penicillin + beta-lactamase inhibitor,Broad,1,3567,20.3,85.82
Bhubaneswar,2025-09,1100000,Azithromycin,Macrolide,Broad,0,3402,20.3,85.82
Bhubaneswar,2025-09,1100000,Cefixime,Cephalosporin,Broad,0,2251,20.3,85.82
Bhubaneswar,2025-09,1100000,Ceftriaxone,Cephalosporin,Broad,0,740,20.3,85.82
Bhubaneswar,2025-09,1100000,Ciprofloxacin,Fluoroquinolone,Broad,0,2041,20.3,85.82
Bhubaneswar,2025-09,1100000,Doxycycline,Tetracycline,Broad,0,1809,20.3,85.82
Bhubaneswar,2025-09,1100000,Metronidazole,Nitroimidazole,Narrow,0,1668,20.3,85.82
Bhubaneswar,2025-09,1100000,Cotrimoxazole,Sulfonamide combination,Broad,1,1663,20.3,85.82
Bhubaneswar,2025-09,1100000,Meropenem,Carbapenem,Very Broad,0,107,20.3,85.82
Bhubaneswar,2025-10,1100000,Amoxicillin,Penicillin,Narrow,0,2286,20.3,85.82
Bhubaneswar,2025-10,1100000,Amoxicillin-Clavulanate,Penicillin + beta-lactamase inhibitor,Broad,1,3942,20.3,85.82
Bhubaneswar,2025-10,1100000,Azithromycin,Macrolide,Broad,0,2970,20.3,85.82
Bhubaneswar,2025-10,1100000,Cefixime,Cephalosporin,Broad,0,2377,20.3,85.82
Bhubaneswar,2025-10,1100000,Ceftriaxone,Cephalosporin,Broad,0,849,20.3,85.82
Bhubaneswar,2025-10,1100000,Ciprofloxacin,Fluoroquinolone,Broad,0,2104,20.3,85.82
Bhubaneswar,2025-10,1100000,Doxycycline,Tetracycline,Broad,0,1702,20.3,85.82
Bhubaneswar,2025-10,1100000,Metronidazole,Nitroimidazole,Narrow,0,1477,20.3,85.82
Bhubaneswar,2025-10,1100000,Cotrimoxazole,Sulfonamide combination,Broad,1,1392,20.3,85.82
Bhubaneswar,2025-10,1100000,Meropenem,Carbapenem,Very Broad,0,112,20.3,85.82
Bhubaneswar,2025-11,1100000,Amoxicillin,Penicillin,Narrow,0,2461,20.3,85.82
Bhubaneswar,2025-11,1100000,Amoxicillin-Clavulanate,Penicillin + beta-lactamase inhibitor,Broad,1,3712,20.3,85.82
Bhubaneswar,2025-11,1100000,Azithromycin,Macrolide,Broad,0,2512,20.3,85.82
Bhubaneswar,2025-11,1100000,Cefixime,Cephalosporin,Broad,0,2419,20.3,85.82
Bhubaneswar,2025-11,1100000,Ceftriaxone,Cephalosporin,Broad,0,949,20.3,85.82
Bhubaneswar,2025-11,1100000,Ciprofloxacin,Fluoroquinolone,Broad,0,2351,20.3,85.82
Bhubaneswar,2025-11,1100000,Doxycycline,Tetracycline,Broad,0,1666,20.3,85.82
Bhubaneswar,2025-11,1100000,Metronidazole,Nitroimidazole,Narrow,0,1760,20.3,85.82
Bhubaneswar,2025-11,1100000,Cotrimoxazole,Sulfonamide combination,Broad,1,1781,20.3,85.82
Bhubaneswar,2025-11,1100000,Meropenem,Carbapenem,Very Broad,0,117,20.3,85.82
Bhubaneswar,2025-12,1100000,Amoxicillin,Penicillin,Narrow,0,2449,20.3,85.82
Bhubaneswar,2025-12,1100000,Amoxicillin-Clavulanate,Penicillin + beta-lactamase inhibitor,Broad,1,4517,20.3,85.82
Bhubaneswar,2025-12,1100000,Azithromycin,Macrolide,Broad,0,3399,20.3,85.82
Bhubaneswar,2025-12,1100000,Cefixime,Cephalosporin,Broad,0,2528,20.3,85.82
Bhubaneswar,2025-12,1100000,Ceftriaxone,Cephalosporin,Broad,0,948,20.3,85.82
Bhubaneswar,2025-12,1100000,Ciprofloxacin,Fluoroquinolone,Broad,0,2004,20.3,85.82
Bhubaneswar,2025-12,1100000,Doxycycline,Tetracycline,Broad,0,2104,20.3,85.82
Bhubaneswar,2025-12,1100000,Metronidazole,Nitroimidazole,Narrow,0,1697,20.3,85.82
Bhubaneswar,2025-12,1100000,Cotrimoxazole,Sulfonamide combination,Broad,1,1632,20.3,85.82
Bhubaneswar,2025-12,1100000,Meropenem,Carbapenem,Very Broad,0,123,20.3,85.82
Guwahati,2024-01,1100000,Amoxicillin,Penicillin,Narrow,0,2486,26.14,91.74
Guwahati,2024-01,1100000,Amoxicillin-Clavulanate,Penicillin + beta-lactamase inhibitor,Broad,1,4426,26.14,91.74
Guwahati,2024-01,1100000,Azithromycin,Macrolide,Broad,0,3507,26.14,91.74
Guwahati,2024-01,1100000,Cefixime,Cephalosporin,Broad,0,2470,26.14,91.74
Guwahati,2024-01,1100000,Ceftriaxone,Cephalosporin,Broad,0,836,26.14,91.74
Guwahati,2024-01,1100000,Ciprofloxacin,Fluoroquinolone,Broad,0,2627,26.14,91.74
Guwahati,2024-01,1100000,Doxycycline,Tetracycline,Broad,0,1875,26.14,91.74
Guwahati,2024-01,1100000,Metronidazole,Nitroimidazole,Narrow,0,1943,26.14,91.74
Guwahati,2024-01,1100000,Cotrimoxazole,Sulfonamide combination,Broad,1,1561,26.14,91.74
Guwahati,2024-01,1100000,Meropenem,Carbapenem,Very Broad,0,122,26.14,91.74
Guwahati,2024-02,1100000,Amoxicillin,Penicillin,Narrow,0,2991,26.14,91.74
Guwahati,2024-02,1100000,Amoxicillin-Clavulanate,Penicillin + beta-lactamase inhibitor,Broad,1,4506,26.14,91.74
Guwahati,2024-02,1100000,Azithromycin,Macrolide,Broad,0,3892,26.14,91.74
Guwahati,2024-02,1100000,Cefixime,Cephalosporin,Broad,0,2453,26.14,91.74
Guwahati,2024-02,1100000,Ceftriaxone,Cephalosporin,Broad,0,1038,26.14,91.74
Guwahati,2024-02,1100000,Ciprofloxacin,Fluoroquinolone,Broad,0,2390,26.14,91.74
Guwahati,2024-02,1100000,Doxycycline,Tetracycline,Broad,0,2199,26.14,91.74
Guwahati,2024-02,1100000,Metronidazole,Nitroimidazole,Narrow,0,1681,26.14,91.74
Guwahati,2024-02,1100000,Cotrimoxazole,Sulfonamide combination,Broad,1,1669,26.14,91.74
Guwahati,2024-02,1100000,Meropenem,Carbapenem,Very Broad,0,114,26.14,91.74
Guwahati,2024-03,1100000,Amoxicillin,Penicillin,Narrow,0,2623,26.14,91.74
Guwahati,2024-03,1100000,Amoxicillin-Clavulanate,Penicillin + beta-lactamase inhibitor,Broad,1,4343,26.14,91.74
Guwahati,2024-03,1100000,Azithromycin,Macrolide,Broad,0,3569,26.14,91.74
Guwahati,2024-03,1100000,Cefixime,Cephalosporin,Broad,0,2282,26.14,91.74
Guwahati,2024-03,1100000,Ceftriaxone,Cephalosporin,Broad,0,1034,26.14,91.74
Guwahati,2024-03,1100000,Ciprofloxacin,Fluoroquinolone,Broad,0,2767,26.14,91.74
Guwahati,2024-03,1100000,Doxycycline,Tetracycline,Broad,0,2154,26.14,91.74
Guwahati,2024-03,1100000,Metronidazole,Nitroimidazole,Narrow,0,2060,26.14,91.74
Guwahati,2024-03,1100000,Cotrimoxazole,Sulfonamide combination,Broad,1,1795,26.14,91.74
Guwahati,2024-03,1100000,Meropenem,Carbapenem,Very Broad,0,124,26.14,91.74
Guwahati,2024-04,1100000,Amoxicillin,Penicillin,Narrow,0,2823,26.14,91.74
Guwahati,2024-04,1100000,Amoxicillin-Clavulanate,Penicillin + beta-lactamase inhibitor,Broad,1,5379,26.14,91.74
Guwahati,2024-04,1100000,Azithromycin,Macrolide,Broad,0,4028,26.14,91.74
Guwahati,2024-04,1100000,Cefixime,Cephalosporin,Broad,0,2865,26.14,91.74
Guwahati,2024-04,1100000,Ceftriaxone,Cephalosporin,Broad,0,1077,26.14,91.74
Guwahati,2024-04,1100000,Ciprofloxacin,Fluoroquinolone,Broad,0,2588,26.14,91.74
Guwahati,2024-04,1100000,Doxycycline,Tetracycline,Broad,0,2076,26.14,91.74
Guwahati,2024-04,1100000,Metronidazole,Nitroimidazole,Narrow,0,2029,26.14,91.74
Guwahati,2024-04,1100000,Cotrimoxazole,Sulfonamide combination,Broad,1,2287,26.14,91.74
Guwahati,2024-04,1100000,Meropenem,Carbapenem,Very Broad,0,124,26.14,91.74
Guwahati,2024-05,1100000,Amoxicillin,Penicillin,Narrow,0,3060,26.14,91.74
Guwahati,2024-05,1100000,Amoxicillin-Clavulanate,Penicillin + beta-lactamase inhibitor,Broad,1,4506,26.14,91.74
Guwahati,2024-05,1100000,Azithromycin,Macrolide,Broad,0,3515,26.14,91.74
Guwahati,2024-05,1100000,Cefixime,Cephalosporin,Broad,0,2617,26.14,91.74
Guwahati,2024-05,1100000,Ceftriaxone,Cephalosporin,Broad,0,1116,26.14,91.74
Guwahati,2024-05,1100000,Ciprofloxacin,Fluoroquinolone,Broad,0,2266,26.14,91.74
Guwahati,2024-05,1100000,Doxycycline,Tetracycline,Broad,0,2214,26.14,91.74
Guwahati,2024-05,1100000,Metronidazole,Nitroimidazole,Narrow,0,2142,26.14,91.74
Guwahati,2024-05,1100000,Cotrimoxazole,Sulfonamide combination,Broad,1,2065,26.14,91.74
Guwahati,2024-05,1100000,Meropenem,Carbapenem,Very Broad,0,134,26.14,91.74
Guwahati,2024-06,1100000,Amoxicillin,Penicillin,Narrow,0,2526,26.14,91.74
Guwahati,2024-06,1100000,Amoxicillin-Clavulanate,Penicillin + beta-lactamase inhibitor,Broad,1,4749,26.14,91.74
Guwahati,2024-06,1100000,Azithromycin,Macrolide,Broad,0,4085,26.14,91.74
Guwahati,2024-06,1100000,Cefixime,Cephalosporin,Broad,0,2645,26.14,91.74
Guwahati,2024-06,1100000,Ceftriaxone,Cephalosporin,Broad,0,997,26.14,91.74
Guwahati,2024-06,1100000,Ciprofloxacin,Fluoroquinolone,Broad,0,2514,26.14,91.74
Guwahati,2024-06,1100000,Doxycycline,Tetracycline,Broad,0,1836,26.14,91.74
Guwahati,2024-06,1100000,Metronidazole,Nitroimidazole,Narrow,0,1793,26.14,91.74
Guwahati,2024-06,1100000,Cotrimoxazole,Sulfonamide combination,Broad,1,1764,26.14,91.74
Guwahati,2024-06,1100000,Meropenem,Carbapenem,Very Broad,0,133,26.14,91.74
Guwahati,2024-07,1100000,Amoxicillin,Penicillin,Narrow,0,2691,26.14,91.74
Guwahati,2024-07,1100000,Amoxicillin-Clavulanate,Penicillin + beta-lactamase inhibitor,Broad,1,4816,26.14,91.74
Guwahati,2024-07,1100000,Azithromycin,Macrolide,Broad,0,3062,26.14,91.74
Guwahati,2024-07,1100000,Cefixime,Cephalosporin,Broad,0,2399,26.14,91.74
Guwahati,2024-07,1100000,Ceftriaxone,Cephalosporin,Broad,0,1063,26.14,91.74
Guwahati,2024-07,1100000,Ciprofloxacin,Fluoroquinolone,Broad,0,2250,26.14,91.74
Guwahati,2024-07,1100000,Doxycycline,Tetracycline,Broad,0,1904,26.14,91.74
Guwahati,2024-07,1100000,Metronidazole,Nitroimidazole,Narrow,0,1938,26.14,91.74
Guwahati,2024-07,1100000,Cotrimoxazole,Sulfonamide combination,Broad,1,1773,26.14,91.74
Guwahati,2024-07,1100000,Meropenem,Carbapenem,Very Broad,0,134,26.14,91.74
Guwahati,2024-08,1100000,Amoxicillin,Penicillin,Narrow,0,2417,26.14,91.74
Guwahati,2024-08,1100000,Amoxicillin-Clavulanate,Penicillin + beta-lactamase inhibitor,Broad,1,4771,26.14,91.74
Guwahati,2024-08,1100000,Azithromycin,Macrolide,Broad,0,3321,26.14,91.74
Guwahati,2024-08,1100000,Cefixime,Cephalosporin,Broad,0,2109,26.14,91.74
Guwahati,2024-08,1100000,Ceftriaxone,Cephalosporin,Broad,0,906,26.14,91.74
Guwahati,2024-08,1100000,Ciprofloxacin,Fluoroquinolone,Broad,0,2098,26.14,91.74
Guwahati,2024-08,1100000,Doxycycline,Tetracycline,Broad,0,1725,26.14,91.74
Guwahati,2024-08,1100000,Metronidazole,Nitroimidazole,Narrow,0,1768,26.14,91.74
Guwahati,2024-08,1100000,Cotrimoxazole,Sulfonamide combination,Broad,1,1802,26.14,91.74
Guwahati,2024-08,1100000,Meropenem,Carbapenem,Very Broad,0,136,26.14,91.74
Guwahati,2024-09,1100000,Amoxicillin,Penicillin,Narrow,0,2263,26.14,91.74
Guwahati,2024-09,1100000,Amoxicillin-Clavulanate,Penicillin + beta-lactamase inhibitor,Broad,1,3445,26.14,91.74
Guwahati,2024-09,1100000,Azithromycin,Macrolide,Broad,0,3081,26.14,91.74
Guwahati,2024-09,1100000,Cefixime,Cephalosporin,Broad,0,2242,26.14,91.74
Guwahati,2024-09,1100000,Ceftriaxone,Cephalosporin,Broad,0,945,26.14,91.74
Guwahati,2024-09,1100000,Ciprofloxacin,Fluoroquinolone,Broad,0,2447,26.14,91.74
Guwahati,2024-09,1100000,Doxycycline,Tetracycline,Broad,0,1902,26.14,91.74
Guwahati,2024-09,1100000,Metronidazole,Nitroimidazole,Narrow,0,1803,26.14,91.74
Guwahati,2024-09,1100000,Cotrimoxazole,Sulfonamide combination,Broad,1,1488,26.14,91.74
Guwahati,2024-09,1100000,Meropenem,Carbapenem,Very Broad,0,112,26.14,91.74
Guwahati,2024-10,1100000,Amoxicillin,Penicillin,Narrow,0,2170,26.14,91.74
Guwahati,2024-10,1100000,Amoxicillin-Clavulanate,Penicillin + beta-lactamase inhibitor,Broad,1,4143,26.14,91.74
Guwahati,2024-10,1100000,Azithromycin,Macrolide,Broad,0,3158,26.14,91.74
Guwahati,2024-10,1100000,Cefixime,Cephalosporin,Broad,0,2016,26.14,91.74
Guwahati,2024-10,1100000,Ceftriaxone,Cephalosporin,Broad,0,997,26.14,91.74
Guwahati,2024-10,1100000,Ciprofloxacin,Fluoroquinolone,Broad,0,2089,26.14,91.74
Guwahati,2024-10,1100000,Doxycycline,Tetracycline,Broad,0,1486,26.14,91.74
Guwahati,2024-10,1100000,Metronidazole,Nitroimidazole,Narrow,0,1669,26.14,91.74
Guwahati,2024-10,1100000,Cotrimoxazole,Sulfonamide combination,Broad,1,1602,26.14,91.74
Guwahati,2024-10,1100000,Meropenem,Carbapenem,Very Broad,0,122,26.14,91.74
Guwahati,2024-11,1100000,Amoxicillin,Penicillin,Narrow,0,2486,26.14,91.74
Guwahati,2024-11,1100000,Amoxicillin-Clavulanate,Penicillin + beta-lactamase inhibitor,Broad,1,4136,26.14,91.74
Guwahati,2024-11,1100000,Azithromycin,Macrolide,Broad,0,2880,26.14,91.74
Guwahati,2024-11,1100000,Cefixime,Cephalosporin,Broad,0,1999,26.14,91.74
Guwahati,2024-11,1100000,Ceftriaxone,Cephalosporin,Broad,0,1010,26.14,91.74
Guwahati,2024-11,1100000,Ciprofloxacin,Fluoroquinolone,Broad,0,2301,26.14,91.74
Guwahati,2024-11,1100000,Doxycycline,Tetracycline,Broad,0,1781,26.14,91.74
Guwahati,2024-11,1100000,Metronidazole,Nitroimidazole,Narrow,0,1894,26.14,91.74
Guwahati,2024-11,1100000,Cotrimoxazole,Sulfonamide combination,Broad,1,1729,26.14,91.74
Guwahati,2024-11,1100000,Meropenem,Carbapenem,Very Broad,0,122,26.14,91.74
Guwahati,2024-12,1100000,Amoxicillin,Penicillin,Narrow,0,2756,26.14,91.74
Guwahati,2024-12,1100000,Amoxicillin-Clavulanate,Penicillin + beta-lactamase inhibitor,Broad,1,4458,26.14,91.74
Guwahati,2024-12,1100000,Azithromycin,Macrolide,Broad,0,3280,26.14,91.74
Guwahati,2024-12,1100000,Cefixime,Cephalosporin,Broad,0,2222,26.14,91.74
Guwahati,2024-12,1100000,Ceftriaxone,Cephalosporin,Broad,0,993,26.14,91.74
Guwahati,2024-12,1100000,Ciprofloxacin,Fluoroquinolone,Broad,0,1932,26.14,91.74
Guwahati,2024-12,1100000,Doxycycline,Tetracycline,Broad,0,1915,26.14,91.74
Guwahati,2024-12,1100000,Metronidazole,Nitroimidazole,Narrow,0,1647,26.14,91.74
Guwahati,2024-12,1100000,Cotrimoxazole,Sulfonamide combination,Broad,1,1730,26.14,91.74
Guwahati,2024-12,1100000,Meropenem,Carbapenem,Very Broad,0,117,26.14,91.74
Guwahati,2025-01,1100000,Amoxicillin,Penicillin,Narrow,0,2436,26.14,91.74
Guwahati,2025-01,1100000,Amoxicillin-Clavulanate,Penicillin + beta-lactamase inhibitor,Broad,1,4621,26.14,91.74
Guwahati,2025-01,1100000,Azithromycin,Macrolide,Broad,0,4140,26.14,91.74
Guwahati,2025-01,1100000,Cefixime,Cephalosporin,Broad,0,2774,26.14,91.74
Guwahati,2025-01,1100000,Ceftriaxone,Cephalosporin,Broad,0,1075,26.14,91.74
Guwahati,2025-01,1100000,Ciprofloxacin,Fluoroquinolone,Broad,0,2369,26.14,91.74
Guwahati,2025-01,1100000,Doxycycline,Tetracycline,Broad,0,2078,26.14,91.74
Guwahati,2025-01,1100000,Metronidazole,Nitroimidazole,Narrow,0,2038,26.14,91.74
Guwahati,2025-01,1100000,Cotrimoxazole,Sulfonamide combination,Broad,1,1723,26.14,91.74
Guwahati,2025-01,1100000,Meropenem,Carbapenem,Very Broad,0,132,26.14,91.74
Guwahati,2025-02,1100000,Amoxicillin,Penicillin,Narrow,0,2940,26.14,91.74
Guwahati,2025-02,1100000,Amoxicillin-Clavulanate,Penicillin + beta-lactamase inhibitor,Broad,1,5665,26.14,91.74
Guwahati,2025-02,1100000,Azithromycin,Macrolide,Broad,0,3789,26.14,91.74
Guwahati,2025-02,1100000,Cefixime,Cephalosporin,Broad,0,2217,26.14,91.74
Guwahati,2025-02,1100000,Ceftriaxone,Cephalosporin,Broad,0,1149,26.14,91.74
Guwahati,2025-02,1100000,Ciprofloxacin,Fluoroquinolone,Broad,0,2322,26.14,91.74
Guwahati,2025-02,1100000,Doxycycline,Tetracycline,Broad,0,1949,26.14,91.74
Guwahati,2025-02,1100000,Metronidazole,Nitroimidazole,Narrow,0,2065,26.14,91.74
Guwahati,2025-02,1100000,Cotrimoxazole,Sulfonamide combination,Broad,1,1964,26.14,91.74
Guwahati,2025-02,1100000,Meropenem,Carbapenem,Very Broad,0,134,26.14,91.74
Guwahati,2025-03,1100000,Amoxicillin,Penicillin,Narrow,0,2851,26.14,91.74
Guwahati,2025-03,1100000,Amoxicillin-Clavulanate,Penicillin + beta-lactamase inhibitor,Broad,1,5116,26.14,91.74
Guwahati,2025-03,1100000,Azithromycin,Macrolide,Broad,0,3594,26.14,91.74
Guwahati,2025-03,1100000,Cefixime,Cephalosporin,Broad,0,2720,26.14,91.74
Guwahati,2025-03,1100000,Ceftriaxone,Cephalosporin,Broad,0,1192,26.14,91.74
Guwahati,2025-03,1100000,Ciprofloxacin,Fluoroquinolone,Broad,0,2599,26.14,91.74
Guwahati,2025-03,1100000,Doxycycline,Tetracycline,Broad,0,1940,26.14,91.74
Guwahati,2025-03,1100000,Metronidazole,Nitroimidazole,Narrow,0,2207,26.14,91.74
Guwahati,2025-03,1100000,Cotrimoxazole,Sulfonamide combination,Broad,1,1648,26.14,91.74
Guwahati,2025-03,1100000,Meropenem,Carbapenem,Very Broad,0,144,26.14,91.74
Guwahati,2025-04,1100000,Amoxicillin,Penicillin,Narrow,0,2896,26.14,91.74
Guwahati,2025-04,1100000,Amoxicillin-Clavulanate,Penicillin + beta-lactamase inhibitor,Broad,1,5627,26.14,91.74
Guwahati,2025-04,1100000,Azithromycin,Macrolide,Broad,0,4248,26.14,91.74
Guwahati,2025-04,1100000,Cefixime,Cephalosporin,Broad,0,2689,26.14,91.74
Guwahati,2025-04,1100000,Ceftriaxone,Cephalosporin,Broad,0,1236,26.14,91.74
Guwahati,2025-04,1100000,Ciprofloxacin,Fluoroquinolone,Broad,0,2722,26.14,91.74
Guwahati,2025-04,1100000,Doxycycline,Tetracycline,Broad,0,1926,26.14,91.74
Guwahati,2025-04,1100000,Metronidazole,Nitroimidazole,Narrow,0,2380,26.14,91.74
Guwahati,2025-04,1100000,Cotrimoxazole,Sulfonamide combination,Broad,1,1892,26.14,91.74
Guwahati,2025-04,1100000,Meropenem,Carbapenem,Very Broad,0,157,26.14,91.74
Guwahati,2025-05,1100000,Amoxicillin,Penicillin,Narrow,0,2896,26.14,91.74
Guwahati,2025-05,1100000,Amoxicillin-Clavulanate,Penicillin + beta-lactamase inhibitor,Broad,1,5219,26.14,91.74
Guwahati,2025-05,1100000,Azithromycin,Macrolide,Broad,0,4076,26.14,91.74
Guwahati,2025-05,1100000,Cefixime,Cephalosporin,Broad,0,2500,26.14,91.74
Guwahati,2025-05,1100000,Ceftriaxone,Cephalosporin,Broad,0,1174,26.14,91.74
Guwahati,2025-05,1100000,Ciprofloxacin,Fluoroquinolone,Broad,0,2561,26.14,91.74
Guwahati,2025-05,1100000,Doxycycline,Tetracycline,Broad,0,2090,26.14,91.74
Guwahati,2025-05,1100000,Metronidazole,Nitroimidazole,Narrow,0,2130,26.14,91.74
Guwahati,2025-05,1100000,Cotrimoxazole,Sulfonamide combination,Broad,1,2301,26.14,91.74
Guwahati,2025-05,1100000,Meropenem,Carbapenem,Very Broad,0,148,26.14,91.74
Guwahati,2025-06,1100000,Amoxicillin,Penicillin,Narrow,0,2751,26.14,91.74
Guwahati,2025-06,1100000,Amoxicillin-Clavulanate,Penicillin + beta-lactamase inhibitor,Broad,1,4871,26.14,91.74
Guwahati,2025-06,1100000,Azithromycin,Macrolide,Broad,0,3587,26.14,91.74
Guwahati,2025-06,1100000,Cefixime,Cephalosporin,Broad,0,2670,26.14,91.74
Guwahati,2025-06,1100000,Ceftriaxone,Cephalosporin,Broad,0,1079,26.14,91.74
Guwahati,2025-06,1100000,Ciprofloxacin,Fluoroquinolone,Broad,0,2662,26.14,91.74
Guwahati,2025-06,1100000,Doxycycline,Tetracycline,Broad,0,2162,26.14,91.74
Guwahati,2025-06,1100000,Metronidazole,Nitroimidazole,Narrow,0,1755,26.14,91.74
Guwahati,2025-06,1100000,Cotrimoxazole,Sulfonamide combination,Broad,1,1797,26.14,91.74
Guwahati,2025-06,1100000,Meropenem,Carbapenem,Very Broad,0,151,26.14,91.74
Guwahati,2025-07,1100000,Amoxicillin,Penicillin,Narrow,0,2650,26.14,91.74
Guwahati,2025-07,1100000,Amoxicillin-Clavulanate,Penicillin + beta-lactamase inhibitor,Broad,1,5051,26.14,91.74
Guwahati,2025-07,1100000,Azithromycin,Macrolide,Broad,0,3069,26.14,91.74
Guwahati,2025-07,1100000,Cefixime,Cephalosporin,Broad,0,2273,26.14,91.74
Guwahati,2025-07,1100000,Ceftriaxone,Cephalosporin,Broad,0,1192,26.14,91.74
Guwahati,2025-07,1100000,Ciprofloxacin,Fluoroquinolone,Broad,0,2464,26.14,91.74
Guwahati,2025-07,1100000,Doxycycline,Tetracycline,Broad,0,1915,26.14,91.74
Guwahati,2025-07,1100000,Metronidazole,Nitroimidazole,Narrow,0,1753,26.14,91.74
Guwahati,2025-07,1100000,Cotrimoxazole,Sulfonamide combination,Broad,1,1803,26.14,91.74
Guwahati,2025-07,1100000,Meropenem,Carbapenem,Very Broad,0,123,26.14,91.74
Guwahati,2025-08,1100000,Amoxicillin,Penicillin,Narrow,0,2324,26.14,91.74
Guwahati,2025-08,1100000,Amoxicillin-Clavulanate,Penicillin + beta-lactamase inhibitor,Broad,1,4970,26.14,91.74
Guwahati,2025-08,1100000,Azithromycin,Macrolide,Broad,0,3174,26.14,91.74
Guwahati,2025-08,1100000,Cefixime,Cephalosporin,Broad,0,2242,26.14,91.74
Guwahati,2025-08,1100000,Ceftriaxone,Cephalosporin,Broad,0,981,26.14,91.74
Guwahati,2025-08,1100000,Ciprofloxacin,Fluoroquinolone,Broad,0,1845,26.14,91.74
Guwahati,2025-08,1100000,Doxycycline,Tetracycline,Broad,0,1875,26.14,91.74
Guwahati,2025-08,1100000,Metronidazole,Nitroimidazole,Narrow,0,1772,26.14,91.74
Guwahati,2025-08,1100000,Cotrimoxazole,Sulfonamide combination,Broad,1,1916,26.14,91.74
Guwahati,2025-08,1100000,Meropenem,Carbapenem,Very Broad,0,111,26.14,91.74
Guwahati,2025-09,1100000,Amoxicillin,Penicillin,Narrow,0,2516,26.14,91.74
Guwahati,2025-09,1100000,Amoxicillin-Clavulanate,Penicillin + beta-lactamase inhibitor,Broad,1,4806,26.14,91.74
Guwahati,2025-09,1100000,Azithromycin,Macrolide,Broad,0,3182,26.14,91.74
Guwahati,2025-09,1100000,Cefixime,Cephalosporin,Broad,0,2509,26.14,91.74
Guwahati,2025-09,1100000,Ceftriaxone,Cephalosporin,Broad,0,865,26.14,91.74
Guwahati,2025-09,1100000,Ciprofloxacin,Fluoroquinolone,Broad,0,2320,26.14,91.74
Guwahati,2025-09,1100000,Doxycycline,Tetracycline,Broad,0,1709,26.14,91.74
Guwahati,2025-09,1100000,Metronidazole,Nitroimidazole,Narrow,0,1510,26.14,91.74
Guwahati,2025-09,1100000,Cotrimoxazole,Sulfonamide combination,Broad,1,1581,26.14,91.74
Guwahati,2025-09,1100000,Meropenem,Carbapenem,Very Broad,0,124,26.14,91.74
Guwahati,2025-10,1100000,Amoxicillin,Penicillin,Narrow,0,2388,26.14,91.74
Guwahati,2025-10,1100000,Amoxicillin-Clavulanate,Penicillin + beta-lactamase inhibitor,Broad,1,3618,26.14,91.74
Guwahati,2025-10,1100000,Azithromycin,Macrolide,Broad,0,2655,26.14,91.74
Guwahati,2025-10,1100000,Cefixime,Cephalosporin,Broad,0,2487,26.14,91.74
Guwahati,2025-10,1100000,Ceftriaxone,Cephalosporin,Broad,0,1003,26.14,91.74
Guwahati,2025-10,1100000,Ciprofloxacin,Fluoroquinolone,Broad,0,1962,26.14,91.74
Guwahati,2025-10,1100000,Doxycycline,Tetracycline,Broad,0,1753,26.14,91.74
Guwahati,2025-10,1100000,Metronidazole,Nitroimidazole,Narrow,0,1818,26.14,91.74
Guwahati,2025-10,1100000,Cotrimoxazole,Sulfonamide combination,Broad,1,1696,26.14,91.74
Guwahati,2025-10,1100000,Meropenem,Carbapenem,Very Broad,0,120,26.14,91.74
Guwahati,2025-11,1100000,Amoxicillin,Penicillin,Narrow,0,2244,26.14,91.74
Guwahati,2025-11,1100000,Amoxicillin-Clavulanate,Penicillin + beta-lactamase inhibitor,Broad,1,4442,26.14,91.74
Guwahati,2025-11,1100000,Azithromycin,Macrolide,Broad,0,3344,26.14,91.74
Guwahati,2025-11,1100000,Cefixime,Cephalosporin,Broad,0,2295,26.14,91.74
Guwahati,2025-11,1100000,Ceftriaxone,Cephalosporin,Broad,0,948,26.14,91.74
Guwahati,2025-11,1100000,Ciprofloxacin,Fluoroquinolone,Broad,0,2225,26.14,91.74
Guwahati,2025-11,1100000,Doxycycline,Tetracycline,Broad,0,1827,26.14,91.74
Guwahati,2025-11,1100000,Metronidazole,Nitroimidazole,Narrow,0,1591,26.14,91.74
Guwahati,2025-11,1100000,Cotrimoxazole,Sulfonamide combination,Broad,1,1846,26.14,91.74
Guwahati,2025-11,1100000,Meropenem,Carbapenem,Very Broad,0,116,26.14,91.74
Guwahati,2025-12,1100000,Amoxicillin,Penicillin,Narrow,0,2413,26.14,91.74
Guwahati,2025-12,1100000,Amoxicillin-Clavulanate,Penicillin + beta-lactamase inhibitor,Broad,1,4722,26.14,91.74
Guwahati,2025-12,1100000,Azithromycin,Macrolide,Broad,0,2956,26.14,91.74
Guwahati,2025-12,1100000,Cefixime,Cephalosporin,Broad,0,2597,26.14,91.74
Guwahati,2025-12,1100000,Ceftriaxone,Cephalosporin,Broad,0,963,26.14,91.74
Guwahati,2025-12,1100000,Ciprofloxacin,Fluoroquinolone,Broad,0,2509,26.14,91.74
Guwahati,2025-12,1100000,Doxycycline,Tetracycline,Broad,0,1825,26.14,91.74
Guwahati,2025-12,1100000,Metronidazole,Nitroimidazole,Narrow,0,1788,26.14,91.74
Guwahati,2025-12,1100000,Cotrimoxazole,Sulfonamide combination,Broad,1,2066,26.14,91.74
Guwahati,2025-12,1100000,Meropenem,Carbapenem,Very Broad,0,127,26.14,91.74
Ranchi,2024-01,1100000,Amoxicillin,Penicillin,Narrow,0,2553,23.34,85.31
Ranchi,2024-01,1100000,Amoxicillin-Clavulanate,Penicillin + beta-lactamase inhibitor,Broad,1,4411,23.34,85.31
Ranchi,2024-01,1100000,Azithromycin,Macrolide,Broad,0,3466,23.34,85.31
Ranchi,2024-01,1100000,Cefixime,Cephalosporin,Broad,0,2542,23.34,85.31
Ranchi,2024-01,1100000,Ceftriaxone,Cephalosporin,Broad,0,944,23.34,85.31
Ranchi,2024-01,1100000,Ciprofloxacin,Fluoroquinolone,Broad,0,2090,23.34,85.31
Ranchi,2024-01,1100000,Doxycycline,Tetracycline,Broad,0,1770,23.34,85.31
Ranchi,2024-01,1100000,Metronidazole,Nitroimidazole,Narrow,0,1865,23.34,85.31
Ranchi,2024-01,1100000,Cotrimoxazole,Sulfonamide combination,Broad,1,1653,23.34,85.31
Ranchi,2024-01,1100000,Meropenem,Carbapenem,Very Broad,0,129,23.34,85.31
Ranchi,2024-02,1100000,Amoxicillin,Penicillin,Narrow,0,2487,23.34,85.31
Ranchi,2024-02,1100000,Amoxicillin-Clavulanate,Penicillin + beta-lactamase inhibitor,Broad,1,4358,23.34,85.31
Ranchi,2024-02,1100000,Azithromycin,Macrolide,Broad,0,3246,23.34,85.31
Ranchi,2024-02,1100000,Cefixime,Cephalosporin,Broad,0,2935,23.34,85.31
Ranchi,2024-02,1100000,Ceftriaxone,Cephalosporin,Broad,0,1085,23.34,85.31
Ranchi,2024-02,1100000,Ciprofloxacin,Fluoroquinolone,Broad,0,2492,23.34,85.31
Ranchi,2024-02,1100000,Doxycycline,Tetracycline,Broad,0,1782,23.34,85.31
Ranchi,2024-02,1100000,Metronidazole,Nitroimidazole,Narrow,0,1952,23.34,85.31
Ranchi,2024-02,1100000,Cotrimoxazole,Sulfonamide combination,Broad,1,1881,23.34,85.31
Ranchi,2024-02,1100000,Meropenem,Carbapenem,Very Broad,0,129,23.34,85.31
Ranchi,2024-03,1100000,Amoxicillin,Penicillin,Narrow,0,3267,23.34,85.31
Ranchi,2024-03,1100000,Amoxicillin-Clavulanate,Penicillin + beta-lactamase inhibitor,Broad,1,4502,23.34,85.31
Ranchi,2024-03,1100000,Azithromycin,Macrolide,Broad,0,3449,23.34,85.31
Ranchi,2024-03,1100000,Cefixime,Cephalosporin,Broad,0,2484,23.34,85.31
Ranchi,2024-03,1100000,Ceftriaxone,Cephalosporin,Broad,0,1241,23.34,85.31
Ranchi,2024-03,1100000,Ciprofloxacin,Fluoroquinolone,Broad,0,2707,23.34,85.31
Ranchi,2024-03,1100000,Doxycycline,Tetracycline,Broad,0,2047,23.34,85.31
Ranchi,2024-03,1100000,Metronidazole,Nitroimidazole,Narrow,0,2031,23.34,85.31
Ranchi,2024-03,1100000,Cotrimoxazole,Sulfonamide combination,Broad,1,1787,23.34,85.31
Ranchi,2024-03,1100000,Meropenem,Carbapenem,Very Broad,0,147,23.34,85.31
Ranchi,2024-04,1100000,Amoxicillin,Penicillin,Narrow,0,2757,23.34,85.31
Ranchi,2024-04,1100000,Amoxicillin-Clavulanate,Penicillin + beta-lactamase inhibitor,Broad,1,5052,23.34,85.31
Ranchi,2024-04,1100000,Azithromycin,Macrolide,Broad,0,3627,23.34,85.31
Ranchi,2024-04,1100000,Cefixime,Cephalosporin,Broad,0,2621,23.34,85.31
Ranchi,2024-04,1100000,Ceftriaxone,Cephalosporin,Broad,0,1113,23.34,85.31
Ranchi,2024-04,1100000,Ciprofloxacin,Fluoroquinolone,Broad,0,2670,23.34,85.31
Ranchi,2024-04,1100000,Doxycycline,Tetracycline,Broad,0,2331,23.34,85.31
Ranchi,2024-04,1100000,Metronidazole,Nitroimidazole,Narrow,0,2135,23.34,85.31
Ranchi,2024-04,1100000,Cotrimoxazole,Sulfonamide combination,Broad,1,2012,23.34,85.31
Ranchi,2024-04,1100000,Meropenem,Carbapenem,Very Broad,0,136,23.34,85.31
Ranchi,2024-05,1100000,Amoxicillin,Penicillin,Narrow,0,2910,23.34,85.31
Ranchi,2024-05,1100000,Amoxicillin-Clavulanate,Penicillin + beta-lactamase inhibitor,Broad,1,4800,23.34,85.31
Ranchi,2024-05,1100000,Azithromycin,Macrolide,Broad,0,3178,23.34,85.31
Ranchi,2024-05,1100000,Cefixime,Cephalosporin,Broad,0,2560,23.34,85.31
Ranchi,2024-05,1100000,Ceftriaxone,Cephalosporin,Broad,0,1087,23.34,85.31
Ranchi,2024-05,1100000,Ciprofloxacin,Fluoroquinolone,Broad,0,2384,23.34,85.31
Ranchi,2024-05,1100000,Doxycycline,Tetracycline,Broad,0,2269,23.34,85.31
Ranchi,2024-05,1100000,Metronidazole,Nitroimidazole,Narrow,0,2090,23.34,85.31
Ranchi,2024-05,1100000,Cotrimoxazole,Sulfonamide combination,Broad,1,2053,23.34,85.31
Ranchi,2024-05,1100000,Meropenem,Carbapenem,Very Broad,0,138,23.34,85.31
Ranchi,2024-06,1100000,Amoxicillin,Penicillin,Narrow,0,2494,23.34,85.31
Ranchi,2024-06,1100000,Amoxicillin-Clavulanate,Penicillin + beta-lactamase inhibitor,Broad,1,4596,23.34,85.31
Ranchi,2024-06,1100000,Azithromycin,Macrolide,Broad,0,3405,23.34,85.31
Ranchi,2024-06,1100000,Cefixime,Cephalosporin,Broad,0,2280,23.34,85.31
Ranchi,2024-06,1100000,Ceftriaxone,Cephalosporin,Broad,0,1016,23.34,85.31
Ranchi,2024-06,1100000,Ciprofloxacin,Fluoroquinolone,Broad,0,2341,23.34,85.31
Ranchi,2024-06,1100000,Doxycycline,Tetracycline,Broad,0,2037,23.34,85.31
Ranchi,2024-06,1100000,Metronidazole,Nitroimidazole,Narrow,0,2018,23.34,85.31
Ranchi,2024-06,1100000,Cotrimoxazole,Sulfonamide combination,Broad,1,1725,23.34,85.31
Ranchi,2024-06,1100000,Meropenem,Carbapenem,Very Broad,0,135,23.34,85.31
Ranchi,2024-07,1100000,Amoxicillin,Penicillin,Narrow,0,1998,23.34,85.31
Ranchi,2024-07,1100000,Amoxicillin-Clavulanate,Penicillin + beta-lactamase inhibitor,Broad,1,4125,23.34,85.31
Ranchi,2024-07,1100000,Azithromycin,Macrolide,Broad,0,3449,23.34,85.31
Ranchi,2024-07,1100000,Cefixime,Cephalosporin,Broad,0,2089,23.34,85.31
Ranchi,2024-07,1100000,Ceftriaxone,Cephalosporin,Broad,0,1004,23.34,85.31
Ranchi,2024-07,1100000,Ciprofloxacin,Fluoroquinolone,Broad,0,2526,23.34,85.31
Ranchi,2024-07,1100000,Doxycycline,Tetracycline,Broad,0,1753,23.34,85.31
Ranchi,2024-07,1100000,Metronidazole,Nitroimidazole,Narrow,0,1852,23.34,85.31
Ranchi,2024-07,1100000,Cotrimoxazole,Sulfonamide combination,Broad,1,1517,23.34,85.31
Ranchi,2024-07,1100000,Meropenem,Carbapenem,Very Broad,0,137,23.34,85.31
Ranchi,2024-08,1100000,Amoxicillin,Penicillin,Narrow,0,2421,23.34,85.31
Ranchi,2024-08,1100000,Amoxicillin-Clavulanate,Penicillin + beta-lactamase inhibitor,Broad,1,4413,23.34,85.31
Ranchi,2024-08,1100000,Azithromycin,Macrolide,Broad,0,3180,23.34,85.31
Ranchi,2024-08,1100000,Cefixime,Cephalosporin,Broad,0,2104,23.34,85.31
Ranchi,2024-08,1100000,Ceftriaxone,Cephalosporin,Broad,0,893,23.34,85.31
Ranchi,2024-08,1100000,Ciprofloxacin,Fluoroquinolone,Broad,0,2206,23.34,85.31
Ranchi,2024-08,1100000,Doxycycline,Tetracycline,Broad,0,1669,23.34,85.31
Ranchi,2024-08,1100000,Metronidazole,Nitroimidazole,Narrow,0,1476,23.34,85.31
Ranchi,2024-08,1100000,Cotrimoxazole,Sulfonamide combination,Broad,1,1567,23.34,85.31
Ranchi,2024-08,1100000,Meropenem,Carbapenem,Very Broad,0,102,23.34,85.31
Ranchi,2024-09,1100000,Amoxicillin,Penicillin,Narrow,0,2357,23.34,85.31
Ranchi,2024-09,1100000,Amoxicillin-Clavulanate,Penicillin + beta-lactamase inhibitor,Broad,1,3658,23.34,85.31
Ranchi,2024-09,1100000,Azithromycin,Macrolide,Broad,0,2840,23.34,85.31
Ranchi,2024-09,1100000,Cefixime,Cephalosporin,Broad,0,1878,23.34,85.31
Ranchi,2024-09,1100000,Ceftriaxone,Cephalosporin,Broad,0,836,23.34,85.31
Ranchi,2024-09,1100000,Ciprofloxacin,Fluoroquinolone,Broad,0,2224,23.34,85.31
Ranchi,2024-09,1100000,Doxycycline,Tetracycline,Broad,0,1987,23.34,85.31
Ranchi,2024-09,1100000,Metronidazole,Nitroimidazole,Narrow,0,1784,23.34,85.31
Ranchi,2024-09,1100000,Cotrimoxazole,Sulfonamide combination,Broad,1,1531,23.34,85.31
Ranchi,2024-09,1100000,Meropenem,Carbapenem,Very Broad,0,108,23.34,85.31
Ranchi,2024-10,1100000,Amoxicillin,Penicillin,Narrow,0,2626,23.34,85.31
Ranchi,2024-10,1100000,Amoxicillin-Clavulanate,Penicillin + beta-lactamase inhibitor,Broad,1,3637,23.34,85.31
Ranchi,2024-10,1100000,Azithromycin,Macrolide,Broad,0,3408,23.34,85.31
Ranchi,2024-10,1100000,Cefixime,Cephalosporin,Broad,0,2319,23.34,85.31
Ranchi,2024-10,1100000,Ceftriaxone,Cephalosporin,Broad,0,760,23.34,85.31
Ranchi,2024-10,1100000,Ciprofloxacin,Fluoroquinolone,Broad,0,1884,23.34,85.31
Ranchi,2024-10,1100000,Doxycycline,Tetracycline,Broad,0,1551,23.34,85.31
Ranchi,2024-10,1100000,Metronidazole,Nitroimidazole,Narrow,0,1645,23.34,85.31
Ranchi,2024-10,1100000,Cotrimoxazole,Sulfonamide combination,Broad,1,1443,23.34,85.31
Ranchi,2024-10,1100000,Meropenem,Carbapenem,Very Broad,0,129,23.34,85.31
Ranchi,2024-11,1100000,Amoxicillin,Penicillin,Narrow,0,2351,23.34,85.31
Ranchi,2024-11,1100000,Amoxicillin-Clavulanate,Penicillin + beta-lactamase inhibitor,Broad,1,3949,23.34,85.31
Ranchi,2024-11,1100000,Azithromycin,Macrolide,Broad,0,3058,23.34,85.31
Ranchi,2024-11,1100000,Cefixime,Cephalosporin,Broad,0,2158,23.34,85.31
Ranchi,2024-11,1100000,Ceftriaxone,Cephalosporin,Broad,0,822,23.34,85.31
Ranchi,2024-11,1100000,Ciprofloxacin,Fluoroquinolone,Broad,0,2037,23.34,85.31
Ranchi,2024-11,1100000,Doxycycline,Tetracycline,Broad,0,1728,23.34,85.31
Ranchi,2024-11,1100000,Metronidazole,Nitroimidazole,Narrow,0,1723,23.34,85.31
Ranchi,2024-11,1100000,Cotrimoxazole,Sulfonamide combination,Broad,1,1546,23.34,85.31
Ranchi,2024-11,1100000,Meropenem,Carbapenem,Very Broad,0,119,23.34,85.31
Ranchi,2024-12,1100000,Amoxicillin,Penicillin,Narrow,0,2439,23.34,85.31
Ranchi,2024-12,1100000,Amoxicillin-Clavulanate,Penicillin + beta-lactamase inhibitor,Broad,1,3784,23.34,85.31
Ranchi,2024-12,1100000,Azithromycin,Macrolide,Broad,0,3167,23.34,85.31
Ranchi,2024-12,1100000,Cefixime,Cephalosporin,Broad,0,2259,23.34,85.31
Ranchi,2024-12,1100000,Ceftriaxone,Cephalosporin,Broad,0,975,23.34,85.31
Ranchi,2024-12,1100000,Ciprofloxacin,Fluoroquinolone,Broad,0,2091,23.34,85.31
Ranchi,2024-12,1100000,Doxycycline,Tetracycline,Broad,0,1661,23.34,85.31
Ranchi,2024-12,1100000,Metronidazole,Nitroimidazole,Narrow,0,1607,23.34,85.31
Ranchi,2024-12,1100000,Cotrimoxazole,Sulfonamide combination,Broad,1,1428,23.34,85.31
Ranchi,2024-12,1100000,Meropenem,Carbapenem,Very Broad,0,116,23.34,85.31
Ranchi,2025-01,1100000,Amoxicillin,Penicillin,Narrow,0,2356,23.34,85.31
Ranchi,2025-01,1100000,Amoxicillin-Clavulanate,Penicillin + beta-lactamase inhibitor,Broad,1,4167,23.34,85.31
Ranchi,2025-01,1100000,Azithromycin,Macrolide,Broad,0,3109,23.34,85.31
Ranchi,2025-01,1100000,Cefixime,Cephalosporin,Broad,0,2463,23.34,85.31
Ranchi,2025-01,1100000,Ceftriaxone,Cephalosporin,Broad,0,1053,23.34,85.31
Ranchi,2025-01,1100000,Ciprofloxacin,Fluoroquinolone,Broad,0,2168,23.34,85.31
Ranchi,2025-01,1100000,Doxycycline,Tetracycline,Broad,0,1801,23.34,85.31
Ranchi,2025-01,1100000,Metronidazole,Nitroimidazole,Narrow,0,1927,23.34,85.31
Ranchi,2025-01,1100000,Cotrimoxazole,Sulfonamide combination,Broad,1,1597,23.34,85.31
Ranchi,2025-01,1100000,Meropenem,Carbapenem,Very Broad,0,115,23.34,85.31
Ranchi,2025-02,1100000,Amoxicillin,Penicillin,Narrow,0,2885,23.34,85.31
Ranchi,2025-02,1100000,Amoxicillin-Clavulanate,Penicillin + beta-lactamase inhibitor,Broad,1,5057,23.34,85.31
Ranchi,2025-02,1100000,Azithromycin,Macrolide,Broad,0,3997,23.34,85.31
Ranchi,2025-02,1100000,Cefixime,Cephalosporin,Broad,0,2229,23.34,85.31
Ranchi,2025-02,1100000,Ceftriaxone,Cephalosporin,Broad,0,1201,23.34,85.31
Ranchi,2025-02,1100000,Ciprofloxacin,Fluoroquinolone,Broad,0,2544,23.34,85.31
Ranchi,2025-02,1100000,Doxycycline,Tetracycline,Broad,0,2190,23.34,85.31
Ranchi,2025-02,1100000,Metronidazole,Nitroimidazole,Narrow,0,2025,23.34,85.31
Ranchi,2025-02,1100000,Cotrimoxazole,Sulfonamide combination,Broad,1,1908,23.34,85.31
Ranchi,2025-02,1100000,Meropenem,Carbapenem,Very Broad,0,134,23.34,85.31
Ranchi,2025-03,1100000,Amoxicillin,Penicillin,Narrow,0,2736,23.34,85.31
Ranchi,2025-03,1100000,Amoxicillin-Clavulanate,Penicillin + beta-lactamase inhibitor,Broad,1,5360,23.34,85.31
Ranchi,2025-03,1100000,Azithromycin,Macrolide,Broad,0,3362,23.34,85.31
Ranchi,2025-03,1100000,Cefixime,Cephalosporin,Broad,0,2605,23.34,85.31
Ranchi,2025-03,1100000,Ceftriaxone,Cephalosporin,Broad,0,1305,23.34,85.31
Ranchi,2025-03,1100000,Ciprofloxacin,Fluoroquinolone,Broad,0,2444,23.34,85.31
Ranchi,2025-03,1100000,Doxycycline,Tetracycline,Broad,0,2074,23.34,85.31
Ranchi,2025-03,1100000,Metronidazole,Nitroimidazole,Narrow,0,1903,23.34,85.31
Ranchi,2025-03,1100000,Cotrimoxazole,Sulfonamide combination,Broad,1,2027,23.34,85.31
Ranchi,2025-03,1100000,Meropenem,Carbapenem,Very Broad,0,135,23.34,85.31
Ranchi,2025-04,1100000,Amoxicillin,Penicillin,Narrow,0,3017,23.34,85.31
Ranchi,2025-04,1100000,Amoxicillin-Clavulanate,Penicillin + beta-lactamase inhibitor,Broad,1,4828,23.34,85.31
Ranchi,2025-04,1100000,Azithromycin,Macrolide,Broad,0,4016,23.34,85.31
Ranchi,2025-04,1100000,Cefixime,Cephalosporin,Broad,0,2919,23.34,85.31
Ranchi,2025-04,1100000,Ceftriaxone,Cephalosporin,Broad,0,1236,23.34,85.31
Ranchi,2025-04,1100000,Ciprofloxacin,Fluoroquinolone,Broad,0,2624,23.34,85.31
Ranchi,2025-04,1100000,Doxycycline,Tetracycline,Broad,0,2658,23.34,85.31
Ranchi,2025-04,1100000,Metronidazole,Nitroimidazole,Narrow,0,2226,23.34,85.31
Ranchi,2025-04,1100000,Cotrimoxazole,Sulfonamide combination,Broad,1,2051,23.34,85.31
Ranchi,2025-04,1100000,Meropenem,Carbapenem,Very Broad,0,135,23.34,85.31
Ranchi,2025-05,1100000,Amoxicillin,Penicillin,Narrow,0,3102,23.34,85.31
Ranchi,2025-05,1100000,Amoxicillin-Clavulanate,Penicillin + beta-lactamase inhibitor,Broad,1,5680,23.34,85.31
Ranchi,2025-05,1100000,Azithromycin,Macrolide,Broad,0,4089,23.34,85.31
Ranchi,2025-05,1100000,Cefixime,Cephalosporin,Broad,0,2876,23.34,85.31
Ranchi,2025-05,1100000,Ceftriaxone,Cephalosporin,Broad,0,1025,23.34,85.31
Ranchi,2025-05,1100000,Ciprofloxacin,Fluoroquinolone,Broad,0,2659,23.34,85.31
Ranchi,2025-05,1100000,Doxycycline,Tetracycline,Broad,0,1916,23.34,85.31
Ranchi,2025-05,1100000,Metronidazole,Nitroimidazole,Narrow,0,1811,23.34,85.31
Ranchi,2025-05,1100000,Cotrimoxazole,Sulfonamide combination,Broad,1,2013,23.34,85.31
Ranchi,2025-05,1100000,Meropenem,Carbapenem,Very Broad,0,148,23.34,85.31
Ranchi,2025-06,1100000,Amoxicillin,Penicillin,Narrow,0,2812,23.34,85.31
Ranchi,2025-06,1100000,Amoxicillin-Clavulanate,Penicillin + beta-lactamase inhibitor,Broad,1,5090,23.34,85.31
Ranchi,2025-06,1100000,Azithromycin,Macrolide,Broad,0,3266,23.34,85.31
Ranchi,2025-06,1100000,Cefixime,Cephalosporin,Broad,0,2613,23.34,85.31
Ranchi,2025-06,1100000,Ceftriaxone,Cephalosporin,Broad,0,973,23.34,85.31
Ranchi,2025-06,1100000,Ciprofloxacin,Fluoroquinolone,Broad,0,2114,23.34,85.31
Ranchi,2025-06,1100000,Doxycycline,Tetracycline,Broad,0,2162,23.34,85.31
Ranchi,2025-06,1100000,Metronidazole,Nitroimidazole,Narrow,0,1860,23.34,85.31
Ranchi,2025-06,1100000,Cotrimoxazole,Sulfonamide combination,Broad,1,2049,23.34,85.31
Ranchi,2025-06,1100000,Meropenem,Carbapenem,Very Broad,0,150,23.34,85.31
Ranchi,2025-07,1100000,Amoxicillin,Penicillin,Narrow,0,2677,23.34,85.31
Ranchi,2025-07,1100000,Amoxicillin-Clavulanate,Penicillin + beta-lactamase inhibitor,Broad,1,4248,23.34,85.31
Ranchi,2025-07,1100000,Azithromycin,Macrolide,Broad,0,2817,23.34,85.31
Ranchi,2025-07,1100000,Cefixime,Cephalosporin,Broad,0,2472,23.34,85.31
Ranchi,2025-07,1100000,Ceftriaxone,Cephalosporin,Broad,0,985,23.34,85.31
Ranchi,2025-07,1100000,Ciprofloxacin,Fluoroquinolone,Broad,0,2237,23.34,85.31
Ranchi,2025-07,1100000,Doxycycline,Tetracycline,Broad,0,2187,23.34,85.31
Ranchi,2025-07,1100000,Metronidazole,Nitroimidazole,Narrow,0,1651,23.34,85.31
Ranchi,2025-07,1100000,Cotrimoxazole,Sulfonamide combination,Broad,1,1806,23.34,85.31
Ranchi,2025-07,1100000,Meropenem,Carbapenem,Very Broad,0,118,23.34,85.31
Ranchi,2025-08,1100000,Amoxicillin,Penicillin,Narrow,0,2494,23.34,85.31
Ranchi,2025-08,1100000,Amoxicillin-Clavulanate,Penicillin + beta-lactamase inhibitor,Broad,1,4410,23.34,85.31
Ranchi,2025-08,1100000,Azithromycin,Macrolide,Broad,0,2925,23.34,85.31
Ranchi,2025-08,1100000,Cefixime,Cephalosporin,Broad,0,2206,23.34,85.31
Ranchi,2025-08,1100000,Ceftriaxone,Cephalosporin,Broad,0,1043,23.34,85.31
Ranchi,2025-08,1100000,Ciprofloxacin,Fluoroquinolone,Broad,0,2503,23.34,85.31
Ranchi,2025-08,1100000,Doxycycline,Tetracycline,Broad,0,1886,23.34,85.31
Ranchi,2025-08,1100000,Metronidazole,Nitroimidazole,Narrow,0,1655,23.34,85.31
Ranchi,2025-08,1100000,Cotrimoxazole,Sulfonamide combination,Broad,1,1727,23.34,85.31
Ranchi,2025-08,1100000,Meropenem,Carbapenem,Very Broad,0,144,23.34,85.31
Ranchi,2025-09,1100000,Amoxicillin,Penicillin,Narrow,0,2592,23.34,85.31
Ranchi,2025-09,1100000,Amoxicillin-Clavulanate,Penicillin + beta-lactamase inhibitor,Broad,1,3798,23.34,85.31
Ranchi,2025-09,1100000,Azithromycin,Macrolide,Broad,0,3029,23.34,85.31
Ranchi,2025-09,1100000,Cefixime,Cephalosporin,Broad,0,2322,23.34,85.31
Ranchi,2025-09,1100000,Ceftriaxone,Cephalosporin,Broad,0,952,23.34,85.31
Ranchi,2025-09,1100000,Ciprofloxacin,Fluoroquinolone,Broad,0,1975,23.34,85.31
Ranchi,2025-09,1100000,Doxycycline,Tetracycline,Broad,0,1621,23.34,85.31
Ranchi,2025-09,1100000,Metronidazole,Nitroimidazole,Narrow,0,1825,23.34,85.31
Ranchi,2025-09,1100000,Cotrimoxazole,Sulfonamide combination,Broad,1,1721,23.34,85.31
Ranchi,2025-09,1100000,Meropenem,Carbapenem,Very Broad,0,128,23.34,85.31
Ranchi,2025-10,1100000,Amoxicillin,Penicillin,Narrow,0,2335,23.34,85.31
Ranchi,2025-10,1100000,Amoxicillin-Clavulanate,Penicillin + beta-lactamase inhibitor,Broad,1,3980,23.34,85.31
Ranchi,2025-10,1100000,Azithromycin,Macrolide,Broad,0,3427,23.34,85.31
Ranchi,2025-10,1100000,Cefixime,Cephalosporin,Broad,0,2340,23.34,85.31
Ranchi,2025-10,1100000,Ceftriaxone,Cephalosporin,Broad,0,857,23.34,85.31
Ranchi,2025-10,1100000,Ciprofloxacin,Fluoroquinolone,Broad,0,1935,23.34,85.31
Ranchi,2025-10,1100000,Doxycycline,Tetracycline,Broad,0,1791,23.34,85.31
Ranchi,2025-10,1100000,Metronidazole,Nitroimidazole,Narrow,0,1659,23.34,85.31
Ranchi,2025-10,1100000,Cotrimoxazole,Sulfonamide combination,Broad,1,1598,23.34,85.31
Ranchi,2025-10,1100000,Meropenem,Carbapenem,Very Broad,0,125,23.34,85.31
Ranchi,2025-11,1100000,Amoxicillin,Penicillin,Narrow,0,2577,23.34,85.31
Ranchi,2025-11,1100000,Amoxicillin-Clavulanate,Penicillin + beta-lactamase inhibitor,Broad,1,3507,23.34,85.31
Ranchi,2025-11,1100000,Azithromycin,Macrolide,Broad,0,3266,23.34,85.31
Ranchi,2025-11,1100000,Cefixime,Cephalosporin,Broad,0,2360,23.34,85.31
Ranchi,2025-11,1100000,Ceftriaxone,Cephalosporin,Broad,0,828,23.34,85.31
Ranchi,2025-11,1100000,Ciprofloxacin,Fluoroquinolone,Broad,0,2015,23.34,85.31
Ranchi,2025-11,1100000,Doxycycline,Tetracycline,Broad,0,1635,23.34,85.31
Ranchi,2025-11,1100000,Metronidazole,Nitroimidazole,Narrow,0,1707,23.34,85.31
Ranchi,2025-11,1100000,Cotrimoxazole,Sulfonamide combination,Broad,1,1808,23.34,85.31
Ranchi,2025-11,1100000,Meropenem,Carbapenem,Very Broad,0,134,23.34,85.31
Ranchi,2025-12,1100000,Amoxicillin,Penicillin,Narrow,0,2530,23.34,85.31
Ranchi,2025-12,1100000,Amoxicillin-Clavulanate,Penicillin + beta-lactamase inhibitor,Broad,1,4410,23.34,85.31
Ranchi,2025-12,1100000,Azithromycin,Macrolide,Broad,0,3452,23.34,85.31
Ranchi,2025-12,1100000,Cefixime,Cephalosporin,Broad,0,2393,23.34,85.31
Ranchi,2025-12,1100000,Ceftriaxone,Cephalosporin,Broad,0,990,23.34,85.31
Ranchi,2025-12,1100000,Ciprofloxacin,Fluoroquinolone,Broad,0,2472,23.34,85.31
Ranchi,2025-12,1100000,Doxycycline,Tetracycline,Broad,0,1956,23.34,85.31
Ranchi,2025-12,1100000,Metronidazole,Nitroimidazole,Narrow,0,1629,23.34,85.31
Ranchi,2025-12,1100000,Cotrimoxazole,Sulfonamide combination,Broad,1,1762,23.34,85.31
Ranchi,2025-12,1100000,Meropenem,Carbapenem,Very Broad,0,129,23.34,85.31
Dehradun,2024-01,800000,Amoxicillin,Penicillin,Narrow,0,1984,30.32,78.03
Dehradun,2024-01,800000,Amoxicillin-Clavulanate,Penicillin + beta-lactamase inhibitor,Broad,1,2931,30.32,78.03
Dehradun,2024-01,800000,Azithromycin,Macrolide,Broad,0,2441,30.32,78.03
Dehradun,2024-01,800000,Cefixime,Cephalosporin,Broad,0,1682,30.32,78.03
Dehradun,2024-01,800000,Ceftriaxone,Cephalosporin,Broad,0,589,30.32,78.03
Dehradun,2024-01,800000,Ciprofloxacin,Fluoroquinolone,Broad,0,1565,30.32,78.03
Dehradun,2024-01,800000,Doxycycline,Tetracycline,Broad,0,1231,30.32,78.03
Dehradun,2024-01,800000,Metronidazole,Nitroimidazole,Narrow,0,1212,30.32,78.03
Dehradun,2024-01,800000,Cotrimoxazole,Sulfonamide combination,Broad,1,1257,30.32,78.03
Dehradun,2024-01,800000,Meropenem,Carbapenem,Very Broad,0,86,30.32,78.03
Dehradun,2024-02,800000,Amoxicillin,Penicillin,Narrow,0,1845,30.32,78.03
Dehradun,2024-02,800000,Amoxicillin-Clavulanate,Penicillin + beta-lactamase inhibitor,Broad,1,3162,30.32,78.03
Dehradun,2024-02,800000,Azithromycin,Macrolide,Broad,0,2715,30.32,78.03
Dehradun,2024-02,800000,Cefixime,Cephalosporin,Broad,0,1659,30.32,78.03
Dehradun,2024-02,800000,Ceftriaxone,Cephalosporin,Broad,0,737,30.32,78.03
Dehradun,2024-02,800000,Ciprofloxacin,Fluoroquinolone,Broad,0,1780,30.32,78.03
Dehradun,2024-02,800000,Doxycycline,Tetracycline,Broad,0,1176,30.32,78.03
Dehradun,2024-02,800000,Metronidazole,Nitroimidazole,Narrow,0,1395,30.32,78.03
Dehradun,2024-02,800000,Cotrimoxazole,Sulfonamide combination,Broad,1,1176,30.32,78.03
Dehradun,2024-02,800000,Meropenem,Carbapenem,Very Broad,0,88,30.32,78.03
Dehradun,2024-03,800000,Amoxicillin,Penicillin,Narrow,0,2018,30.32,78.03
Dehradun,2024-03,800000,Amoxicillin-Clavulanate,Penicillin + beta-lactamase inhibitor,Broad,1,3702,30.32,78.03
Dehradun,2024-03,800000,Azithromycin,Macrolide,Broad,0,2525,30.32,78.03
Dehradun,2024-03,800000,Cefixime,Cephalosporin,Broad,0,1882,30.32,78.03
Dehradun,2024-03,800000,Ceftriaxone,Cephalosporin,Broad,0,882,30.32,78.03
Dehradun,2024-03,800000,Ciprofloxacin,Fluoroquinolone,Broad,0,1668,30.32,78.03
Dehradun,2024-03,800000,Doxycycline,Tetracycline,Broad,0,1628,30.32,78.03
Dehradun,2024-03,800000,Metronidazole,Nitroimidazole,Narrow,0,1453,30.32,78.03
Dehradun,2024-03,800000,Cotrimoxazole,Sulfonamide combination,Broad,1,1441,30.32,78.03
Dehradun,2024-03,800000,Meropenem,Carbapenem,Very Broad,0,98,30.32,78.03
Dehradun,2024-04,800000,Amoxicillin,Penicillin,Narrow,0,2019,30.32,78.03
Dehradun,2024-04,800000,Amoxicillin-Clavulanate,Penicillin + beta-lactamase inhibitor,Broad,1,3197,30.32,78.03
Dehradun,2024-04,800000,Azithromycin,Macrolide,Broad,0,2621,30.32,78.03
Dehradun,2024-04,800000,Cefixime,Cephalosporin,Broad,0,2017,30.32,78.03
Dehradun,2024-04,800000,Ceftriaxone,Cephalosporin,Broad,0,787,30.32,78.03
Dehradun,2024-04,800000,Ciprofloxacin,Fluoroquinolone,Broad,0,1742,30.32,78.03
Dehradun,2024-04,800000,Doxycycline,Tetracycline,Broad,0,1442,30.32,78.03
Dehradun,2024-04,800000,Metronidazole,Nitroimidazole,Narrow,0,1586,30.32,78.03
Dehradun,2024-04,800000,Cotrimoxazole,Sulfonamide combination,Broad,1,1439,30.32,78.03
Dehradun,2024-04,800000,Meropenem,Carbapenem,Very Broad,0,91,30.32,78.03
Dehradun,2024-05,800000,Amoxicillin,Penicillin,Narrow,0,2055,30.32,78.03
Dehradun,2024-05,800000,Amoxicillin-Clavulanate,Penicillin + beta-lactamase inhibitor,Broad,1,3621,30.32,78.03
Dehradun,2024-05,800000,Azithromycin,Macrolide,Broad,0,2717,30.32,78.03
Dehradun,2024-05,800000,Cefixime,Cephalosporin,Broad,0,1673,30.32,78.03
Dehradun,2024-05,800000,Ceftriaxone,Cephalosporin,Broad,0,754,30.32,78.03
Dehradun,2024-05,800000,Ciprofloxacin,Fluoroquinolone,Broad,0,1622,30.32,78.03
Dehradun,2024-05,800000,Doxycycline,Tetracycline,Broad,0,1407,30.32,78.03
Dehradun,2024-05,800000,Metronidazole,Nitroimidazole,Narrow,0,1628,30.32,78.03
Dehradun,2024-05,800000,Cotrimoxazole,Sulfonamide combination,Broad,1,1140,30.32,78.03
Dehradun,2024-05,800000,Meropenem,Carbapenem,Very Broad,0,82,30.32,78.03
Dehradun,2024-06,800000,Amoxicillin,Penicillin,Narrow,0,1968,30.32,78.03
Dehradun,2024-06,800000,Amoxicillin-Clavulanate,Penicillin + beta-lactamase inhibitor,Broad,1,3236,30.32,78.03
Dehradun,2024-06,800000,Azithromycin,Macrolide,Broad,0,2446,30.32,78.03
Dehradun,2024-06,800000,Cefixime,Cephalosporin,Broad,0,1925,30.32,78.03
Dehradun,2024-06,800000,Ceftriaxone,Cephalosporin,Broad,0,639,30.32,78.03
Dehradun,2024-06,800000,Ciprofloxacin,Fluoroquinolone,Broad,0,1819,30.32,78.03
Dehradun,2024-06,800000,Doxycycline,Tetracycline,Broad,0,1343,30.32,78.03
Dehradun,2024-06,800000,Metronidazole,Nitroimidazole,Narrow,0,1478,30.32,78.03
Dehradun,2024-06,800000,Cotrimoxazole,Sulfonamide combination,Broad,1,1094,30.32,78.03
Dehradun,2024-06,800000,Meropenem,Carbapenem,Very Broad,0,89,30.32,78.03
Dehradun,2024-07,800000,Amoxicillin,Penicillin,Narrow,0,1994,30.32,78.03
Dehradun,2024-07,800000,Amoxicillin-Clavulanate,Penicillin + beta-lactamase inhibitor,Broad,1,2597,30.32,78.03
Dehradun,2024-07,800000,Azithromycin,Macrolide,Broad,0,2255,30.32,78.03
Dehradun,2024-07,800000,Cefixime,Cephalosporin,Broad,0,1548,30.32,78.03
Dehradun,2024-07,800000,Ceftriaxone,Cephalosporin,Broad,0,729,30.32,78.03
Dehradun,2024-07,800000,Ciprofloxacin,Fluoroquinolone,Broad,0,1685,30.32,78.03
Dehradun,2024-07,800000,Doxycycline,Tetracycline,Broad,0,1437,30.32,78.03
Dehradun,2024-07,800000,Metronidazole,Nitroimidazole,Narrow,0,1281,30.32,78.03
Dehradun,2024-07,800000,Cotrimoxazole,Sulfonamide combination,Broad,1,1239,30.32,78.03
Dehradun,2024-07,800000,Meropenem,Carbapenem,Very Broad,0,93,30.32,78.03
Dehradun,2024-08,800000,Amoxicillin,Penicillin,Narrow,0,1808,30.32,78.03
Dehradun,2024-08,800000,Amoxicillin-Clavulanate,Penicillin + beta-lactamase inhibitor,Broad,1,2847,30.32,78.03
Dehradun,2024-08,800000,Azithromycin,Macrolide,Broad,0,2050,30.32,78.03
Dehradun,2024-08,800000,Cefixime,Cephalosporin,Broad,0,1413,30.32,78.03
Dehradun,2024-08,800000,Ceftriaxone,Cephalosporin,Broad,0,693,30.32,78.03
Dehradun,2024-08,800000,Ciprofloxacin,Fluoroquinolone,Broad,0,1335,30.32,78.03
Dehradun,2024-08,800000,Doxycycline,Tetracycline,Broad,0,1192,30.32,78.03
Dehradun,2024-08,800000,Metronidazole,Nitroimidazole,Narrow,0,1254,30.32,78.03
Dehradun,2024-08,800000,Cotrimoxazole,Sulfonamide combination,Broad,1,1100,30.32,78.03
Dehradun,2024-08,800000,Meropenem,Carbapenem,Very Broad,0,73,30.32,78.03
Dehradun,2024-09,800000,Amoxicillin,Penicillin,Narrow,0,1676,30.32,78.03
Dehradun,2024-09,800000,Amoxicillin-Clavulanate,Penicillin + beta-lactamase inhibitor,Broad,1,2761,30.32,78.03
Dehradun,2024-09,800000,Azithromycin,Macrolide,Broad,0,2404,30.32,78.03
Dehradun,2024-09,800000,Cefixime,Cephalosporin,Broad,0,1329,30.32,78.03
Dehradun,2024-09,800000,Ceftriaxone,Cephalosporin,Broad,0,639,30.32,78.03
Dehradun,2024-09,800000,Ciprofloxacin,Fluoroquinolone,Broad,0,1300,30.32,78.03
Dehradun,2024-09,800000,Doxycycline,Tetracycline,Broad,0,1254,30.32,78.03
Dehradun,2024-09,800000,Metronidazole,Nitroimidazole,Narrow,0,1125,30.32,78.03
Dehradun,2024-09,800000,Cotrimoxazole,Sulfonamide combination,Broad,1,957,30.32,78.03
Dehradun,2024-09,800000,Meropenem,Carbapenem,Very Broad,0,70,30.32,78.03
Dehradun,2024-10,800000,Amoxicillin,Penicillin,Narrow,0,1681,30.32,78.03
Dehradun,2024-10,800000,Amoxicillin-Clavulanate,Penicillin + beta-lactamase inhibitor,Broad,1,2645,30.32,78.03
Dehradun,2024-10,800000,Azithromycin,Macrolide,Broad,0,2078,30.32,78.03
Dehradun,2024-10,800000,Cefixime,Cephalosporin,Broad,0,1336,30.32,78.03
Dehradun,2024-10,800000,Ceftriaxone,Cephalosporin,Broad,0,652,30.32,78.03
Dehradun,2024-10,800000,Ciprofloxacin,Fluoroquinolone,Broad,0,1396,30.32,78.03
Dehradun,2024-10,800000,Doxycycline,Tetracycline,Broad,0,1255,30.32,78.03
Dehradun,2024-10,800000,Metronidazole,Nitroimidazole,Narrow,0,1130,30.32,78.03
Dehradun,2024-10,800000,Cotrimoxazole,Sulfonamide combination,Broad,1,882,30.32,78.03
Dehradun,2024-10,800000,Meropenem,Carbapenem,Very Broad,0,73,30.32,78.03
Dehradun,2024-11,800000,Amoxicillin,Penicillin,Narrow,0,1695,30.32,78.03
Dehradun,2024-11,800000,Amoxicillin-Clavulanate,Penicillin + beta-lactamase inhibitor,Broad,1,2641,30.32,78.03
Dehradun,2024-11,800000,Azithromycin,Macrolide,Broad,0,2051,30.32,78.03
Dehradun,2024-11,800000,Cefixime,Cephalosporin,Broad,0,1738,30.32,78.03
Dehradun,2024-11,800000,Ceftriaxone,Cephalosporin,Broad,0,590,30.32,78.03
Dehradun,2024-11,800000,Ciprofloxacin,Fluoroquinolone,Broad,0,1371,30.32,78.03
Dehradun,2024-11,800000,Doxycycline,Tetracycline,Broad,0,1246,30.32,78.03
Dehradun,2024-11,800000,Metronidazole,Nitroimidazole,Narrow,0,1049,30.32,78.03
Dehradun,2024-11,800000,Cotrimoxazole,Sulfonamide combination,Broad,1,1154,30.32,78.03
Dehradun,2024-11,800000,Meropenem,Carbapenem,Very Broad,0,80,30.32,78.03
Dehradun,2024-12,800000,Amoxicillin,Penicillin,Narrow,0,1819,30.32,78.03
Dehradun,2024-12,800000,Amoxicillin-Clavulanate,Penicillin + beta-lactamase inhibitor,Broad,1,2788,30.32,78.03
Dehradun,2024-12,800000,Azithromycin,Macrolide,Broad,0,2137,30.32,78.03
Dehradun,2024-12,800000,Cefixime,Cephalosporin,Broad,0,1591,30.32,78.03
Dehradun,2024-12,800000,Ceftriaxone,Cephalosporin,Broad,0,621,30.32,78.03
Dehradun,2024-12,800000,Ciprofloxacin,Fluoroquinolone,Broad,0,1574,30.32,78.03
Dehradun,2024-12,800000,Doxycycline,Tetracycline,Broad,0,1327,30.32,78.03
Dehradun,2024-12,800000,Metronidazole,Nitroimidazole,Narrow,0,1410,30.32,78.03
Dehradun,2024-12,800000,Cotrimoxazole,Sulfonamide combination,Broad,1,1140,30.32,78.03
Dehradun,2024-12,800000,Meropenem,Carbapenem,Very Broad,0,86,30.32,78.03
Dehradun,2025-01,800000,Amoxicillin,Penicillin,Narrow,0,1772,30.32,78.03
Dehradun,2025-01,800000,Amoxicillin-Clavulanate,Penicillin + beta-lactamase inhibitor,Broad,1,3087,30.32,78.03
Dehradun,2025-01,800000,Azithromycin,Macrolide,Broad,0,2377,30.32,78.03
Dehradun,2025-01,800000,Cefixime,Cephalosporin,Broad,0,1731,30.32,78.03
Dehradun,2025-01,800000,Ceftriaxone,Cephalosporin,Broad,0,651,30.32,78.03
Dehradun,2025-01,800000,Ciprofloxacin,Fluoroquinolone,Broad,0,1496,30.32,78.03
Dehradun,2025-01,800000,Doxycycline,Tetracycline,Broad,0,1382,30.32,78.03
Dehradun,2025-01,800000,Metronidazole,Nitroimidazole,Narrow,0,1426,30.32,78.03
Dehradun,2025-01,800000,Cotrimoxazole,Sulfonamide combination,Broad,1,1085,30.32,78.03
Dehradun,2025-01,800000,Meropenem,Carbapenem,Very Broad,0,90,30.32,78.03
Dehradun,2025-02,800000,Amoxicillin,Penicillin,Narrow,0,1939,30.32,78.03
Dehradun,2025-02,800000,Amoxicillin-Clavulanate,Penicillin + beta-lactamase inhibitor,Broad,1,3536,30.32,78.03
Dehradun,2025-02,800000,Azithromycin,Macrolide,Broad,0,2730,30.32,78.03
Dehradun,2025-02,800000,Cefixime,Cephalosporin,Broad,0,1910,30.32,78.03
Dehradun,2025-02,800000,Ceftriaxone,Cephalosporin,Broad,0,858,30.32,78.03
Dehradun,2025-02,800000,Ciprofloxacin,Fluoroquinolone,Broad,0,1612,30.32,78.03
Dehradun,2025-02,800000,Doxycycline,Tetracycline,Broad,0,1298,30.32,78.03
Dehradun,2025-02,800000,Metronidazole,Nitroimidazole,Narrow,0,1332,30.32,78.03
Dehradun,2025-02,800000,Cotrimoxazole,Sulfonamide combination,Broad,1,1232,30.32,78.03
Dehradun,2025-02,800000,Meropenem,Carbapenem,Very Broad,0,75,30.32,78.03
Dehradun,2025-03,800000,Amoxicillin,Penicillin,Narrow,0,1930,30.32,78.03
Dehradun,2025-03,800000,Amoxicillin-Clavulanate,Penicillin + beta-lactamase inhibitor,Broad,1,3589,30.32,78.03
Dehradun,2025-03,800000,Azithromycin,Macrolide,Broad,0,2728,30.32,78.03
Dehradun,2025-03,800000,Cefixime,Cephalosporin,Broad,0,1806,30.32,78.03
Dehradun,2025-03,800000,Ceftriaxone,Cephalosporin,Broad,0,823,30.32,78.03
Dehradun,2025-03,800000,Ciprofloxacin,Fluoroquinolone,Broad,0,1883,30.32,78.03
Dehradun,2025-03,800000,Doxycycline,Tetracycline,Broad,0,1386,30.32,78.03
Dehradun,2025-03,800000,Metronidazole,Nitroimidazole,Narrow,0,1409,30.32,78.03
Dehradun,2025-03,800000,Cotrimoxazole,Sulfonamide combination,Broad,1,1110,30.32,78.03
Dehradun,2025-03,800000,Meropenem,Carbapenem,Very Broad,0,89,30.32,78.03
Dehradun,2025-04,800000,Amoxicillin,Penicillin,Narrow,0,2048,30.32,78.03
Dehradun,2025-04,800000,Amoxicillin-Clavulanate,Penicillin + beta-lactamase inhibitor,Broad,1,3187,30.32,78.03
Dehradun,2025-04,800000,Azithromycin,Macrolide,Broad,0,2538,30.32,78.03
Dehradun,2025-04,800000,Cefixime,Cephalosporin,Broad,0,1738,30.32,78.03
Dehradun,2025-04,800000,Ceftriaxone,Cephalosporin,Broad,0,808,30.32,78.03
Dehradun,2025-04,800000,Ciprofloxacin,Fluoroquinolone,Broad,0,1866,30.32,78.03
Dehradun,2025-04,800000,Doxycycline,Tetracycline,Broad,0,1534,30.32,78.03
Dehradun,2025-04,800000,Metronidazole,Nitroimidazole,Narrow,0,1483,30.32,78.03
Dehradun,2025-04,800000,Cotrimoxazole,Sulfonamide combination,Broad,1,1192,30.32,78.03
Dehradun,2025-04,800000,Meropenem,Carbapenem,Very Broad,0,93,30.32,78.03
Dehradun,2025-05,800000,Amoxicillin,Penicillin,Narrow,0,1952,30.32,78.03
Dehradun,2025-05,800000,Amoxicillin-Clavulanate,Penicillin + beta-lactamase inhibitor,Broad,1,3420,30.32,78.03
Dehradun,2025-05,800000,Azithromycin,Macrolide,Broad,0,2843,30.32,78.03
Dehradun,2025-05,800000,Cefixime,Cephalosporin,Broad,0,2010,30.32,78.03
Dehradun,2025-05,800000,Ceftriaxone,Cephalosporin,Broad,0,731,30.32,78.03
Dehradun,2025-05,800000,Ciprofloxacin,Fluoroquinolone,Broad,0,1881,30.32,78.03
Dehradun,2025-05,800000,Doxycycline,Tetracycline,Broad,0,1545,30.32,78.03
Dehradun,2025-05,800000,Metronidazole,Nitroimidazole,Narrow,0,1376,30.32,78.03
Dehradun,2025-05,800000,Cotrimoxazole,Sulfonamide combination,Broad,1,1421,30.32,78.03
Dehradun,2025-05,800000,Meropenem,Carbapenem,Very Broad,0,96,30.32,78.03
Dehradun,2025-06,800000,Amoxicillin,Penicillin,Narrow,0,2002,30.32,78.03
Dehradun,2025-06,800000,Amoxicillin-Clavulanate,Penicillin + beta-lactamase inhibitor,Broad,1,3242,30.32,78.03
Dehradun,2025-06,800000,Azithromycin,Macrolide,Broad,0,2370,30.32,78.03
Dehradun,2025-06,800000,Cefixime,Cephalosporin,Broad,0,1795,30.32,78.03
Dehradun,2025-06,800000,Ceftriaxone,Cephalosporin,Broad,0,710,30.32,78.03
Dehradun,2025-06,800000,Ciprofloxacin,Fluoroquinolone,Broad,0,1778,30.32,78.03
Dehradun,2025-06,800000,Doxycycline,Tetracycline,Broad,0,1396,30.32,78.03
Dehradun,2025-06,800000,Metronidazole,Nitroimidazole,Narrow,0,1426,30.32,78.03
Dehradun,2025-06,800000,Cotrimoxazole,Sulfonamide combination,Broad,1,1287,30.32,78.03
Dehradun,2025-06,800000,Meropenem,Carbapenem,Very Broad,0,83,30.32,78.03
Dehradun,2025-07,800000,Amoxicillin,Penicillin,Narrow,0,1536,30.32,78.03
Dehradun,2025-07,800000,Amoxicillin-Clavulanate,Penicillin + beta-lactamase inhibitor,Broad,1,3140,30.32,78.03
Dehradun,2025-07,800000,Azithromycin,Macrolide,Broad,0,2071,30.32,78.03
Dehradun,2025-07,800000,Cefixime,Cephalosporin,Broad,0,1723,30.32,78.03
Dehradun,2025-07,800000,Ceftriaxone,Cephalosporin,Broad,0,731,30.32,78.03
Dehradun,2025-07,800000,Ciprofloxacin,Fluoroquinolone,Broad,0,1684,30.32,78.03
Dehradun,2025-07,800000,Doxycycline,Tetracycline,Broad,0,1207,30.32,78.03
Dehradun,2025-07,800000,Metronidazole,Nitroimidazole,Narrow,0,1333,30.32,78.03
Dehradun,2025-07,800000,Cotrimoxazole,Sulfonamide combination,Broad,1,1332,30.32,78.03
Dehradun,2025-07,800000,Meropenem,Carbapenem,Very Broad,0,97,30.32,78.03
Dehradun,2025-08,800000,Amoxicillin,Penicillin,Narrow,0,1798,30.32,78.03
Dehradun,2025-08,800000,Amoxicillin-Clavulanate,Penicillin + beta-lactamase inhibitor,Broad,1,2687,30.32,78.03
Dehradun,2025-08,800000,Azithromycin,Macrolide,Broad,0,2319,30.32,78.03
Dehradun,2025-08,800000,Cefixime,Cephalosporin,Broad,0,1616,30.32,78.03
Dehradun,2025-08,800000,Ceftriaxone,Cephalosporin,Broad,0,710,30.32,78.03
Dehradun,2025-08,800000,Ciprofloxacin,Fluoroquinolone,Broad,0,1471,30.32,78.03
Dehradun,2025-08,800000,Doxycycline,Tetracycline,Broad,0,1255,30.32,78.03
Dehradun,2025-08,800000,Metronidazole,Nitroimidazole,Narrow,0,1291,30.32,78.03
Dehradun,2025-08,800000,Cotrimoxazole,Sulfonamide combination,Broad,1,1163,30.32,78.03
Dehradun,2025-08,800000,Meropenem,Carbapenem,Very Broad,0,86,30.32,78.03
Dehradun,2025-09,800000,Amoxicillin,Penicillin,Narrow,0,1507,30.32,78.03
Dehradun,2025-09,800000,Amoxicillin-Clavulanate,Penicillin + beta-lactamase inhibitor,Broad,1,3011,30.32,78.03
Dehradun,2025-09,800000,Azithromycin,Macrolide,Broad,0,2498,30.32,78.03
Dehradun,2025-09,800000,Cefixime,Cephalosporin,Broad,0,1588,30.32,78.03
Dehradun,2025-09,800000,Ceftriaxone,Cephalosporin,Broad,0,577,30.32,78.03
Dehradun,2025-09,800000,Ciprofloxacin,Fluoroquinolone,Broad,0,1367,30.32,78.03
Dehradun,2025-09,800000,Doxycycline,Tetracycline,Broad,0,1241,30.32,78.03
Dehradun,2025-09,800000,Metronidazole,Nitroimidazole,Narrow,0,1341,30.32,78.03
Dehradun,2025-09,800000,Cotrimoxazole,Sulfonamide combination,Broad,1,959,30.32,78.03
Dehradun,2025-09,800000,Meropenem,Carbapenem,Very Broad,0,76,30.32,78.03
Dehradun,2025-10,800000,Amoxicillin,Penicillin,Narrow,0,1761,30.32,78.03
Dehradun,2025-10,800000,Amoxicillin-Clavulanate,Penicillin + beta-lactamase inhibitor,Broad,1,2607,30.32,78.03
Dehradun,2025-10,800000,Azithromycin,Macrolide,Broad,0,1885,30.32,78.03
Dehradun,2025-10,800000,Cefixime,Cephalosporin,Broad,0,1595,30.32,78.03
Dehradun,2025-10,800000,Ceftriaxone,Cephalosporin,Broad,0,689,30.32,78.03
Dehradun,2025-10,800000,Ciprofloxacin,Fluoroquinolone,Broad,0,1431,30.32,78.03
Dehradun,2025-10,800000,Doxycycline,Tetracycline,Broad,0,1222,30.32,78.03
Dehradun,2025-10,800000,Metronidazole,Nitroimidazole,Narrow,0,1160,30.32,78.03
Dehradun,2025-10,800000,Cotrimoxazole,Sulfonamide combination,Broad,1,985,30.32,78.03
Dehradun,2025-10,800000,Meropenem,Carbapenem,Very Broad,0,83,30.32,78.03
Dehradun,2025-11,800000,Amoxicillin,Penicillin,Narrow,0,1744,30.32,78.03
Dehradun,2025-11,800000,Amoxicillin-Clavulanate,Penicillin + beta-lactamase inhibitor,Broad,1,3060,30.32,78.03
Dehradun,2025-11,800000,Azithromycin,Macrolide,Broad,0,2050,30.32,78.03
Dehradun,2025-11,800000,Cefixime,Cephalosporin,Broad,0,1494,30.32,78.03
Dehradun,2025-11,800000,Ceftriaxone,Cephalosporin,Broad,0,657,30.32,78.03
Dehradun,2025-11,800000,Ciprofloxacin,Fluoroquinolone,Broad,0,1409,30.32,78.03
Dehradun,2025-11,800000,Doxycycline,Tetracycline,Broad,0,1283,30.32,78.03
Dehradun,2025-11,800000,Metronidazole,Nitroimidazole,Narrow,0,1206,30.32,78.03
Dehradun,2025-11,800000,Cotrimoxazole,Sulfonamide combination,Broad,1,1000,30.32,78.03
Dehradun,2025-11,800000,Meropenem,Carbapenem,Very Broad,0,79,30.32,78.03
Dehradun,2025-12,800000,Amoxicillin,Penicillin,Narrow,0,1876,30.32,78.03
Dehradun,2025-12,800000,Amoxicillin-Clavulanate,Penicillin + beta-lactamase inhibitor,Broad,1,2990,30.32,78.03
Dehradun,2025-12,800000,Azithromycin,Macrolide,Broad,0,2442,30.32,78.03
Dehradun,2025-12,800000,Cefixime,Cephalosporin,Broad,0,1674,30.32,78.03
Dehradun,2025-12,800000,Ceftriaxone,Cephalosporin,Broad,0,672,30.32,78.03
Dehradun,2025-12,800000,Ciprofloxacin,Fluoroquinolone,Broad,0,1461,30.32,78.03
Dehradun,2025-12,800000,Doxycycline,Tetracycline,Broad,0,1299,30.32,78.03
Dehradun,2025-12,800000,Metronidazole,Nitroimidazole,Narrow,0,1243,30.32,78.03
Dehradun,2025-12,800000,Cotrimoxazole,Sulfonamide combination,Broad,1,1286,30.32,78.03
Dehradun,2025-12,800000,Meropenem,Carbapenem,Very Broad,0,91,30.32,78.03
Nagpur,2024-01,2500000,Amoxicillin,Penicillin,Narrow,0,5993,21.15,79.09
Nagpur,2024-01,2500000,Amoxicillin-Clavulanate,Penicillin + beta-lactamase inhibitor,Broad,1,10103,21.15,79.09
Nagpur,2024-01,2500000,Azithromycin,Macrolide,Broad,0,7278,21.15,79.09
Nagpur,2024-01,2500000,Cefixime,Cephalosporin,Broad,0,5481,21.15,79.09
Nagpur,2024-01,2500000,Ceftriaxone,Cephalosporin,Broad,0,2339,21.15,79.09
Nagpur,2024-01,2500000,Ciprofloxacin,Fluoroquinolone,Broad,0,5352,21.15,79.09
Nagpur,2024-01,2500000,Doxycycline,Tetracycline,Broad,0,4486,21.15,79.09
Nagpur,2024-01,2500000,Metronidazole,Nitroimidazole,Narrow,0,4531,21.15,79.09
Nagpur,2024-01,2500000,Cotrimoxazole,Sulfonamide combination,Broad,1,3788,21.15,79.09
Nagpur,2024-01,2500000,Meropenem,Carbapenem,Very Broad,0,274,21.15,79.09
Nagpur,2024-02,2500000,Amoxicillin,Penicillin,Narrow,0,6515,21.15,79.09
Nagpur,2024-02,2500000,Amoxicillin-Clavulanate,Penicillin + beta-lactamase inhibitor,Broad,1,10780,21.15,79.09
Nagpur,2024-02,2500000,Azithromycin,Macrolide,Broad,0,8473,21.15,79.09
Nagpur,2024-02,2500000,Cefixime,Cephalosporin,Broad,0,5934,21.15,79.09
Nagpur,2024-02,2500000,Ceftriaxone,Cephalosporin,Broad,0,2498,21.15,79.09
Nagpur,2024-02,2500000,Ciprofloxacin,Fluoroquinolone,Broad,0,5848,21.15,79.09
Nagpur,2024-02,2500000,Doxycycline,Tetracycline,Broad,0,5536,21.15,79.09
Nagpur,2024-02,2500000,Metronidazole,Nitroimidazole,Narrow,0,4543,21.15,79.09
Nagpur,2024-02,2500000,Cotrimoxazole,Sulfonamide combination,Broad,1,4580,21.15,79.09
Nagpur,2024-02,2500000,Meropenem,Carbapenem,Very Broad,0,275,21.15,79.09
Nagpur,2024-03,2500000,Amoxicillin,Penicillin,Narrow,0,6946,21.15,79.09
Nagpur,2024-03,2500000,Amoxicillin-Clavulanate,Penicillin + beta-lactamase inhibitor,Broad,1,11688,21.15,79.09
Nagpur,2024-03,2500000,Azithromycin,Macrolide,Broad,0,5791,21.15,79.09
Nagpur,2024-03,2500000,Cefixime,Cephalosporin,Broad,0,6455,21.15,79.09
Nagpur,2024-03,2500000,Ceftriaxone,Cephalosporin,Broad,0,2928,21.15,79.09
Nagpur,2024-03,2500000,Ciprofloxacin,Fluoroquinolone,Broad,0,4934,21.15,79.09
Nagpur,2024-03,2500000,Doxycycline,Tetracycline,Broad,0,5323,21.15,79.09
Nagpur,2024-03,2500000,Metronidazole,Nitroimidazole,Narrow,0,3664,21.15,79.09
Nagpur,2024-03,2500000,Cotrimoxazole,Sulfonamide combination,Broad,1,4771,21.15,79.09
Nagpur,2024-03,2500000,Meropenem,Carbapenem,Very Broad,0,322,21.15,79.09
Nagpur,2024-04,2500000,Amoxicillin,Penicillin,Narrow,0,6630,21.15,79.09
Nagpur,2024-04,2500000,Amoxicillin-Clavulanate,Penicillin + beta-lactamase inhibitor,Broad,1,12214,21.15,79.09
Nagpur,2024-04,2500000,Azithromycin,Macrolide,Broad,0,8705,21.15,79.09
Nagpur,2024-04,2500000,Cefixime,Cephalosporin,Broad,0,6415,21.15,79.09
Nagpur,2024-04,2500000,Ceftriaxone,Cephalosporin,Broad,0,2482,21.15,79.09
Nagpur,2024-04,2500000,Ciprofloxacin,Fluoroquinolone,Broad,0,4994,21.15,79.09
Nagpur,2024-04,2500000,Doxycycline,Tetracycline,Broad,0,5028,21.15,79.09
Nagpur,2024-04,2500000,Metronidazole,Nitroimidazole,Narrow,0,5278,21.15,79.09
Nagpur,2024-04,2500000,Cotrimoxazole,Sulfonamide combination,Broad,1,4791,21.15,79.09
Nagpur,2024-04,2500000,Meropenem,Carbapenem,Very Broad,0,272,21.15,79.09
Nagpur,2024-05,2500000,Amoxicillin,Penicillin,Narrow,0,5949,21.15,79.09
Nagpur,2024-05,2500000,Amoxicillin-Clavulanate,Penicillin + beta-lactamase inhibitor,Broad,1,9915,21.15,79.09
Nagpur,2024-05,2500000,Azithromycin,Macrolide,Broad,0,8319,21.15,79.09
Nagpur,2024-05,2500000,Cefixime,Cephalosporin,Broad,0,6298,21.15,79.09
Nagpur,2024-05,2500000,Ceftriaxone,Cephalosporin,Broad,0,2276,21.15,79.09
Nagpur,2024-05,2500000,Ciprofloxacin,Fluoroquinolone,Broad,0,6115,21.15,79.09
Nagpur,2024-05,2500000,Doxycycline,Tetracycline,Broad,0,4973,21.15,79.09
Nagpur,2024-05,2500000,Metronidazole,Nitroimidazole,Narrow,0,4429,21.15,79.09
Nagpur,2024-05,2500000,Cotrimoxazole,Sulfonamide combination,Broad,1,4366,21.15,79.09
Nagpur,2024-05,2500000,Meropenem,Carbapenem,Very Broad,0,273,21.15,79.09
Nagpur,2024-06,2500000,Amoxicillin,Penicillin,Narrow,0,6151,21.15,79.09
Nagpur,2024-06,2500000,Amoxicillin-Clavulanate,Penicillin + beta-lactamase inhibitor,Broad,1,11130,21.15,79.09
Nagpur,2024-06,2500000,Azithromycin,Macrolide,Broad,0,8188,21.15,79.09
Nagpur,2024-06,2500000,Cefixime,Cephalosporin,Broad,0,6055,21.15,79.09
Nagpur,2024-06,2500000,Ceftriaxone,Cephalosporin,Broad,0,2428,21.15,79.09
Nagpur,2024-06,2500000,Ciprofloxacin,Fluoroquinolone,Broad,0,5736,21.15,79.09
Nagpur,2024-06,2500000,Doxycycline,Tetracycline,Broad,0,4972,21.15,79.09
Nagpur,2024-06,2500000,Metronidazole,Nitroimidazole,Narrow,0,4439,21.15,79.09
Nagpur,2024-06,2500000,Cotrimoxazole,Sulfonamide combination,Broad,1,4421,21.15,79.09
Nagpur,2024-06,2500000,Meropenem,Carbapenem,Very Broad,0,307,21.15,79.09
Nagpur,2024-07,2500000,Amoxicillin,Penicillin,Narrow,0,6064,21.15,79.09
Nagpur,2024-07,2500000,Amoxicillin-Clavulanate,Penicillin + beta-lactamase inhibitor,Broad,1,9826,21.15,79.09
Nagpur,2024-07,2500000,Azithromycin,Macrolide,Broad,0,7687,21.15,79.09
Nagpur,2024-07,2500000,Cefixime,Cephalosporin,Broad,0,5608,21.15,79.09
Nagpur,2024-07,2500000,Ceftriaxone,Cephalosporin,Broad,0,2279,21.15,79.09
Nagpur,2024-07,2500000,Ciprofloxacin,Fluoroquinolone,Broad,0,5156,21.15,79.09
Nagpur,2024-07,2500000,Doxycycline,Tetracycline,Broad,0,4187,21.15,79.09
Nagpur,2024-07,2500000,Metronidazole,Nitroimidazole,Narrow,0,3720,21.15,79.09
Nagpur,2024-07,2500000,Cotrimoxazole,Sulfonamide combination,Broad,1,4143,21.15,79.09
Nagpur,2024-07,2500000,Meropenem,Carbapenem,Very Broad,0,296,21.15,79.09
Nagpur,2024-08,2500000,Amoxicillin,Penicillin,Narrow,0,5331,21.15,79.09
Nagpur,2024-08,2500000,Amoxicillin-Clavulanate,Penicillin + beta-lactamase inhibitor,Broad,1,11237,21.15,79.09
Nagpur,2024-08,2500000,Azithromycin,Macrolide,Broad,0,6989,21.15,79.09
Nagpur,2024-08,2500000,Cefixime,Cephalosporin,Broad,0,4996,21.15,79.09
Nagpur,2024-08,2500000,Ceftriaxone,Cephalosporin,Broad,0,2062,21.15,79.09
Nagpur,2024-08,2500000,Ciprofloxacin,Fluoroquinolone,Broad,0,4393,21.15,79.09
Nagpur,2024-08,2500000,Doxycycline,Tetracycline,Broad,0,4637,21.15,79.09
Nagpur,2024-08,2500000,Metronidazole,Nitroimidazole,Narrow,0,4453,21.15,79.09
Nagpur,2024-08,2500000,Cotrimoxazole,Sulfonamide combination,Broad,1,4039,21.15,79.09
Nagpur,2024-08,2500000,Meropenem,Carbapenem,Very Broad,0,261,21.15,79.09
Nagpur,2024-09,2500000,Amoxicillin,Penicillin,Narrow,0,5203,21.15,79.09
Nagpur,2024-09,2500000,Amoxicillin-Clavulanate,Penicillin + beta-lactamase inhibitor,Broad,1,9327,21.15,79.09
Nagpur,2024-09,2500000,Azithromycin,Macrolide,Broad,0,7828,21.15,79.09
Nagpur,2024-09,2500000,Cefixime,Cephalosporin,Broad,0,5414,21.15,79.09
Nagpur,2024-09,2500000,Ceftriaxone,Cephalosporin,Broad,0,2505,21.15,79.09
Nagpur,2024-09,2500000,Ciprofloxacin,Fluoroquinolone,Broad,0,4964,21.15,79.09
Nagpur,2024-09,2500000,Doxycycline,Tetracycline,Broad,0,3893,21.15,79.09
Nagpur,2024-09,2500000,Metronidazole,Nitroimidazole,Narrow,0,3708,21.15,79.09
Nagpur,2024-09,2500000,Cotrimoxazole,Sulfonamide combination,Broad,1,3222,21.15,79.09
Nagpur,2024-09,2500000,Meropenem,Carbapenem,Very Broad,0,264,21.15,79.09
Nagpur,2024-10,2500000,Amoxicillin,Penicillin,Narrow,0,5492,21.15,79.09
Nagpur,2024-10,2500000,Amoxicillin-Clavulanate,Penicillin + beta-lactamase inhibitor,Broad,1,9284,21.15,79.09
Nagpur,2024-10,2500000,Azithromycin,Macrolide,Broad,0,6547,21.15,79.09
Nagpur,2024-10,2500000,Cefixime,Cephalosporin,Broad,0,5136,21.15,79.09
Nagpur,2024-10,2500000,Ceftriaxone,Cephalosporin,Broad,0,2264,21.15,79.09
Nagpur,2024-10,2500000,Ciprofloxacin,Fluoroquinolone,Broad,0,4923,21.15,79.09
Nagpur,2024-10,2500000,Doxycycline,Tetracycline,Broad,0,3977,21.15,79.09
Nagpur,2024-10,2500000,Metronidazole,Nitroimidazole,Narrow,0,3594,21.15,79.09
Nagpur,2024-10,2500000,Cotrimoxazole,Sulfonamide combination,Broad,1,3878,21.15,79.09
Nagpur,2024-10,2500000,Meropenem,Carbapenem,Very Broad,0,201,21.15,79.09
Nagpur,2024-11,2500000,Amoxicillin,Penicillin,Narrow,0,6359,21.15,79.09
Nagpur,2024-11,2500000,Amoxicillin-Clavulanate,Penicillin + beta-lactamase inhibitor,Broad,1,8322,21.15,79.09
Nagpur,2024-11,2500000,Azithromycin,Macrolide,Broad,0,7180,21.15,79.09
Nagpur,2024-11,2500000,Cefixime,Cephalosporin,Broad,0,5115,21.15,79.09
Nagpur,2024-11,2500000,Ceftriaxone,Cephalosporin,Broad,0,2058,21.15,79.09
Nagpur,2024-11,2500000,Ciprofloxacin,Fluoroquinolone,Broad,0,5209,21.15,79.09
Nagpur,2024-11,2500000,Doxycycline,Tetracycline,Broad,0,4122,21.15,79.09
Nagpur,2024-11,2500000,Metronidazole,Nitroimidazole,Narrow,0,3922,21.15,79.09
Nagpur,2024-11,2500000,Cotrimoxazole,Sulfonamide combination,Broad,1,3907,21.15,79.09
Nagpur,2024-11,2500000,Meropenem,Carbapenem,Very Broad,0,267,21.15,79.09
Nagpur,2024-12,2500000,Amoxicillin,Penicillin,Narrow,0,5671,21.15,79.09
Nagpur,2024-12,2500000,Amoxicillin-Clavulanate,Penicillin + beta-lactamase inhibitor,Broad,1,10584,21.15,79.09
Nagpur,2024-12,2500000,Azithromycin,Macrolide,Broad,0,6956,21.15,79.09
Nagpur,2024-12,2500000,Cefixime,Cephalosporin,Broad,0,5301,21.15,79.09
Nagpur,2024-12,2500000,Ceftriaxone,Cephalosporin,Broad,0,2501,21.15,79.09
Nagpur,2024-12,2500000,Ciprofloxacin,Fluoroquinolone,Broad,0,4697,21.15,79.09
Nagpur,2024-12,2500000,Doxycycline,Tetracycline,Broad,0,3603,21.15,79.09
Nagpur,2024-12,2500000,Metronidazole,Nitroimidazole,Narrow,0,4088,21.15,79.09
Nagpur,2024-12,2500000,Cotrimoxazole,Sulfonamide combination,Broad,1,4519,21.15,79.09
Nagpur,2024-12,2500000,Meropenem,Carbapenem,Very Broad,0,295,21.15,79.09
Nagpur,2025-01,2500000,Amoxicillin,Penicillin,Narrow,0,5051,21.15,79.09
Nagpur,2025-01,2500000,Amoxicillin-Clavulanate,Penicillin + beta-lactamase inhibitor,Broad,1,10977,21.15,79.09
Nagpur,2025-01,2500000,Azithromycin,Macrolide,Broad,0,8645,21.15,79.09
Nagpur,2025-01,2500000,Cefixime,Cephalosporin,Broad,0,4945,21.15,79.09
Nagpur,2025-01,2500000,Ceftriaxone,Cephalosporin,Broad,0,2581,21.15,79.09
Nagpur,2025-01,2500000,Ciprofloxacin,Fluoroquinolone,Broad,0,5700,21.15,79.09
Nagpur,2025-01,2500000,Doxycycline,Tetracycline,Broad,0,4817,21.15,79.09
Nagpur,2025-01,2500000,Metronidazole,Nitroimidazole,Narrow,0,4455,21.15,79.09
Nagpur,2025-01,2500000,Cotrimoxazole,Sulfonamide combination,Broad,1,4375,21.15,79.09
Nagpur,2025-01,2500000,Meropenem,Carbapenem,Very Broad,0,312,21.15,79.09
Nagpur,2025-02,2500000,Amoxicillin,Penicillin,Narrow,0,5362,21.15,79.09
Nagpur,2025-02,2500000,Amoxicillin-Clavulanate,Penicillin + beta-lactamase inhibitor,Broad,1,10345,21.15,79.09
Nagpur,2025-02,2500000,Azithromycin,Macrolide,Broad,0,8294,21.15,79.09
Nagpur,2025-02,2500000,Cefixime,Cephalosporin,Broad,0,6086,21.15,79.09
Nagpur,2025-02,2500000,Ceftriaxone,Cephalosporin,Broad,0,2636,21.15,79.09
Nagpur,2025-02,2500000,Ciprofloxacin,Fluoroquinolone,Broad,0,5946,21.15,79.09
Nagpur,2025-02,2500000,Doxycycline,Tetracycline,Broad,0,5181,21.15,79.09
Nagpur,2025-02,2500000,Metronidazole,Nitroimidazole,Narrow,0,4905,21.15,79.09
Nagpur,2025-02,2500000,Cotrimoxazole,Sulfonamide combination,Broad,1,4280,21.15,79.09
Nagpur,2025-02,2500000,Meropenem,Carbapenem,Very Broad,0,334,21.15,79.09
Nagpur,2025-03,2500000,Amoxicillin,Penicillin,Narrow,0,6325,21.15,79.09
Nagpur,2025-03,2500000,Amoxicillin-Clavulanate,Penicillin + beta-lactamase inhibitor,Broad,1,12245,21.15,79.09
Nagpur,2025-03,2500000,Azithromycin,Macrolide,Broad,0,6619,21.15,79.09
Nagpur,2025-03,2500000,Cefixime,Cephalosporin,Broad,0,7473,21.15,79.09
Nagpur,2025-03,2500000,Ceftriaxone,Cephalosporin,Broad,0,2749,21.15,79.09
Nagpur,2025-03,2500000,Ciprofloxacin,Fluoroquinolone,Broad,0,5710,21.15,79.09
Nagpur,2025-03,2500000,Doxycycline,Tetracycline,Broad,0,5634,21.15,79.09
Nagpur,2025-03,2500000,Metronidazole,Nitroimidazole,Narrow,0,4545,21.15,79.09
Nagpur,2025-03,2500000,Cotrimoxazole,Sulfonamide combination,Broad,1,4744,21.15,79.09
Nagpur,2025-03,2500000,Meropenem,Carbapenem,Very Broad,0,325,21.15,79.09
Nagpur,2025-04,2500000,Amoxicillin,Penicillin,Narrow,0,6500,21.15,79.09
Nagpur,2025-04,2500000,Amoxicillin-Clavulanate,Penicillin + beta-lactamase inhibitor,Broad,1,12875,21.15,79.09
Nagpur,2025-04,2500000,Azithromycin,Macrolide,Broad,0,9910,21.15,79.09
Nagpur,2025-04,2500000,Cefixime,Cephalosporin,Broad,0,6881,21.15,79.09
Nagpur,2025-04,2500000,Ceftriaxone,Cephalosporin,Broad,0,2735,21.15,79.09
Nagpur,2025-04,2500000,Ciprofloxacin,Fluoroquinolone,Broad,0,6744,21.15,79.09
Nagpur,2025-04,2500000,Doxycycline,Tetracycline,Broad,0,6103,21.15,79.09
Nagpur,2025-04,2500000,Metronidazole,Nitroimidazole,Narrow,0,4878,21.15,79.09
Nagpur,2025-04,2500000,Cotrimoxazole,Sulfonamide combination,Broad,1,5046,21.15,79.09
Nagpur,2025-04,2500000,Meropenem,Carbapenem,Very Broad,0,361,21.15,79.09
Nagpur,2025-05,2500000,Amoxicillin,Penicillin,Narrow,0,6175,21.15,79.09
Nagpur,2025-05,2500000,Amoxicillin-Clavulanate,Penicillin + beta-lactamase inhibitor,Broad,1,12242,21.15,79.09
Nagpur,2025-05,2500000,Azithromycin,Macrolide,Broad,0,7781,21.15,79.09
Nagpur,2025-05,2500000,Cefixime,Cephalosporin,Broad,0,5913,21.15,79.09
Nagpur,2025-05,2500000,Ceftriaxone,Cephalosporin,Broad,0,2599,21.15,79.09
Nagpur,2025-05,2500000,Ciprofloxacin,Fluoroquinolone,Broad,0,6103,21.15,79.09
Nagpur,2025-05,2500000,Doxycycline,Tetracycline,Broad,0,5717,21.15,79.09
Nagpur,2025-05,2500000,Metronidazole,Nitroimidazole,Narrow,0,4891,21.15,79.09
Nagpur,2025-05,2500000,Cotrimoxazole,Sulfonamide combination,Broad,1,4576,21.15,79.09
Nagpur,2025-05,2500000,Meropenem,Carbapenem,Very Broad,0,331,21.15,79.09
Nagpur,2025-06,2500000,Amoxicillin,Penicillin,Narrow,0,6765,21.15,79.09
Nagpur,2025-06,2500000,Amoxicillin-Clavulanate,Penicillin + beta-lactamase inhibitor,Broad,1,12006,21.15,79.09
Nagpur,2025-06,2500000,Azithromycin,Macrolide,Broad,0,8080,21.15,79.09
Nagpur,2025-06,2500000,Cefixime,Cephalosporin,Broad,0,6768,21.15,79.09
Nagpur,2025-06,2500000,Ceftriaxone,Cephalosporin,Broad,0,2407,21.15,79.09
Nagpur,2025-06,2500000,Ciprofloxacin,Fluoroquinolone,Broad,0,6068,21.15,79.09
Nagpur,2025-06,2500000,Doxycycline,Tetracycline,Broad,0,5682,21.15,79.09
Nagpur,2025-06,2500000,Metronidazole,Nitroimidazole,Narrow,0,4607,21.15,79.09
Nagpur,2025-06,2500000,Cotrimoxazole,Sulfonamide combination,Broad,1,4433,21.15,79.09
Nagpur,2025-06,2500000,Meropenem,Carbapenem,Very Broad,0,347,21.15,79.09
Nagpur,2025-07,2500000,Amoxicillin,Penicillin,Narrow,0,5279,21.15,79.09
Nagpur,2025-07,2500000,Amoxicillin-Clavulanate,Penicillin + beta-lactamase inhibitor,Broad,1,11481,21.15,79.09
Nagpur,2025-07,2500000,Azithromycin,Macrolide,Broad,0,8384,21.15,79.09
Nagpur,2025-07,2500000,Cefixime,Cephalosporin,Broad,0,5660,21.15,79.09
Nagpur,2025-07,2500000,Ceftriaxone,Cephalosporin,Broad,0,2346,21.15,79.09
Nagpur,2025-07,2500000,Ciprofloxacin,Fluoroquinolone,Broad,0,5079,21.15,79.09
Nagpur,2025-07,2500000,Doxycycline,Tetracycline,Broad,0,4457,21.15,79.09
Nagpur,2025-07,2500000,Metronidazole,Nitroimidazole,Narrow,0,4107,21.15,79.09
Nagpur,2025-07,2500000,Cotrimoxazole,Sulfonamide combination,Broad,1,3960,21.15,79.09
Nagpur,2025-07,2500000,Meropenem,Carbapenem,Very Broad,0,352,21.15,79.09
Nagpur,2025-08,2500000,Amoxicillin,Penicillin,Narrow,0,5842,21.15,79.09
Nagpur,2025-08,2500000,Amoxicillin-Clavulanate,Penicillin + beta-lactamase inhibitor,Broad,1,11054,21.15,79.09
Nagpur,2025-08,2500000,Azithromycin,Macrolide,Broad,0,7837,21.15,79.09
Nagpur,2025-08,2500000,Cefixime,Cephalosporin,Broad,0,5336,21.15,79.09
Nagpur,2025-08,2500000,Ceftriaxone,Cephalosporin,Broad,0,2342,21.15,79.09
Nagpur,2025-08,2500000,Ciprofloxacin,Fluoroquinolone,Broad,0,5096,21.15,79.09
Nagpur,2025-08,2500000,Doxycycline,Tetracycline,Broad,0,4424,21.15,79.09
Nagpur,2025-08,2500000,Metronidazole,Nitroimidazole,Narrow,0,4178,21.15,79.09
Nagpur,2025-08,2500000,Cotrimoxazole,Sulfonamide combination,Broad,1,3956,21.15,79.09
Nagpur,2025-08,2500000,Meropenem,Carbapenem,Very Broad,0,263,21.15,79.09
Nagpur,2025-09,2500000,Amoxicillin,Penicillin,Narrow,0,5290,21.15,79.09
Nagpur,2025-09,2500000,Amoxicillin-Clavulanate,Penicillin + beta-lactamase inhibitor,Broad,1,8427,21.15,79.09
Nagpur,2025-09,2500000,Azithromycin,Macrolide,Broad,0,7465,21.15,79.09
Nagpur,2025-09,2500000,Cefixime,Cephalosporin,Broad,0,5630,21.15,79.09
Nagpur,2025-09,2500000,Ceftriaxone,Cephalosporin,Broad,0,2602,21.15,79.09
Nagpur,2025-09,2500000,Ciprofloxacin,Fluoroquinolone,Broad,0,4813,21.15,79.09
Nagpur,2025-09,2500000,Doxycycline,Tetracycline,Broad,0,3919,21.15,79.09
Nagpur,2025-09,2500000,Metronidazole,Nitroimidazole,Narrow,0,3582,21.15,79.09
Nagpur,2025-09,2500000,Cotrimoxazole,Sulfonamide combination,Broad,1,3918,21.15,79.09
Nagpur,2025-09,2500000,Meropenem,Carbapenem,Very Broad,0,282,21.15,79.09
Nagpur,2025-10,2500000,Amoxicillin,Penicillin,Narrow,0,5209,21.15,79.09
Nagpur,2025-10,2500000,Amoxicillin-Clavulanate,Penicillin + beta-lactamase inhibitor,Broad,1,8104,21.15,79.09
Nagpur,2025-10,2500000,Azithromycin,Macrolide,Broad,0,7680,21.15,79.09
Nagpur,2025-10,2500000,Cefixime,Cephalosporin,Broad,0,4829,21.15,79.09
Nagpur,2025-10,2500000,Ceftriaxone,Cephalosporin,Broad,0,2130,21.15,79.09
Nagpur,2025-10,2500000,Ciprofloxacin,Fluoroquinolone,Broad,0,4323,21.15,79.09
Nagpur,2025-10,2500000,Doxycycline,Tetracycline,Broad,0,3812,21.15,79.09
Nagpur,2025-10,2500000,Metronidazole,Nitroimidazole,Narrow,0,3758,21.15,79.09
Nagpur,2025-10,2500000,Cotrimoxazole,Sulfonamide combination,Broad,1,3735,21.15,79.09
Nagpur,2025-10,2500000,Meropenem,Carbapenem,Very Broad,0,279,21.15,79.09
Nagpur,2025-11,2500000,Amoxicillin,Penicillin,Narrow,0,5697,21.15,79.09
Nagpur,2025-11,2500000,Amoxicillin-Clavulanate,Penicillin + beta-lactamase inhibitor,Broad,1,10859,21.15,79.09
Nagpur,2025-11,2500000,Azithromycin,Macrolide,Broad,0,8462,21.15,79.09
Nagpur,2025-11,2500000,Cefixime,Cephalosporin,Broad,0,5571,21.15,79.09
Nagpur,2025-11,2500000,Ceftriaxone,Cephalosporin,Broad,0,2220,21.15,79.09
Nagpur,2025-11,2500000,Ciprofloxacin,Fluoroquinolone,Broad,0,5428,21.15,79.09
Nagpur,2025-11,2500000,Doxycycline,Tetracycline,Broad,0,4490,21.15,79.09
Nagpur,2025-11,2500000,Metronidazole,Nitroimidazole,Narrow,0,4119,21.15,79.09
Nagpur,2025-11,2500000,Cotrimoxazole,Sulfonamide combination,Broad,1,3545,21.15,79.09
Nagpur,2025-11,2500000,Meropenem,Carbapenem,Very Broad,0,267,21.15,79.09
Nagpur,2025-12,2500000,Amoxicillin,Penicillin,Narrow,0,5936,21.15,79.09
Nagpur,2025-12,2500000,Amoxicillin-Clavulanate,Penicillin + beta-lactamase inhibitor,Broad,1,10424,21.15,79.09
Nagpur,2025-12,2500000,Azithromycin,Macrolide,Broad,0,8664,21.15,79.09
Nagpur,2025-12,2500000,Cefixime,Cephalosporin,Broad,0,6074,21.15,79.09
Nagpur,2025-12,2500000,Ceftriaxone,Cephalosporin,Broad,0,2511,21.15,79.09
Nagpur,2025-12,2500000,Ciprofloxacin,Fluoroquinolone,Broad,0,5694,21.15,79.09
Nagpur,2025-12,2500000,Doxycycline,Tetracycline,Broad,0,3966,21.15,79.09
Nagpur,2025-12,2500000,Metronidazole,Nitroimidazole,Narrow,0,4226,21.15,79.09
Nagpur,2025-12,2500000,Cotrimoxazole,Sulfonamide combination,Broad,1,3915,21.15,79.09
Nagpur,2025-12,2500000,Meropenem,Carbapenem,Very Broad,0,258,21.15,79.09
Surat,2024-01,6500000,Amoxicillin,Penicillin,Narrow,0,16688,21.17,72.83
Surat,2024-01,6500000,Amoxicillin-Clavulanate,Penicillin + beta-lactamase inhibitor,Broad,1,27675,21.17,72.83
Surat,2024-01,6500000,Azithromycin,Macrolide,Broad,0,24222,21.17,72.83
Surat,2024-01,6500000,Cefixime,Cephalosporin,Broad,0,14774,21.17,72.83
Surat,2024-01,6500000,Ceftriaxone,Cephalosporin,Broad,0,7190,21.17,72.83
Surat,2024-01,6500000,Ciprofloxacin,Fluoroquinolone,Broad,0,13953,21.17,72.83
Surat,2024-01,6500000,Doxycycline,Tetracycline,Broad,0,11359,21.17,72.83
Surat,2024-01,6500000,Metronidazole,Nitroimidazole,Narrow,0,9981,21.17,72.83
Surat,2024-01,6500000,Cotrimoxazole,Sulfonamide combination,Broad,1,11385,21.17,72.83
Surat,2024-01,6500000,Meropenem,Carbapenem,Very Broad,0,731,21.17,72.83
Surat,2024-02,6500000,Amoxicillin,Penicillin,Narrow,0,17528,21.17,72.83
Surat,2024-02,6500000,Amoxicillin-Clavulanate,Penicillin + beta-lactamase inhibitor,Broad,1,31133,21.17,72.83
Surat,2024-02,6500000,Azithromycin,Macrolide,Broad,0,23986,21.17,72.83
Surat,2024-02,6500000,Cefixime,Cephalosporin,Broad,0,15059,21.17,72.83
Surat,2024-02,6500000,Ceftriaxone,Cephalosporin,Broad,0,6425,21.17,72.83
Surat,2024-02,6500000,Ciprofloxacin,Fluoroquinolone,Broad,0,14554,21.17,72.83
Surat,2024-02,6500000,Doxycycline,Tetracycline,Broad,0,12746,21.17,72.83
Surat,2024-02,6500000,Metronidazole,Nitroimidazole,Narrow,0,12985,21.17,72.83
Surat,2024-02,6500000,Cotrimoxazole,Sulfonamide combination,Broad,1,11564,21.17,72.83
Surat,2024-02,6500000,Meropenem,Carbapenem,Very Broad,0,933,21.17,72.83
Surat,2024-03,6500000,Amoxicillin,Penicillin,Narrow,0,16383,21.17,72.83
Surat,2024-03,6500000,Amoxicillin-Clavulanate,Penicillin + beta-lactamase inhibitor,Broad,1,32958,21.17,72.83
Surat,2024-03,6500000,Azithromycin,Macrolide,Broad,0,26049,21.17,72.83
Surat,2024-03,6500000,Cefixime,Cephalosporin,Broad,0,18900,21.17,72.83
Surat,2024-03,6500000,Ceftriaxone,Cephalosporin,Broad,0,7458,21.17,72.83
Surat,2024-03,6500000,Ciprofloxacin,Fluoroquinolone,Broad,0,15554,21.17,72.83
Surat,2024-03,6500000,Doxycycline,Tetracycline,Broad,0,12577,21.17,72.83
Surat,2024-03,6500000,Metronidazole,Nitroimidazole,Narrow,0,12652,21.17,72.83
Surat,2024-03,6500000,Cotrimoxazole,Sulfonamide combination,Broad,1,13721,21.17,72.83
Surat,2024-03,6500000,Meropenem,Carbapenem,Very Broad,0,904,21.17,72.83
Surat,2024-04,6500000,Amoxicillin,Penicillin,Narrow,0,16956,21.17,72.83
Surat,2024-04,6500000,Amoxicillin-Clavulanate,Penicillin + beta-lactamase inhibitor,Broad,1,30738,21.17,72.83
Surat,2024-04,6500000,Azithromycin,Macrolide,Broad,0,22707,21.17,72.83
Surat,2024-04,6500000,Cefixime,Cephalosporin,Broad,0,16839,21.17,72.83
Surat,2024-04,6500000,Ceftriaxone,Cephalosporin,Broad,0,7841,21.17,72.83
Surat,2024-04,6500000,Ciprofloxacin,Fluoroquinolone,Broad,0,15461,21.17,72.83
Surat,2024-04,6500000,Doxycycline,Tetracycline,Broad,0,13017,21.17,72.83
Surat,2024-04,6500000,Metronidazole,Nitroimidazole,Narrow,0,11487,21.17,72.83
Surat,2024-04,6500000,Cotrimoxazole,Sulfonamide combination,Broad,1,13046,21.17,72.83
Surat,2024-04,6500000,Meropenem,Carbapenem,Very Broad,0,980,21.17,72.83
Surat,2024-05,6500000,Amoxicillin,Penicillin,Narrow,0,16995,21.17,72.83
Surat,2024-05,6500000,Amoxicillin-Clavulanate,Penicillin + beta-lactamase inhibitor,Broad,1,33096,21.17,72.83
Surat,2024-05,6500000,Azithromycin,Macrolide,Broad,0,22298,21.17,72.83
Surat,2024-05,6500000,Cefixime,Cephalosporin,Broad,0,17304,21.17,72.83
Surat,2024-05,6500000,Ceftriaxone,Cephalosporin,Broad,0,7099,21.17,72.83
Surat,2024-05,6500000,Ciprofloxacin,Fluoroquinolone,Broad,0,15789,21.17,72.83
Surat,2024-05,6500000,Doxycycline,Tetracycline,Broad,0,13080,21.17,72.83
Surat,2024-05,6500000,Metronidazole,Nitroimidazole,Narrow,0,12587,21.17,72.83
Surat,2024-05,6500000,Cotrimoxazole,Sulfonamide combination,Broad,1,12190,21.17,72.83
Surat,2024-05,6500000,Meropenem,Carbapenem,Very Broad,0,876,21.17,72.83
Surat,2024-06,6500000,Amoxicillin,Penicillin,Narrow,0,19438,21.17,72.83
Surat,2024-06,6500000,Amoxicillin-Clavulanate,Penicillin + beta-lactamase inhibitor,Broad,1,27674,21.17,72.83
Surat,2024-06,6500000,Azithromycin,Macrolide,Broad,0,19417,21.17,72.83
Surat,2024-06,6500000,Cefixime,Cephalosporin,Broad,0,14864,21.17,72.83
Surat,2024-06,6500000,Ceftriaxone,Cephalosporin,Broad,0,6620,21.17,72.83
Surat,2024-06,6500000,Ciprofloxacin,Fluoroquinolone,Broad,0,16140,21.17,72.83
Surat,2024-06,6500000,Doxycycline,Tetracycline,Broad,0,13007,21.17,72.83
Surat,2024-06,6500000,Metronidazole,Nitroimidazole,Narrow,0,11900,21.17,72.83
Surat,2024-06,6500000,Cotrimoxazole,Sulfonamide combination,Broad,1,12425,21.17,72.83
Surat,2024-06,6500000,Meropenem,Carbapenem,Very Broad,0,812,21.17,72.83
Surat,2024-07,6500000,Amoxicillin,Penicillin,Narrow,0,15240,21.17,72.83
Surat,2024-07,6500000,Amoxicillin-Clavulanate,Penicillin + beta-lactamase inhibitor,Broad,1,24359,21.17,72.83
Surat,2024-07,6500000,Azithromycin,Macrolide,Broad,0,18099,21.17,72.83
Surat,2024-07,6500000,Cefixime,Cephalosporin,Broad,0,13603,21.17,72.83
Surat,2024-07,6500000,Ceftriaxone,Cephalosporin,Broad,0,6543,21.17,72.83
Surat,2024-07,6500000,Ciprofloxacin,Fluoroquinolone,Broad,0,14286,21.17,72.83
Surat,2024-07,6500000,Doxycycline,Tetracycline,Broad,0,12082,21.17,72.83
Surat,2024-07,6500000,Metronidazole,Nitroimidazole,Narrow,0,9569,21.17,72.83
Surat,2024-07,6500000,Cotrimoxazole,Sulfonamide combination,Broad,1,9652,21.17,72.83
Surat,2024-07,6500000,Meropenem,Carbapenem,Very Broad,0,822,21.17,72.83
Surat,2024-08,6500000,Amoxicillin,Penicillin,Narrow,0,15680,21.17,72.83
Surat,2024-08,6500000,Amoxicillin-Clavulanate,Penicillin + beta-lactamase inhibitor,Broad,1,21389,21.17,72.83
Surat,2024-08,6500000,Azithromycin,Macrolide,Broad,0,19532,21.17,72.83
Surat,2024-08,6500000,Cefixime,Cephalosporin,Broad,0,12744,21.17,72.83
Surat,2024-08,6500000,Ceftriaxone,Cephalosporin,Broad,0,6137,21.17,72.83
Surat,2024-08,6500000,Ciprofloxacin,Fluoroquinolone,Broad,0,15998,21.17,72.83
Surat,2024-08,6500000,Doxycycline,Tetracycline,Broad,0,8809,21.17,72.83
Surat,2024-08,6500000,Metronidazole,Nitroimidazole,Narrow,0,10989,21.17,72.83
Surat,2024-08,6500000,Cotrimoxazole,Sulfonamide combination,Broad,1,8414,21.17,72.83
Surat,2024-08,6500000,Meropenem,Carbapenem,Very Broad,0,728,21.17,72.83
Surat,2024-09,6500000,Amoxicillin,Penicillin,Narrow,0,14021,21.17,72.83
Surat,2024-09,6500000,Amoxicillin-Clavulanate,Penicillin + beta-lactamase inhibitor,Broad,1,22971,21.17,72.83
Surat,2024-09,6500000,Azithromycin,Macrolide,Broad,0,19408,21.17,72.83
Surat,2024-09,6500000,Cefixime,Cephalosporin,Broad,0,11932,21.17,72.83
Surat,2024-09,6500000,Ceftriaxone,Cephalosporin,Broad,0,6097,21.17,72.83
Surat,2024-09,6500000,Ciprofloxacin,Fluoroquinolone,Broad,0,12254,21.17,72.83
Surat,2024-09,6500000,Doxycycline,Tetracycline,Broad,0,9316,21.17,72.83
Surat,2024-09,6500000,Metronidazole,Nitroimidazole,Narrow,0,11307,21.17,72.83
Surat,2024-09,6500000,Cotrimoxazole,Sulfonamide combination,Broad,1,9638,21.17,72.83
Surat,2024-09,6500000,Meropenem,Carbapenem,Very Broad,0,800,21.17,72.83
Surat,2024-10,6500000,Amoxicillin,Penicillin,Narrow,0,12915,21.17,72.83
Surat,2024-10,6500000,Amoxicillin-Clavulanate,Penicillin + beta-lactamase inhibitor,Broad,1,24727,21.17,72.83
Surat,2024-10,6500000,Azithromycin,Macrolide,Broad,0,18901,21.17,72.83
Surat,2024-10,6500000,Cefixime,Cephalosporin,Broad,0,14900,21.17,72.83
Surat,2024-10,6500000,Ceftriaxone,Cephalosporin,Broad,0,5753,21.17,72.83
Surat,2024-10,6500000,Ciprofloxacin,Fluoroquinolone,Broad,0,12794,21.17,72.83
Surat,2024-10,6500000,Doxycycline,Tetracycline,Broad,0,10242,21.17,72.83
Surat,2024-10,6500000,Metronidazole,Nitroimidazole,Narrow,0,9953,21.17,72.83
Surat,2024-10,6500000,Cotrimoxazole,Sulfonamide combination,Broad,1,10733,21.17,72.83
Surat,2024-10,6500000,Meropenem,Carbapenem,Very Broad,0,705,21.17,72.83
Surat,2024-11,6500000,Amoxicillin,Penicillin,Narrow,0,13315,21.17,72.83
Surat,2024-11,6500000,Amoxicillin-Clavulanate,Penicillin + beta-lactamase inhibitor,Broad,1,23812,21.17,72.83
Surat,2024-11,6500000,Azithromycin,Macrolide,Broad,0,17189,21.17,72.83
Surat,2024-11,6500000,Cefixime,Cephalosporin,Broad,0,12686,21.17,72.83
Surat,2024-11,6500000,Ceftriaxone,Cephalosporin,Broad,0,6231,21.17,72.83
Surat,2024-11,6500000,Ciprofloxacin,Fluoroquinolone,Broad,0,12499,21.17,72.83
Surat,2024-11,6500000,Doxycycline,Tetracycline,Broad,0,11008,21.17,72.83
Surat,2024-11,6500000,Metronidazole,Nitroimidazole,Narrow,0,8232,21.17,72.83
Surat,2024-11,6500000,Cotrimoxazole,Sulfonamide combination,Broad,1,10176,21.17,72.83
Surat,2024-11,6500000,Meropenem,Carbapenem,Very Broad,0,696,21.17,72.83
Surat,2024-12,6500000,Amoxicillin,Penicillin,Narrow,0,14703,21.17,72.83
Surat,2024-12,6500000,Amoxicillin-Clavulanate,Penicillin + beta-lactamase inhibitor,Broad,1,25347,21.17,72.83
Surat,2024-12,6500000,Azithromycin,Macrolide,Broad,0,17152,21.17,72.83
Surat,2024-12,6500000,Cefixime,Cephalosporin,Broad,0,15107,21.17,72.83
Surat,2024-12,6500000,Ceftriaxone,Cephalosporin,Broad,0,5995,21.17,72.83
Surat,2024-12,6500000,Ciprofloxacin,Fluoroquinolone,Broad,0,13030,21.17,72.83
Surat,2024-12,6500000,Doxycycline,Tetracycline,Broad,0,10193,21.17,72.83
Surat,2024-12,6500000,Metronidazole,Nitroimidazole,Narrow,0,9387,21.17,72.83
Surat,2024-12,6500000,Cotrimoxazole,Sulfonamide combination,Broad,1,10516,21.17,72.83
Surat,2024-12,6500000,Meropenem,Carbapenem,Very Broad,0,835,21.17,72.83
Surat,2025-01,6500000,Amoxicillin,Penicillin,Narrow,0,13771,21.17,72.83
Surat,2025-01,6500000,Amoxicillin-Clavulanate,Penicillin + beta-lactamase inhibitor,Broad,1,29227,21.17,72.83
Surat,2025-01,6500000,Azithromycin,Macrolide,Broad,0,21820,21.17,72.83
Surat,2025-01,6500000,Cefixime,Cephalosporin,Broad,0,16166,21.17,72.83
Surat,2025-01,6500000,Ceftriaxone,Cephalosporin,Broad,0,6614,21.17,72.83
Surat,2025-01,6500000,Ciprofloxacin,Fluoroquinolone,Broad,0,11128,21.17,72.83
Surat,2025-01,6500000,Doxycycline,Tetracycline,Broad,0,12291,21.17,72.83
Surat,2025-01,6500000,Metronidazole,Nitroimidazole,Narrow,0,10333,21.17,72.83
Surat,2025-01,6500000,Cotrimoxazole,Sulfonamide combination,Broad,1,10087,21.17,72.83
Surat,2025-01,6500000,Meropenem,Carbapenem,Very Broad,0,799,21.17,72.83
Surat,2025-02,6500000,Amoxicillin,Penicillin,Narrow,0,14215,21.17,72.83
Surat,2025-02,6500000,Amoxicillin-Clavulanate,Penicillin + beta-lactamase inhibitor,Broad,1,32680,21.17,72.83
Surat,2025-02,6500000,Azithromycin,Macrolide,Broad,0,24456,21.17,72.83
Surat,2025-02,6500000,Cefixime,Cephalosporin,Broad,0,16252,21.17,72.83
Surat,2025-02,6500000,Ceftriaxone,Cephalosporin,Broad,0,6309,21.17,72.83
Surat,2025-02,6500000,Ciprofloxacin,Fluoroquinolone,Broad,0,14172,21.17,72.83
Surat,2025-02,6500000,Doxycycline,Tetracycline,Broad,0,13566,21.17,72.83
Surat,2025-02,6500000,Metronidazole,Nitroimidazole,Narrow,0,10453,21.17,72.83
Surat,2025-02,6500000,Cotrimoxazole,Sulfonamide combination,Broad,1,13168,21.17,72.83
Surat,2025-02,6500000,Meropenem,Carbapenem,Very Broad,0,861,21.17,72.83
Surat,2025-03,6500000,Amoxicillin,Penicillin,Narrow,0,14654,21.17,72.83
Surat,2025-03,6500000,Amoxicillin-Clavulanate,Penicillin + beta-lactamase inhibitor,Broad,1,32124,21.17,72.83
Surat,2025-03,6500000,Azithromycin,Macrolide,Broad,0,24786,21.17,72.83
Surat,2025-03,6500000,Cefixime,Cephalosporin,Broad,0,15175,21.17,72.83
Surat,2025-03,6500000,Ceftriaxone,Cephalosporin,Broad,0,7290,21.17,72.83
Surat,2025-03,6500000,Ciprofloxacin,Fluoroquinolone,Broad,0,16034,21.17,72.83
Surat,2025-03,6500000,Doxycycline,Tetracycline,Broad,0,12484,21.17,72.83
Surat,2025-03,6500000,Metronidazole,Nitroimidazole,Narrow,0,13007,21.17,72.83
Surat,2025-03,6500000,Cotrimoxazole,Sulfonamide combination,Broad,1,10653,21.17,72.83
Surat,2025-03,6500000,Meropenem,Carbapenem,Very Broad,0,935,21.17,72.83
Surat,2025-04,6500000,Amoxicillin,Penicillin,Narrow,0,18975,21.17,72.83
Surat,2025-04,6500000,Amoxicillin-Clavulanate,Penicillin + beta-lactamase inhibitor,Broad,1,33368,21.17,72.83
Surat,2025-04,6500000,Azithromycin,Macrolide,Broad,0,23497,21.17,72.83
Surat,2025-04,6500000,Cefixime,Cephalosporin,Broad,0,16381,21.17,72.83
Surat,2025-04,6500000,Ceftriaxone,Cephalosporin,Broad,0,8427,21.17,72.83
Surat,2025-04,6500000,Ciprofloxacin,Fluoroquinolone,Broad,0,14807,21.17,72.83
Surat,2025-04,6500000,Doxycycline,Tetracycline,Broad,0,14351,21.17,72.83
Surat,2025-04,6500000,Metronidazole,Nitroimidazole,Narrow,0,13274,21.17,72.83
Surat,2025-04,6500000,Cotrimoxazole,Sulfonamide combination,Broad,1,14248,21.17,72.83
Surat,2025-04,6500000,Meropenem,Carbapenem,Very Broad,0,900,21.17,72.83
Surat,2025-05,6500000,Amoxicillin,Penicillin,Narrow,0,19290,21.17,72.83
Surat,2025-05,6500000,Amoxicillin-Clavulanate,Penicillin + beta-lactamase inhibitor,Broad,1,32004,21.17,72.83
Surat,2025-05,6500000,Azithromycin,Macrolide,Broad,0,23860,21.17,72.83
Surat,2025-05,6500000,Cefixime,Cephalosporin,Broad,0,16117,21.17,72.83
Surat,2025-05,6500000,Ceftriaxone,Cephalosporin,Broad,0,6445,21.17,72.83
Surat,2025-05,6500000,Ciprofloxacin,Fluoroquinolone,Broad,0,15582,21.17,72.83
Surat,2025-05,6500000,Doxycycline,Tetracycline,Broad,0,14140,21.17,72.83
Surat,2025-05,6500000,Metronidazole,Nitroimidazole,Narrow,0,11731,21.17,72.83
Surat,2025-05,6500000,Cotrimoxazole,Sulfonamide combination,Broad,1,11838,21.17,72.83
Surat,2025-05,6500000,Meropenem,Carbapenem,Very Broad,0,916,21.17,72.83
Surat,2025-06,6500000,Amoxicillin,Penicillin,Narrow,0,18276,21.17,72.83
Surat,2025-06,6500000,Amoxicillin-Clavulanate,Penicillin + beta-lactamase inhibitor,Broad,1,32567,21.17,72.83
Surat,2025-06,6500000,Azithromycin,Macrolide,Broad,0,23014,21.17,72.83
Surat,2025-06,6500000,Cefixime,Cephalosporin,Broad,0,17279,21.17,72.83
Surat,2025-06,6500000,Ceftriaxone,Cephalosporin,Broad,0,6241,21.17,72.83
Surat,2025-06,6500000,Ciprofloxacin,Fluoroquinolone,Broad,0,14365,21.17,72.83
Surat,2025-06,6500000,Doxycycline,Tetracycline,Broad,0,11715,21.17,72.83
Surat,2025-06,6500000,Metronidazole,Nitroimidazole,Narrow,0,10651,21.17,72.83
Surat,2025-06,6500000,Cotrimoxazole,Sulfonamide combination,Broad,1,13207,21.17,72.83
Surat,2025-06,6500000,Meropenem,Carbapenem,Very Broad,0,908,21.17,72.83
Surat,2025-07,6500000,Amoxicillin,Penicillin,Narrow,0,12438,21.17,72.83
Surat,2025-07,6500000,Amoxicillin-Clavulanate,Penicillin + beta-lactamase inhibitor,Broad,1,34148,21.17,72.83
Surat,2025-07,6500000,Azithromycin,Macrolide,Broad,0,19216,21.17,72.83
Surat,2025-07,6500000,Cefixime,Cephalosporin,Broad,0,17806,21.17,72.83
Surat,2025-07,6500000,Ceftriaxone,Cephalosporin,Broad,0,5731,21.17,72.83
Surat,2025-07,6500000,Ciprofloxacin,Fluoroquinolone,Broad,0,13686,21.17,72.83
Surat,2025-07,6500000,Doxycycline,Tetracycline,Broad,0,10019,21.17,72.83
Surat,2025-07,6500000,Metronidazole,Nitroimidazole,Narrow,0,11534,21.17,72.83
Surat,2025-07,6500000,Cotrimoxazole,Sulfonamide combination,Broad,1,10663,21.17,72.83
Surat,2025-07,6500000,Meropenem,Carbapenem,Very Broad,0,764,21.17,72.83
Surat,2025-08,6500000,Amoxicillin,Penicillin,Narrow,0,15423,21.17,72.83
Surat,2025-08,6500000,Amoxicillin-Clavulanate,Penicillin + beta-lactamase inhibitor,Broad,1,28497,21.17,72.83
Surat,2025-08,6500000,Azithromycin,Macrolide,Broad,0,21927,21.17,72.83
Surat,2025-08,6500000,Cefixime,Cephalosporin,Broad,0,13610,21.17,72.83
Surat,2025-08,6500000,Ceftriaxone,Cephalosporin,Broad,0,6077,21.17,72.83
Surat,2025-08,6500000,Ciprofloxacin,Fluoroquinolone,Broad,0,12241,21.17,72.83
Surat,2025-08,6500000,Doxycycline,Tetracycline,Broad,0,10879,21.17,72.83
Surat,2025-08,6500000,Metronidazole,Nitroimidazole,Narrow,0,10186,21.17,72.83
Surat,2025-08,6500000,Cotrimoxazole,Sulfonamide combination,Broad,1,10999,21.17,72.83
Surat,2025-08,6500000,Meropenem,Carbapenem,Very Broad,0,822,21.17,72.83
Surat,2025-09,6500000,Amoxicillin,Penicillin,Narrow,0,13192,21.17,72.83
Surat,2025-09,6500000,Amoxicillin-Clavulanate,Penicillin + beta-lactamase inhibitor,Broad,1,28797,21.17,72.83
Surat,2025-09,6500000,Azithromycin,Macrolide,Broad,0,19148,21.17,72.83
Surat,2025-09,6500000,Cefixime,Cephalosporin,Broad,0,13685,21.17,72.83
Surat,2025-09,6500000,Ceftriaxone,Cephalosporin,Broad,0,5534,21.17,72.83
Surat,2025-09,6500000,Ciprofloxacin,Fluoroquinolone,Broad,0,12691,21.17,72.83
Surat,2025-09,6500000,Doxycycline,Tetracycline,Broad,0,12335,21.17,72.83
Surat,2025-09,6500000,Metronidazole,Nitroimidazole,Narrow,0,10478,21.17,72.83
Surat,2025-09,6500000,Cotrimoxazole,Sulfonamide combination,Broad,1,10663,21.17,72.83
Surat,2025-09,6500000,Meropenem,Carbapenem,Very Broad,0,738,21.17,72.83
Surat,2025-10,6500000,Amoxicillin,Penicillin,Narrow,0,15295,21.17,72.83
Surat,2025-10,6500000,Amoxicillin-Clavulanate,Penicillin + beta-lactamase inhibitor,Broad,1,25563,21.17,72.83
Surat,2025-10,6500000,Azithromycin,Macrolide,Broad,0,19218,21.17,72.83
Surat,2025-10,6500000,Cefixime,Cephalosporin,Broad,0,13779,21.17,72.83
Surat,2025-10,6500000,Ceftriaxone,Cephalosporin,Broad,0,5899,21.17,72.83
Surat,2025-10,6500000,Ciprofloxacin,Fluoroquinolone,Broad,0,12530,21.17,72.83
Surat,2025-10,6500000,Doxycycline,Tetracycline,Broad,0,11250,21.17,72.83
Surat,2025-10,6500000,Metronidazole,Nitroimidazole,Narrow,0,11235,21.17,72.83
Surat,2025-10,6500000,Cotrimoxazole,Sulfonamide combination,Broad,1,9571,21.17,72.83
Surat,2025-10,6500000,Meropenem,Carbapenem,Very Broad,0,693,21.17,72.83
Surat,2025-11,6500000,Amoxicillin,Penicillin,Narrow,0,13589,21.17,72.83
Surat,2025-11,6500000,Amoxicillin-Clavulanate,Penicillin + beta-lactamase inhibitor,Broad,1,30387,21.17,72.83
Surat,2025-11,6500000,Azithromycin,Macrolide,Broad,0,21382,21.17,72.83
Surat,2025-11,6500000,Cefixime,Cephalosporin,Broad,0,14904,21.17,72.83
Surat,2025-11,6500000,Ceftriaxone,Cephalosporin,Broad,0,5684,21.17,72.83
Surat,2025-11,6500000,Ciprofloxacin,Fluoroquinolone,Broad,0,12863,21.17,72.83
Surat,2025-11,6500000,Doxycycline,Tetracycline,Broad,0,9647,21.17,72.83
Surat,2025-11,6500000,Metronidazole,Nitroimidazole,Narrow,0,10817,21.17,72.83
Surat,2025-11,6500000,Cotrimoxazole,Sulfonamide combination,Broad,1,10764,21.17,72.83
Surat,2025-11,6500000,Meropenem,Carbapenem,Very Broad,0,816,21.17,72.83
Surat,2025-12,6500000,Amoxicillin,Penicillin,Narrow,0,14516,21.17,72.83
Surat,2025-12,6500000,Amoxicillin-Clavulanate,Penicillin + beta-lactamase inhibitor,Broad,1,28508,21.17,72.83
Surat,2025-12,6500000,Azithromycin,Macrolide,Broad,0,22603,21.17,72.83
Surat,2025-12,6500000,Cefixime,Cephalosporin,Broad,0,13054,21.17,72.83
Surat,2025-12,6500000,Ceftriaxone,Cephalosporin,Broad,0,6451,21.17,72.83
Surat,2025-12,6500000,Ciprofloxacin,Fluoroquinolone,Broad,0,13836,21.17,72.83
Surat,2025-12,6500000,Doxycycline,Tetracycline,Broad,0,10506,21.17,72.83
Surat,2025-12,6500000,Metronidazole,Nitroimidazole,Narrow,0,9002,21.17,72.83
Surat,2025-12,6500000,Cotrimoxazole,Sulfonamide combination,Broad,1,10945,21.17,72.83
Surat,2025-12,6500000,Meropenem,Carbapenem,Very Broad,0,876,21.17,72.83
Kochi,2024-01,700000,Amoxicillin,Penicillin,Narrow,0,1657,9.93,76.27
Kochi,2024-01,700000,Amoxicillin-Clavulanate,Penicillin + beta-lactamase inhibitor,Broad,1,3059,9.93,76.27
Kochi,2024-01,700000,Azithromycin,Macrolide,Broad,0,2162,9.93,76.27
Kochi,2024-01,700000,Cefixime,Cephalosporin,Broad,0,1611,9.93,76.27
Kochi,2024-01,700000,Ceftriaxone,Cephalosporin,Broad,0,605,9.93,76.27
Kochi,2024-01,700000,Ciprofloxacin,Fluoroquinolone,Broad,0,1365,9.93,76.27
Kochi,2024-01,700000,Doxycycline,Tetracycline,Broad,0,1110,9.93,76.27
Kochi,2024-01,700000,Metronidazole,Nitroimidazole,Narrow,0,993,9.93,76.27
Kochi,2024-01,700000,Cotrimoxazole,Sulfonamide combination,Broad,1,1149,9.93,76.27
Kochi,2024-01,700000,Meropenem,Carbapenem,Very Broad,0,73,9.93,76.27
Kochi,2024-02,700000,Amoxicillin,Penicillin,Narrow,0,1540,9.93,76.27
Kochi,2024-02,700000,Amoxicillin-Clavulanate,Penicillin + beta-lactamase inhibitor,Broad,1,2706,9.93,76.27
Kochi,2024-02,700000,Azithromycin,Macrolide,Broad,0,2525,9.93,76.27
Kochi,2024-02,700000,Cefixime,Cephalosporin,Broad,0,1807,9.93,76.27
Kochi,2024-02,700000,Ceftriaxone,Cephalosporin,Broad,0,570,9.93,76.27
Kochi,2024-02,700000,Ciprofloxacin,Fluoroquinolone,Broad,0,1435,9.93,76.27
Kochi,2024-02,700000,Doxycycline,Tetracycline,Broad,0,1120,9.93,76.27
Kochi,2024-02,700000,Metronidazole,Nitroimidazole,Narrow,0,1320,9.93,76.27
Kochi,2024-02,700000,Cotrimoxazole,Sulfonamide combination,Broad,1,1103,9.93,76.27
Kochi,2024-02,700000,Meropenem,Carbapenem,Very Broad,0,75,9.93,76.27
Kochi,2024-03,700000,Amoxicillin,Penicillin,Narrow,0,1696,9.93,76.27
Kochi,2024-03,700000,Amoxicillin-Clavulanate,Penicillin + beta-lactamase inhibitor,Broad,1,3302,9.93,76.27
Kochi,2024-03,700000,Azithromycin,Macrolide,Broad,0,2411,9.93,76.27
Kochi,2024-03,700000,Cefixime,Cephalosporin,Broad,0,1731,9.93,76.27
Kochi,2024-03,700000,Ceftriaxone,Cephalosporin,Broad,0,549,9.93,76.27
Kochi,2024-03,700000,Ciprofloxacin,Fluoroquinolone,Broad,0,1549,9.93,76.27
Kochi,2024-03,700000,Doxycycline,Tetracycline,Broad,0,1482,9.93,76.27
Kochi,2024-03,700000,Metronidazole,Nitroimidazole,Narrow,0,1406,9.93,76.27
Kochi,2024-03,700000,Cotrimoxazole,Sulfonamide combination,Broad,1,997,9.93,76.27
Kochi,2024-03,700000,Meropenem,Carbapenem,Very Broad,0,82,9.93,76.27
Kochi,2024-04,700000,Amoxicillin,Penicillin,Narrow,0,2005,9.93,76.27
Kochi,2024-04,700000,Amoxicillin-Clavulanate,Penicillin + beta-lactamase inhibitor,Broad,1,2997,9.93,76.27
Kochi,2024-04,700000,Azithromycin,Macrolide,Broad,0,2152,9.93,76.27
Kochi,2024-04,700000,Cefixime,Cephalosporin,Broad,0,1661,9.93,76.27
Kochi,2024-04,700000,Ceftriaxone,Cephalosporin,Broad,0,555,9.93,76.27
Kochi,2024-04,700000,Ciprofloxacin,Fluoroquinolone,Broad,0,1437,9.93,76.27
Kochi,2024-04,700000,Doxycycline,Tetracycline,Broad,0,1292,9.93,76.27
Kochi,2024-04,700000,Metronidazole,Nitroimidazole,Narrow,0,1374,9.93,76.27
Kochi,2024-04,700000,Cotrimoxazole,Sulfonamide combination,Broad,1,988,9.93,76.27
Kochi,2024-04,700000,Meropenem,Carbapenem,Very Broad,0,82,9.93,76.27
Kochi,2024-05,700000,Amoxicillin,Penicillin,Narrow,0,1573,9.93,76.27
Kochi,2024-05,700000,Amoxicillin-Clavulanate,Penicillin + beta-lactamase inhibitor,Broad,1,3069,9.93,76.27
Kochi,2024-05,700000,Azithromycin,Macrolide,Broad,0,2276,9.93,76.27
Kochi,2024-05,700000,Cefixime,Cephalosporin,Broad,0,1886,9.93,76.27
Kochi,2024-05,700000,Ceftriaxone,Cephalosporin,Broad,0,684,9.93,76.27
Kochi,2024-05,700000,Ciprofloxacin,Fluoroquinolone,Broad,0,1558,9.93,76.27
Kochi,2024-05,700000,Doxycycline,Tetracycline,Broad,0,1383,9.93,76.27
Kochi,2024-05,700000,Metronidazole,Nitroimidazole,Narrow,0,1156,9.93,76.27
Kochi,2024-05,700000,Cotrimoxazole,Sulfonamide combination,Broad,1,1166,9.93,76.27
Kochi,2024-05,700000,Meropenem,Carbapenem,Very Broad,0,83,9.93,76.27
Kochi,2024-06,700000,Amoxicillin,Penicillin,Narrow,0,1805,9.93,76.27
Kochi,2024-06,700000,Amoxicillin-Clavulanate,Penicillin + beta-lactamase inhibitor,Broad,1,2942,9.93,76.27
Kochi,2024-06,700000,Azithromycin,Macrolide,Broad,0,2004,9.93,76.27
Kochi,2024-06,700000,Cefixime,Cephalosporin,Broad,0,1602,9.93,76.27
Kochi,2024-06,700000,Ceftriaxone,Cephalosporin,Broad,0,735,9.93,76.27
Kochi,2024-06,700000,Ciprofloxacin,Fluoroquinolone,Broad,0,1404,9.93,76.27
Kochi,2024-06,700000,Doxycycline,Tetracycline,Broad,0,1247,9.93,76.27
Kochi,2024-06,700000,Metronidazole,Nitroimidazole,Narrow,0,1217,9.93,76.27
Kochi,2024-06,700000,Cotrimoxazole,Sulfonamide combination,Broad,1,1104,9.93,76.27
Kochi,2024-06,700000,Meropenem,Carbapenem,Very Broad,0,71,9.93,76.27
Kochi,2024-07,700000,Amoxicillin,Penicillin,Narrow,0,1525,9.93,76.27
Kochi,2024-07,700000,Amoxicillin-Clavulanate,Penicillin + beta-lactamase inhibitor,Broad,1,2926,9.93,76.27
Kochi,2024-07,700000,Azithromycin,Macrolide,Broad,0,1933,9.93,76.27
Kochi,2024-07,700000,Cefixime,Cephalosporin,Broad,0,1448,9.93,76.27
Kochi,2024-07,700000,Ceftriaxone,Cephalosporin,Broad,0,690,9.93,76.27
Kochi,2024-07,700000,Ciprofloxacin,Fluoroquinolone,Broad,0,1541,9.93,76.27
Kochi,2024-07,700000,Doxycycline,Tetracycline,Broad,0,1200,9.93,76.27
Kochi,2024-07,700000,Metronidazole,Nitroimidazole,Narrow,0,1245,9.93,76.27
Kochi,2024-07,700000,Cotrimoxazole,Sulfonamide combination,Broad,1,1044,9.93,76.27
Kochi,2024-07,700000,Meropenem,Carbapenem,Very Broad,0,78,9.93,76.27
Kochi,2024-08,700000,Amoxicillin,Penicillin,Narrow,0,1628,9.93,76.27
Kochi,2024-08,700000,Amoxicillin-Clavulanate,Penicillin + beta-lactamase inhibitor,Broad,1,2317,9.93,76.27
Kochi,2024-08,700000,Azithromycin,Macrolide,Broad,0,2092,9.93,76.27
Kochi,2024-08,700000,Cefixime,Cephalosporin,Broad,0,1366,9.93,76.27
Kochi,2024-08,700000,Ceftriaxone,Cephalosporin,Broad,0,584,9.93,76.27
Kochi,2024-08,700000,Ciprofloxacin,Fluoroquinolone,Broad,0,1397,9.93,76.27
Kochi,2024-08,700000,Doxycycline,Tetracycline,Broad,0,1090,9.93,76.27
Kochi,2024-08,700000,Metronidazole,Nitroimidazole,Narrow,0,1084,9.93,76.27
Kochi,2024-08,700000,Cotrimoxazole,Sulfonamide combination,Broad,1,958,9.93,76.27
Kochi,2024-08,700000,Meropenem,Carbapenem,Very Broad,0,75,9.93,76.27
Kochi,2024-09,700000,Amoxicillin,Penicillin,Narrow,0,1449,9.93,76.27
Kochi,2024-09,700000,Amoxicillin-Clavulanate,Penicillin + beta-lactamase inhibitor,Broad,1,2324,9.93,76.27
Kochi,2024-09,700000,Azithromycin,Macrolide,Broad,0,1949,9.93,76.27
Kochi,2024-09,700000,Cefixime,Cephalosporin,Broad,0,1326,9.93,76.27
Kochi,2024-09,700000,Ceftriaxone,Cephalosporin,Broad,0,632,9.93,76.27
Kochi,2024-09,700000,Ciprofloxacin,Fluoroquinolone,Broad,0,1247,9.93,76.27
Kochi,2024-09,700000,Doxycycline,Tetracycline,Broad,0,1021,9.93,76.27
Kochi,2024-09,700000,Metronidazole,Nitroimidazole,Narrow,0,1051,9.93,76.27
Kochi,2024-09,700000,Cotrimoxazole,Sulfonamide combination,Broad,1,822,9.93,76.27
Kochi,2024-09,700000,Meropenem,Carbapenem,Very Broad,0,61,9.93,76.27
Kochi,2024-10,700000,Amoxicillin,Penicillin,Narrow,0,1565,9.93,76.27
Kochi,2024-10,700000,Amoxicillin-Clavulanate,Penicillin + beta-lactamase inhibitor,Broad,1,2284,9.93,76.27
Kochi,2024-10,700000,Azithromycin,Macrolide,Broad,0,1778,9.93,76.27
Kochi,2024-10,700000,Cefixime,Cephalosporin,Broad,0,1438,9.93,76.27
Kochi,2024-10,700000,Ceftriaxone,Cephalosporin,Broad,0,613,9.93,76.27
Kochi,2024-10,700000,Ciprofloxacin,Fluoroquinolone,Broad,0,1361,9.93,76.27
Kochi,2024-10,700000,Doxycycline,Tetracycline,Broad,0,959,9.93,76.27
Kochi,2024-10,700000,Metronidazole,Nitroimidazole,Narrow,0,1010,9.93,76.27
Kochi,2024-10,700000,Cotrimoxazole,Sulfonamide combination,Broad,1,1022,9.93,76.27
Kochi,2024-10,700000,Meropenem,Carbapenem,Very Broad,0,67,9.93,76.27
Kochi,2024-11,700000,Amoxicillin,Penicillin,Narrow,0,1546,9.93,76.27
Kochi,2024-11,700000,Amoxicillin-Clavulanate,Penicillin + beta-lactamase inhibitor,Broad,1,2536,9.93,76.27
Kochi,2024-11,700000,Azithromycin,Macrolide,Broad,0,1843,9.93,76.27
Kochi,2024-11,700000,Cefixime,Cephalosporin,Broad,0,1370,9.93,76.27
Kochi,2024-11,700000,Ceftriaxone,Cephalosporin,Broad,0,601,9.93,76.27
Kochi,2024-11,700000,Ciprofloxacin,Fluoroquinolone,Broad,0,1162,9.93,76.27
Kochi,2024-11,700000,Doxycycline,Tetracycline,Broad,0,1049,9.93,76.27
Kochi,2024-11,700000,Metronidazole,Nitroimidazole,Narrow,0,978,9.93,76.27
Kochi,2024-11,700000,Cotrimoxazole,Sulfonamide combination,Broad,1,858,9.93,76.27
Kochi,2024-11,700000,Meropenem,Carbapenem,Very Broad,0,65,9.93,76.27
Kochi,2024-12,700000,Amoxicillin,Penicillin,Narrow,0,1497,9.93,76.27
Kochi,2024-12,700000,Amoxicillin-Clavulanate,Penicillin + beta-lactamase inhibitor,Broad,1,2411,9.93,76.27
Kochi,2024-12,700000,Azithromycin,Macrolide,Broad,0,2070,9.93,76.27
Kochi,2024-12,700000,Cefixime,Cephalosporin,Broad,0,1305,9.93,76.27
Kochi,2024-12,700000,Ceftriaxone,Cephalosporin,Broad,0,614,9.93,76.27
Kochi,2024-12,700000,Ciprofloxacin,Fluoroquinolone,Broad,0,1463,9.93,76.27
Kochi,2024-12,700000,Doxycycline,Tetracycline,Broad,0,1104,9.93,76.27
Kochi,2024-12,700000,Metronidazole,Nitroimidazole,Narrow,0,1098,9.93,76.27
Kochi,2024-12,700000,Cotrimoxazole,Sulfonamide combination,Broad,1,1023,9.93,76.27
Kochi,2024-12,700000,Meropenem,Carbapenem,Very Broad,0,61,9.93,76.27
Kochi,2025-01,700000,Amoxicillin,Penicillin,Narrow,0,1998,9.93,76.27
Kochi,2025-01,700000,Amoxicillin-Clavulanate,Penicillin + beta-lactamase inhibitor,Broad,1,2713,9.93,76.27
Kochi,2025-01,700000,Azithromycin,Macrolide,Broad,0,2182,9.93,76.27
Kochi,2025-01,700000,Cefixime,Cephalosporin,Broad,0,1611,9.93,76.27
Kochi,2025-01,700000,Ceftriaxone,Cephalosporin,Broad,0,714,9.93,76.27
Kochi,2025-01,700000,Ciprofloxacin,Fluoroquinolone,Broad,0,1546,9.93,76.27
Kochi,2025-01,700000,Doxycycline,Tetracycline,Broad,0,995,9.93,76.27
Kochi,2025-01,700000,Metronidazole,Nitroimidazole,Narrow,0,1229,9.93,76.27
Kochi,2025-01,700000,Cotrimoxazole,Sulfonamide combination,Broad,1,1283,9.93,76.27
Kochi,2025-01,700000,Meropenem,Carbapenem,Very Broad,0,82,9.93,76.27
Kochi,2025-02,700000,Amoxicillin,Penicillin,Narrow,0,1737,9.93,76.27
Kochi,2025-02,700000,Amoxicillin-Clavulanate,Penicillin + beta-lactamase inhibitor,Broad,1,2586,9.93,76.27
Kochi,2025-02,700000,Azithromycin,Macrolide,Broad,0,2493,9.93,76.27
Kochi,2025-02,700000,Cefixime,Cephalosporin,Broad,0,1483,9.93,76.27
Kochi,2025-02,700000,Ceftriaxone,Cephalosporin,Broad,0,669,9.93,76.27
Kochi,2025-02,700000,Ciprofloxacin,Fluoroquinolone,Broad,0,1412,9.93,76.27
Kochi,2025-02,700000,Doxycycline,Tetracycline,Broad,0,1192,9.93,76.27
Kochi,2025-02,700000,Metronidazole,Nitroimidazole,Narrow,0,1375,9.93,76.27
Kochi,2025-02,700000,Cotrimoxazole,Sulfonamide combination,Broad,1,1133,9.93,76.27
Kochi,2025-02,700000,Meropenem,Carbapenem,Very Broad,0,78,9.93,76.27
Kochi,2025-03,700000,Amoxicillin,Penicillin,Narrow,0,1518,9.93,76.27
Kochi,2025-03,700000,Amoxicillin-Clavulanate,Penicillin + beta-lactamase inhibitor,Broad,1,2735,9.93,76.27
Kochi,2025-03,700000,Azithromycin,Macrolide,Broad,0,2368,9.93,76.27
Kochi,2025-03,700000,Cefixime,Cephalosporin,Broad,0,1794,9.93,76.27
Kochi,2025-03,700000,Ceftriaxone,Cephalosporin,Broad,0,667,9.93,76.27
Kochi,2025-03,700000,Ciprofloxacin,Fluoroquinolone,Broad,0,1765,9.93,76.27
Kochi,2025-03,700000,Doxycycline,Tetracycline,Broad,0,1230,9.93,76.27
Kochi,2025-03,700000,Metronidazole,Nitroimidazole,Narrow,0,1261,9.93,76.27
Kochi,2025-03,700000,Cotrimoxazole,Sulfonamide combination,Broad,1,1090,9.93,76.27
Kochi,2025-03,700000,Meropenem,Carbapenem,Very Broad,0,92,9.93,76.27
Kochi,2025-04,700000,Amoxicillin,Penicillin,Narrow,0,1568,9.93,76.27
Kochi,2025-04,700000,Amoxicillin-Clavulanate,Penicillin + beta-lactamase inhibitor,Broad,1,3175,9.93,76.27
Kochi,2025-04,700000,Azithromycin,Macrolide,Broad,0,2650,9.93,76.27
Kochi,2025-04,700000,Cefixime,Cephalosporin,Broad,0,1565,9.93,76.27
Kochi,2025-04,700000,Ceftriaxone,Cephalosporin,Broad,0,762,9.93,76.27
Kochi,2025-04,700000,Ciprofloxacin,Fluoroquinolone,Broad,0,1809,9.93,76.27
Kochi,2025-04,700000,Doxycycline,Tetracycline,Broad,0,1373,9.93,76.27
Kochi,2025-04,700000,Metronidazole,Nitroimidazole,Narrow,0,1368,9.93,76.27
Kochi,2025-04,700000,Cotrimoxazole,Sulfonamide combination,Broad,1,1450,9.93,76.27
Kochi,2025-04,700000,Meropenem,Carbapenem,Very Broad,0,106,9.93,76.27
Kochi,2025-05,700000,Amoxicillin,Penicillin,Narrow,0,1703,9.93,76.27
Kochi,2025-05,700000,Amoxicillin-Clavulanate,Penicillin + beta-lactamase inhibitor,Broad,1,2885,9.93,76.27
Kochi,2025-05,700000,Azithromycin,Macrolide,Broad,0,2468,9.93,76.27
Kochi,2025-05,700000,Cefixime,Cephalosporin,Broad,0,1522,9.93,76.27
Kochi,2025-05,700000,Ceftriaxone,Cephalosporin,Broad,0,693,9.93,76.27
Kochi,2025-05,700000,Ciprofloxacin,Fluoroquinolone,Broad,0,1615,9.93,76.27
Kochi,2025-05,700000,Doxycycline,Tetracycline,Broad,0,1270,9.93,76.27
Kochi,2025-05,700000,Metronidazole,Nitroimidazole,Narrow,0,1317,9.93,76.27
Kochi,2025-05,700000,Cotrimoxazole,Sulfonamide combination,Broad,1,1452,9.93,76.27
Kochi,2025-05,700000,Meropenem,Carbapenem,Very Broad,0,87,9.93,76.27
Kochi,2025-06,700000,Amoxicillin,Penicillin,Narrow,0,1839,9.93,76.27
Kochi,2025-06,700000,Amoxicillin-Clavulanate,Penicillin + beta-lactamase inhibitor,Broad,1,2995,9.93,76.27
Kochi,2025-06,700000,Azithromycin,Macrolide,Broad,0,2408,9.93,76.27
Kochi,2025-06,700000,Cefixime,Cephalosporin,Broad,0,1643,9.93,76.27
Kochi,2025-06,700000,Ceftriaxone,Cephalosporin,Broad,0,664,9.93,76.27
Kochi,2025-06,700000,Ciprofloxacin,Fluoroquinolone,Broad,0,1328,9.93,76.27
Kochi,2025-06,700000,Doxycycline,Tetracycline,Broad,0,1109,9.93,76.27
Kochi,2025-06,700000,Metronidazole,Nitroimidazole,Narrow,0,1072,9.93,76.27
Kochi,2025-06,700000,Cotrimoxazole,Sulfonamide combination,Broad,1,1189,9.93,76.27
Kochi,2025-06,700000,Meropenem,Carbapenem,Very Broad,0,75,9.93,76.27
Kochi,2025-07,700000,Amoxicillin,Penicillin,Narrow,0,1634,9.93,76.27
Kochi,2025-07,700000,Amoxicillin-Clavulanate,Penicillin + beta-lactamase inhibitor,Broad,1,2784,9.93,76.27
Kochi,2025-07,700000,Azithromycin,Macrolide,Broad,0,1946,9.93,76.27
Kochi,2025-07,700000,Cefixime,Cephalosporin,Broad,0,1629,9.93,76.27
Kochi,2025-07,700000,Ceftriaxone,Cephalosporin,Broad,0,609,9.93,76.27
Kochi,2025-07,700000,Ciprofloxacin,Fluoroquinolone,Broad,0,1361,9.93,76.27
Kochi,2025-07,700000,Doxycycline,Tetracycline,Broad,0,1318,9.93,76.27
Kochi,2025-07,700000,Metronidazole,Nitroimidazole,Narrow,0,1217,9.93,76.27
Kochi,2025-07,700000,Cotrimoxazole,Sulfonamide combination,Broad,1,1095,9.93,76.27
Kochi,2025-07,700000,Meropenem,Carbapenem,Very Broad,0,85,9.93,76.27
Kochi,2025-08,700000,Amoxicillin,Penicillin,Narrow,0,1583,9.93,76.27
Kochi,2025-08,700000,Amoxicillin-Clavulanate,Penicillin + beta-lactamase inhibitor,Broad,1,2433,9.93,76.27
Kochi,2025-08,700000,Azithromycin,Macrolide,Broad,0,2248,9.93,76.27
Kochi,2025-08,700000,Cefixime,Cephalosporin,Broad,0,1384,9.93,76.27
Kochi,2025-08,700000,Ceftriaxone,Cephalosporin,Broad,0,673,9.93,76.27
Kochi,2025-08,700000,Ciprofloxacin,Fluoroquinolone,Broad,0,1347,9.93,76.27
Kochi,2025-08,700000,Doxycycline,Tetracycline,Broad,0,1193,9.93,76.27
Kochi,2025-08,700000,Metronidazole,Nitroimidazole,Narrow,0,1181,9.93,76.27
Kochi,2025-08,700000,Cotrimoxazole,Sulfonamide combination,Broad,1,1106,9.93,76.27
Kochi,2025-08,700000,Meropenem,Carbapenem,Very Broad,0,69,9.93,76.27
Kochi,2025-09,700000,Amoxicillin,Penicillin,Narrow,0,1687,9.93,76.27
Kochi,2025-09,700000,Amoxicillin-Clavulanate,Penicillin + beta-lactamase inhibitor,Broad,1,2461,9.93,76.27
Kochi,2025-09,700000,Azithromycin,Macrolide,Broad,0,1918,9.93,76.27
Kochi,2025-09,700000,Cefixime,Cephalosporin,Broad,0,1342,9.93,76.27
Kochi,2025-09,700000,Ceftriaxone,Cephalosporin,Broad,0,567,9.93,76.27
Kochi,2025-09,700000,Ciprofloxacin,Fluoroquinolone,Broad,0,1488,9.93,76.27
Kochi,2025-09,700000,Doxycycline,Tetracycline,Broad,0,1004,9.93,76.27
Kochi,2025-09,700000,Metronidazole,Nitroimidazole,Narrow,0,1001,9.93,76.27
Kochi,2025-09,700000,Cotrimoxazole,Sulfonamide combination,Broad,1,1105,9.93,76.27
Kochi,2025-09,700000,Meropenem,Carbapenem,Very Broad,0,75,9.93,76.27
Kochi,2025-10,700000,Amoxicillin,Penicillin,Narrow,0,1414,9.93,76.27
Kochi,2025-10,700000,Amoxicillin-Clavulanate,Penicillin + beta-lactamase inhibitor,Broad,1,2538,9.93,76.27
Kochi,2025-10,700000,Azithromycin,Macrolide,Broad,0,1849,9.93,76.27
Kochi,2025-10,700000,Cefixime,Cephalosporin,Broad,0,1404,9.93,76.27
Kochi,2025-10,700000,Ceftriaxone,Cephalosporin,Broad,0,502,9.93,76.27
Kochi,2025-10,700000,Ciprofloxacin,Fluoroquinolone,Broad,0,1379,9.93,76.27
Kochi,2025-10,700000,Doxycycline,Tetracycline,Broad,0,1106,9.93,76.27
Kochi,2025-10,700000,Metronidazole,Nitroimidazole,Narrow,0,1060,9.93,76.27
Kochi,2025-10,700000,Cotrimoxazole,Sulfonamide combination,Broad,1,959,9.93,76.27
Kochi,2025-10,700000,Meropenem,Carbapenem,Very Broad,0,67,9.93,76.27
Kochi,2025-11,700000,Amoxicillin,Penicillin,Narrow,0,1352,9.93,76.27
Kochi,2025-11,700000,Amoxicillin-Clavulanate,Penicillin + beta-lactamase inhibitor,Broad,1,2611,9.93,76.27
Kochi,2025-11,700000,Azithromycin,Macrolide,Broad,0,2308,9.93,76.27
Kochi,2025-11,700000,Cefixime,Cephalosporin,Broad,0,1553,9.93,76.27
Kochi,2025-11,700000,Ceftriaxone,Cephalosporin,Broad,0,517,9.93,76.27
Kochi,2025-11,700000,Ciprofloxacin,Fluoroquinolone,Broad,0,1267,9.93,76.27
Kochi,2025-11,700000,Doxycycline,Tetracycline,Broad,0,1121,9.93,76.27
Kochi,2025-11,700000,Metronidazole,Nitroimidazole,Narrow,0,1072,9.93,76.27
Kochi,2025-11,700000,Cotrimoxazole,Sulfonamide combination,Broad,1,884,9.93,76.27
Kochi,2025-11,700000,Meropenem,Carbapenem,Very Broad,0,74,9.93,76.27
Kochi,2025-12,700000,Amoxicillin,Penicillin,Narrow,0,1765,9.93,76.27
Kochi,2025-12,700000,Amoxicillin-Clavulanate,Penicillin + beta-lactamase inhibitor,Broad,1,2581,9.93,76.27
Kochi,2025-12,700000,Azithromycin,Macrolide,Broad,0,2291,9.93,76.27
Kochi,2025-12,700000,Cefixime,Cephalosporin,Broad,0,1320,9.93,76.27
Kochi,2025-12,700000,Ceftriaxone,Cephalosporin,Broad,0,561,9.93,76.27
Kochi,2025-12,700000,Ciprofloxacin,Fluoroquinolone,Broad,0,1452,9.93,76.27
Kochi,2025-12,700000,Doxycycline,Tetracycline,Broad,0,1227,9.93,76.27
Kochi,2025-12,700000,Metronidazole,Nitroimidazole,Narrow,0,1042,9.93,76.27
Kochi,2025-12,700000,Cotrimoxazole,Sulfonamide combination,Broad,1,1036,9.93,76.27
Kochi,2025-12,700000,Meropenem,Carbapenem,Very Broad,0,67,9.93,76.27
Visakhapatnam,2024-01,2000000,Amoxicillin,Penicillin,Narrow,0,4954,17.69,83.22
Visakhapatnam,2024-01,2000000,Amoxicillin-Clavulanate,Penicillin + beta-lactamase inhibitor,Broad,1,7869,17.69,83.22
Visakhapatnam,2024-01,2000000,Azithromycin,Macrolide,Broad,0,6310,17.69,83.22
Visakhapatnam,2024-01,2000000,Cefixime,Cephalosporin,Broad,0,4079,17.69,83.22
Visakhapatnam,2024-01,2000000,Ceftriaxone,Cephalosporin,Broad,0,1766,17.69,83.22
Visakhapatnam,2024-01,2000000,Ciprofloxacin,Fluoroquinolone,Broad,0,4764,17.69,83.22
Visakhapatnam,2024-01,2000000,Doxycycline,Tetracycline,Broad,0,3485,17.69,83.22
Visakhapatnam,2024-01,2000000,Metronidazole,Nitroimidazole,Narrow,0,3135,17.69,83.22
Visakhapatnam,2024-01,2000000,Cotrimoxazole,Sulfonamide combination,Broad,1,3120,17.69,83.22
Visakhapatnam,2024-01,2000000,Meropenem,Carbapenem,Very Broad,0,204,17.69,83.22
Visakhapatnam,2024-02,2000000,Amoxicillin,Penicillin,Narrow,0,5404,17.69,83.22
Visakhapatnam,2024-02,2000000,Amoxicillin-Clavulanate,Penicillin + beta-lactamase inhibitor,Broad,1,8547,17.69,83.22
Visakhapatnam,2024-02,2000000,Azithromycin,Macrolide,Broad,0,7680,17.69,83.22
Visakhapatnam,2024-02,2000000,Cefixime,Cephalosporin,Broad,0,4676,17.69,83.22
Visakhapatnam,2024-02,2000000,Ceftriaxone,Cephalosporin,Broad,0,1957,17.69,83.22
Visakhapatnam,2024-02,2000000,Ciprofloxacin,Fluoroquinolone,Broad,0,4662,17.69,83.22
Visakhapatnam,2024-02,2000000,Doxycycline,Tetracycline,Broad,0,2929,17.69,83.22
Visakhapatnam,2024-02,2000000,Metronidazole,Nitroimidazole,Narrow,0,3621,17.69,83.22
Visakhapatnam,2024-02,2000000,Cotrimoxazole,Sulfonamide combination,Broad,1,3382,17.69,83.22
Visakhapatnam,2024-02,2000000,Meropenem,Carbapenem,Very Broad,0,273,17.69,83.22
Visakhapatnam,2024-03,2000000,Amoxicillin,Penicillin,Narrow,0,4685,17.69,83.22
Visakhapatnam,2024-03,2000000,Amoxicillin-Clavulanate,Penicillin + beta-lactamase inhibitor,Broad,1,10307,17.69,83.22
Visakhapatnam,2024-03,2000000,Azithromycin,Macrolide,Broad,0,6917,17.69,83.22
Visakhapatnam,2024-03,2000000,Cefixime,Cephalosporin,Broad,0,4681,17.69,83.22
Visakhapatnam,2024-03,2000000,Ceftriaxone,Cephalosporin,Broad,0,2123,17.69,83.22
Visakhapatnam,2024-03,2000000,Ciprofloxacin,Fluoroquinolone,Broad,0,4671,17.69,83.22
Visakhapatnam,2024-03,2000000,Doxycycline,Tetracycline,Broad,0,4357,17.69,83.22
Visakhapatnam,2024-03,2000000,Metronidazole,Nitroimidazole,Narrow,0,3819,17.69,83.22
Visakhapatnam,2024-03,2000000,Cotrimoxazole,Sulfonamide combination,Broad,1,3761,17.69,83.22
Visakhapatnam,2024-03,2000000,Meropenem,Carbapenem,Very Broad,0,284,17.69,83.22
Visakhapatnam,2024-04,2000000,Amoxicillin,Penicillin,Narrow,0,5500,17.69,83.22
Visakhapatnam,2024-04,2000000,Amoxicillin-Clavulanate,Penicillin + beta-lactamase inhibitor,Broad,1,10694,17.69,83.22
Visakhapatnam,2024-04,2000000,Azithromycin,Macrolide,Broad,0,7382,17.69,83.22
Visakhapatnam,2024-04,2000000,Cefixime,Cephalosporin,Broad,0,5184,17.69,83.22
Visakhapatnam,2024-04,2000000,Ceftriaxone,Cephalosporin,Broad,0,2331,17.69,83.22
Visakhapatnam,2024-04,2000000,Ciprofloxacin,Fluoroquinolone,Broad,0,4802,17.69,83.22
Visakhapatnam,2024-04,2000000,Doxycycline,Tetracycline,Broad,0,3992,17.69,83.22
Visakhapatnam,2024-04,2000000,Metronidazole,Nitroimidazole,Narrow,0,4265,17.69,83.22
Visakhapatnam,2024-04,2000000,Cotrimoxazole,Sulfonamide combination,Broad,1,4259,17.69,83.22
Visakhapatnam,2024-04,2000000,Meropenem,Carbapenem,Very Broad,0,272,17.69,83.22
Visakhapatnam,2024-05,2000000,Amoxicillin,Penicillin,Narrow,0,5669,17.69,83.22
Visakhapatnam,2024-05,2000000,Amoxicillin-Clavulanate,Penicillin + beta-lactamase inhibitor,Broad,1,9861,17.69,83.22
Visakhapatnam,2024-05,2000000,Azithromycin,Macrolide,Broad,0,6915,17.69,83.22
Visakhapatnam,2024-05,2000000,Cefixime,Cephalosporin,Broad,0,4864,17.69,83.22
Visakhapatnam,2024-05,2000000,Ceftriaxone,Cephalosporin,Broad,0,2128,17.69,83.22
Visakhapatnam,2024-05,2000000,Ciprofloxacin,Fluoroquinolone,Broad,0,4699,17.69,83.22
Visakhapatnam,2024-05,2000000,Doxycycline,Tetracycline,Broad,0,3683,17.69,83.22
Visakhapatnam,2024-05,2000000,Metronidazole,Nitroimidazole,Narrow,0,3751,17.69,83.22
Visakhapatnam,2024-05,2000000,Cotrimoxazole,Sulfonamide combination,Broad,1,3727,17.69,83.22
Visakhapatnam,2024-05,2000000,Meropenem,Carbapenem,Very Broad,0,256,17.69,83.22
Visakhapatnam,2024-06,2000000,Amoxicillin,Penicillin,Narrow,0,5426,17.69,83.22
Visakhapatnam,2024-06,2000000,Amoxicillin-Clavulanate,Penicillin + beta-lactamase inhibitor,Broad,1,9770,17.69,83.22
Visakhapatnam,2024-06,2000000,Azithromycin,Macrolide,Broad,0,6362,17.69,83.22
Visakhapatnam,2024-06,2000000,Cefixime,Cephalosporin,Broad,0,5127,17.69,83.22
Visakhapatnam,2024-06,2000000,Ceftriaxone,Cephalosporin,Broad,0,2033,17.69,83.22
Visakhapatnam,2024-06,2000000,Ciprofloxacin,Fluoroquinolone,Broad,0,4157,17.69,83.22
Visakhapatnam,2024-06,2000000,Doxycycline,Tetracycline,Broad,0,3964,17.69,83.22
Visakhapatnam,2024-06,2000000,Metronidazole,Nitroimidazole,Narrow,0,3638,17.69,83.22
Visakhapatnam,2024-06,2000000,Cotrimoxazole,Sulfonamide combination,Broad,1,4274,17.69,83.22
Visakhapatnam,2024-06,2000000,Meropenem,Carbapenem,Very Broad,0,285,17.69,83.22
Visakhapatnam,2024-07,2000000,Amoxicillin,Penicillin,Narrow,0,4785,17.69,83.22
Visakhapatnam,2024-07,2000000,Amoxicillin-Clavulanate,Penicillin + beta-lactamase inhibitor,Broad,1,8622,17.69,83.22
Visakhapatnam,2024-07,2000000,Azithromycin,Macrolide,Broad,0,5645,17.69,83.22
Visakhapatnam,2024-07,2000000,Cefixime,Cephalosporin,Broad,0,3977,17.69,83.22
Visakhapatnam,2024-07,2000000,Ceftriaxone,Cephalosporin,Broad,0,1781,17.69,83.22
Visakhapatnam,2024-07,2000000,Ciprofloxacin,Fluoroquinolone,Broad,0,4304,17.69,83.22
Visakhapatnam,2024-07,2000000,Doxycycline,Tetracycline,Broad,0,2996,17.69,83.22
Visakhapatnam,2024-07,2000000,Metronidazole,Nitroimidazole,Narrow,0,3277,17.69,83.22
Visakhapatnam,2024-07,2000000,Cotrimoxazole,Sulfonamide combination,Broad,1,3284,17.69,83.22
Visakhapatnam,2024-07,2000000,Meropenem,Carbapenem,Very Broad,0,237,17.69,83.22
Visakhapatnam,2024-08,2000000,Amoxicillin,Penicillin,Narrow,0,4321,17.69,83.22
Visakhapatnam,2024-08,2000000,Amoxicillin-Clavulanate,Penicillin + beta-lactamase inhibitor,Broad,1,8794,17.69,83.22
Visakhapatnam,2024-08,2000000,Azithromycin,Macrolide,Broad,0,6004,17.69,83.22
Visakhapatnam,2024-08,2000000,Cefixime,Cephalosporin,Broad,0,4073,17.69,83.22
Visakhapatnam,2024-08,2000000,Ceftriaxone,Cephalosporin,Broad,0,1763,17.69,83.22
Visakhapatnam,2024-08,2000000,Ciprofloxacin,Fluoroquinolone,Broad,0,4007,17.69,83.22
Visakhapatnam,2024-08,2000000,Doxycycline,Tetracycline,Broad,0,3117,17.69,83.22
Visakhapatnam,2024-08,2000000,Metronidazole,Nitroimidazole,Narrow,0,3039,17.69,83.22
Visakhapatnam,2024-08,2000000,Cotrimoxazole,Sulfonamide combination,Broad,1,3291,17.69,83.22
Visakhapatnam,2024-08,2000000,Meropenem,Carbapenem,Very Broad,0,214,17.69,83.22
Visakhapatnam,2024-09,2000000,Amoxicillin,Penicillin,Narrow,0,4237,17.69,83.22
Visakhapatnam,2024-09,2000000,Amoxicillin-Clavulanate,Penicillin + beta-lactamase inhibitor,Broad,1,7424,17.69,83.22
Visakhapatnam,2024-09,2000000,Azithromycin,Macrolide,Broad,0,4724,17.69,83.22
Visakhapatnam,2024-09,2000000,Cefixime,Cephalosporin,Broad,0,4036,17.69,83.22
Visakhapatnam,2024-09,2000000,Ceftriaxone,Cephalosporin,Broad,0,1797,17.69,83.22
Visakhapatnam,2024-09,2000000,Ciprofloxacin,Fluoroquinolone,Broad,0,3953,17.69,83.22
Visakhapatnam,2024-09,2000000,Doxycycline,Tetracycline,Broad,0,3675,17.69,83.22
Visakhapatnam,2024-09,2000000,Metronidazole,Nitroimidazole,Narrow,0,3382,17.69,83.22
Visakhapatnam,2024-09,2000000,Cotrimoxazole,Sulfonamide combination,Broad,1,3205,17.69,83.22
Visakhapatnam,2024-09,2000000,Meropenem,Carbapenem,Very Broad,0,253,17.69,83.22
Visakhapatnam,2024-10,2000000,Amoxicillin,Penicillin,Narrow,0,4262,17.69,83.22
Visakhapatnam,2024-10,2000000,Amoxicillin-Clavulanate,Penicillin + beta-lactamase inhibitor,Broad,1,8028,17.69,83.22
Visakhapatnam,2024-10,2000000,Azithromycin,Macrolide,Broad,0,5450,17.69,83.22
Visakhapatnam,2024-10,2000000,Cefixime,Cephalosporin,Broad,0,4093,17.69,83.22
Visakhapatnam,2024-10,2000000,Ceftriaxone,Cephalosporin,Broad,0,1610,17.69,83.22
Visakhapatnam,2024-10,2000000,Ciprofloxacin,Fluoroquinolone,Broad,0,3949,17.69,83.22
Visakhapatnam,2024-10,2000000,Doxycycline,Tetracycline,Broad,0,3004,17.69,83.22
Visakhapatnam,2024-10,2000000,Metronidazole,Nitroimidazole,Narrow,0,2905,17.69,83.22
Visakhapatnam,2024-10,2000000,Cotrimoxazole,Sulfonamide combination,Broad,1,3030,17.69,83.22
Visakhapatnam,2024-10,2000000,Meropenem,Carbapenem,Very Broad,0,210,17.69,83.22
Visakhapatnam,2024-11,2000000,Amoxicillin,Penicillin,Narrow,0,3785,17.69,83.22
Visakhapatnam,2024-11,2000000,Amoxicillin-Clavulanate,Penicillin + beta-lactamase inhibitor,Broad,1,6700,17.69,83.22
Visakhapatnam,2024-11,2000000,Azithromycin,Macrolide,Broad,0,5390,17.69,83.22
Visakhapatnam,2024-11,2000000,Cefixime,Cephalosporin,Broad,0,4165,17.69,83.22
Visakhapatnam,2024-11,2000000,Ceftriaxone,Cephalosporin,Broad,0,1711,17.69,83.22
Visakhapatnam,2024-11,2000000,Ciprofloxacin,Fluoroquinolone,Broad,0,4120,17.69,83.22
Visakhapatnam,2024-11,2000000,Doxycycline,Tetracycline,Broad,0,3319,17.69,83.22
Visakhapatnam,2024-11,2000000,Metronidazole,Nitroimidazole,Narrow,0,3338,17.69,83.22
Visakhapatnam,2024-11,2000000,Cotrimoxazole,Sulfonamide combination,Broad,1,3011,17.69,83.22
Visakhapatnam,2024-11,2000000,Meropenem,Carbapenem,Very Broad,0,212,17.69,83.22
Visakhapatnam,2024-12,2000000,Amoxicillin,Penicillin,Narrow,0,4780,17.69,83.22
Visakhapatnam,2024-12,2000000,Amoxicillin-Clavulanate,Penicillin + beta-lactamase inhibitor,Broad,1,8419,17.69,83.22
Visakhapatnam,2024-12,2000000,Azithromycin,Macrolide,Broad,0,6918,17.69,83.22
Visakhapatnam,2024-12,2000000,Cefixime,Cephalosporin,Broad,0,3605,17.69,83.22
Visakhapatnam,2024-12,2000000,Ceftriaxone,Cephalosporin,Broad,0,1783,17.69,83.22
Visakhapatnam,2024-12,2000000,Ciprofloxacin,Fluoroquinolone,Broad,0,4036,17.69,83.22
Visakhapatnam,2024-12,2000000,Doxycycline,Tetracycline,Broad,0,3696,17.69,83.22
Visakhapatnam,2024-12,2000000,Metronidazole,Nitroimidazole,Narrow,0,3635,17.69,83.22
Visakhapatnam,2024-12,2000000,Cotrimoxazole,Sulfonamide combination,Broad,1,2867,17.69,83.22
Visakhapatnam,2024-12,2000000,Meropenem,Carbapenem,Very Broad,0,256,17.69,83.22
Visakhapatnam,2025-01,2000000,Amoxicillin,Penicillin,Narrow,0,4295,17.69,83.22
Visakhapatnam,2025-01,2000000,Amoxicillin-Clavulanate,Penicillin + beta-lactamase inhibitor,Broad,1,8360,17.69,83.22
Visakhapatnam,2025-01,2000000,Azithromycin,Macrolide,Broad,0,6439,17.69,83.22
Visakhapatnam,2025-01,2000000,Cefixime,Cephalosporin,Broad,0,4037,17.69,83.22
Visakhapatnam,2025-01,2000000,Ceftriaxone,Cephalosporin,Broad,0,1997,17.69,83.22
Visakhapatnam,2025-01,2000000,Ciprofloxacin,Fluoroquinolone,Broad,0,4537,17.69,83.22
Visakhapatnam,2025-01,2000000,Doxycycline,Tetracycline,Broad,0,3836,17.69,83.22
Visakhapatnam,2025-01,2000000,Metronidazole,Nitroimidazole,Narrow,0,3305,17.69,83.22
Visakhapatnam,2025-01,2000000,Cotrimoxazole,Sulfonamide combination,Broad,1,3333,17.69,83.22
Visakhapatnam,2025-01,2000000,Meropenem,Carbapenem,Very Broad,0,240,17.69,83.22
Visakhapatnam,2025-02,2000000,Amoxicillin,Penicillin,Narrow,0,3931,17.69,83.22
Visakhapatnam,2025-02,2000000,Amoxicillin-Clavulanate,Penicillin + beta-lactamase inhibitor,Broad,1,8911,17.69,83.22
Visakhapatnam,2025-02,2000000,Azithromycin,Macrolide,Broad,0,7141,17.69,83.22
Visakhapatnam,2025-02,2000000,Cefixime,Cephalosporin,Broad,0,4591,17.69,83.22
Visakhapatnam,2025-02,2000000,Ceftriaxone,Cephalosporin,Broad,0,2042,17.69,83.22
Visakhapatnam,2025-02,2000000,Ciprofloxacin,Fluoroquinolone,Broad,0,4675,17.69,83.22
Visakhapatnam,2025-02,2000000,Doxycycline,Tetracycline,Broad,0,3695,17.69,83.22
Visakhapatnam,2025-02,2000000,Metronidazole,Nitroimidazole,Narrow,0,3648,17.69,83.22
Visakhapatnam,2025-02,2000000,Cotrimoxazole,Sulfonamide combination,Broad,1,3949,17.69,83.22
Visakhapatnam,2025-02,2000000,Meropenem,Carbapenem,Very Broad,0,265,17.69,83.22
Visakhapatnam,2025-03,2000000,Amoxicillin,Penicillin,Narrow,0,5088,17.69,83.22
Visakhapatnam,2025-03,2000000,Amoxicillin-Clavulanate,Penicillin + beta-lactamase inhibitor,Broad,1,9776,17.69,83.22
Visakhapatnam,2025-03,2000000,Azithromycin,Macrolide,Broad,0,6263,17.69,83.22
Visakhapatnam,2025-03,2000000,Cefixime,Cephalosporin,Broad,0,5304,17.69,83.22
Visakhapatnam,2025-03,2000000,Ceftriaxone,Cephalosporin,Broad,0,2064,17.69,83.22
Visakhapatnam,2025-03,2000000,Ciprofloxacin,Fluoroquinolone,Broad,0,5300,17.69,83.22
Visakhapatnam,2025-03,2000000,Doxycycline,Tetracycline,Broad,0,4164,17.69,83.22
Visakhapatnam,2025-03,2000000,Metronidazole,Nitroimidazole,Narrow,0,4076,17.69,83.22
Visakhapatnam,2025-03,2000000,Cotrimoxazole,Sulfonamide combination,Broad,1,3551,17.69,83.22
Visakhapatnam,2025-03,2000000,Meropenem,Carbapenem,Very Broad,0,267,17.69,83.22
Visakhapatnam,2025-04,2000000,Amoxicillin,Penicillin,Narrow,0,4938,17.69,83.22
Visakhapatnam,2025-04,2000000,Amoxicillin-Clavulanate,Penicillin + beta-lactamase inhibitor,Broad,1,10803,17.69,83.22
Visakhapatnam,2025-04,2000000,Azithromycin,Macrolide,Broad,0,7943,17.69,83.22
Visakhapatnam,2025-04,2000000,Cefixime,Cephalosporin,Broad,0,4736,17.69,83.22
Visakhapatnam,2025-04,2000000,Ceftriaxone,Cephalosporin,Broad,0,2085,17.69,83.22
Visakhapatnam,2025-04,2000000,Ciprofloxacin,Fluoroquinolone,Broad,0,4866,17.69,83.22
Visakhapatnam,2025-04,2000000,Doxycycline,Tetracycline,Broad,0,4208,17.69,83.22
Visakhapatnam,2025-04,2000000,Metronidazole,Nitroimidazole,Narrow,0,3291,17.69,83.22
Visakhapatnam,2025-04,2000000,Cotrimoxazole,Sulfonamide combination,Broad,1,3413,17.69,83.22
Visakhapatnam,2025-04,2000000,Meropenem,Carbapenem,Very Broad,0,288,17.69,83.22
Visakhapatnam,2025-05,2000000,Amoxicillin,Penicillin,Narrow,0,4967,17.69,83.22
Visakhapatnam,2025-05,2000000,Amoxicillin-Clavulanate,Penicillin + beta-lactamase inhibitor,Broad,1,9758,17.69,83.22
Visakhapatnam,2025-05,2000000,Azithromycin,Macrolide,Broad,0,7107,17.69,83.22
Visakhapatnam,2025-05,2000000,Cefixime,Cephalosporin,Broad,0,5031,17.69,83.22
Visakhapatnam,2025-05,2000000,Ceftriaxone,Cephalosporin,Broad,0,2061,17.69,83.22
Visakhapatnam,2025-05,2000000,Ciprofloxacin,Fluoroquinolone,Broad,0,5107,17.69,83.22
Visakhapatnam,2025-05,2000000,Doxycycline,Tetracycline,Broad,0,4040,17.69,83.22
Visakhapatnam,2025-05,2000000,Metronidazole,Nitroimidazole,Narrow,0,3557,17.69,83.22
Visakhapatnam,2025-05,2000000,Cotrimoxazole,Sulfonamide combination,Broad,1,3798,17.69,83.22
Visakhapatnam,2025-05,2000000,Meropenem,Carbapenem,Very Broad,0,279,17.69,83.22
Visakhapatnam,2025-06,2000000,Amoxicillin,Penicillin,Narrow,0,5305,17.69,83.22
Visakhapatnam,2025-06,2000000,Amoxicillin-Clavulanate,Penicillin + beta-lactamase inhibitor,Broad,1,10687,17.69,83.22
Visakhapatnam,2025-06,2000000,Azithromycin,Macrolide,Broad,0,6458,17.69,83.22
Visakhapatnam,2025-06,2000000,Cefixime,Cephalosporin,Broad,0,4856,17.69,83.22
Visakhapatnam,2025-06,2000000,Ceftriaxone,Cephalosporin,Broad,0,2069,17.69,83.22
Visakhapatnam,2025-06,2000000,Ciprofloxacin,Fluoroquinolone,Broad,0,4722,17.69,83.22
Visakhapatnam,2025-06,2000000,Doxycycline,Tetracycline,Broad,0,3634,17.69,83.22
Visakhapatnam,2025-06,2000000,Metronidazole,Nitroimidazole,Narrow,0,3989,17.69,83.22
Visakhapatnam,2025-06,2000000,Cotrimoxazole,Sulfonamide combination,Broad,1,4103,17.69,83.22
Visakhapatnam,2025-06,2000000,Meropenem,Carbapenem,Very Broad,0,268,17.69,83.22
Visakhapatnam,2025-07,2000000,Amoxicillin,Penicillin,Narrow,0,4824,17.69,83.22
Visakhapatnam,2025-07,2000000,Amoxicillin-Clavulanate,Penicillin + beta-lactamase inhibitor,Broad,1,9524,17.69,83.22
Visakhapatnam,2025-07,2000000,Azithromycin,Macrolide,Broad,0,5675,17.69,83.22
Visakhapatnam,2025-07,2000000,Cefixime,Cephalosporin,Broad,0,4677,17.69,83.22
Visakhapatnam,2025-07,2000000,Ceftriaxone,Cephalosporin,Broad,0,1962,17.69,83.22
Visakhapatnam,2025-07,2000000,Ciprofloxacin,Fluoroquinolone,Broad,0,4675,17.69,83.22
Visakhapatnam,2025-07,2000000,Doxycycline,Tetracycline,Broad,0,3504,17.69,83.22
Visakhapatnam,2025-07,2000000,Metronidazole,Nitroimidazole,Narrow,0,2804,17.69,83.22
Visakhapatnam,2025-07,2000000,Cotrimoxazole,Sulfonamide combination,Broad,1,3262,17.69,83.22
Visakhapatnam,2025-07,2000000,Meropenem,Carbapenem,Very Broad,0,253,17.69,83.22
Visakhapatnam,2025-08,2000000,Amoxicillin,Penicillin,Narrow,0,5056,17.69,83.22
Visakhapatnam,2025-08,2000000,Amoxicillin-Clavulanate,Penicillin + beta-lactamase inhibitor,Broad,1,8746,17.69,83.22
Visakhapatnam,2025-08,2000000,Azithromycin,Macrolide,Broad,0,5998,17.69,83.22
Visakhapatnam,2025-08,2000000,Cefixime,Cephalosporin,Broad,0,4421,17.69,83.22
Visakhapatnam,2025-08,2000000,Ceftriaxone,Cephalosporin,Broad,0,1999,17.69,83.22
Visakhapatnam,2025-08,2000000,Ciprofloxacin,Fluoroquinolone,Broad,0,4000,17.69,83.22
Visakhapatnam,2025-08,2000000,Doxycycline,Tetracycline,Broad,0,3410,17.69,83.22
Visakhapatnam,2025-08,2000000,Metronidazole,Nitroimidazole,Narrow,0,2998,17.69,83.22
Visakhapatnam,2025-08,2000000,Cotrimoxazole,Sulfonamide combination,Broad,1,3643,17.69,83.22
Visakhapatnam,2025-08,2000000,Meropenem,Carbapenem,Very Broad,0,243,17.69,83.22
Visakhapatnam,2025-09,2000000,Amoxicillin,Penicillin,Narrow,0,4263,17.69,83.22
Visakhapatnam,2025-09,2000000,Amoxicillin-Clavulanate,Penicillin + beta-lactamase inhibitor,Broad,1,8181,17.69,83.22
Visakhapatnam,2025-09,2000000,Azithromycin,Macrolide,Broad,0,5655,17.69,83.22
Visakhapatnam,2025-09,2000000,Cefixime,Cephalosporin,Broad,0,4039,17.69,83.22
Visakhapatnam,2025-09,2000000,Ceftriaxone,Cephalosporin,Broad,0,1667,17.69,83.22
Visakhapatnam,2025-09,2000000,Ciprofloxacin,Fluoroquinolone,Broad,0,4075,17.69,83.22
Visakhapatnam,2025-09,2000000,Doxycycline,Tetracycline,Broad,0,3185,17.69,83.22
Visakhapatnam,2025-09,2000000,Metronidazole,Nitroimidazole,Narrow,0,3021,17.69,83.22
Visakhapatnam,2025-09,2000000,Cotrimoxazole,Sulfonamide combination,Broad,1,2785,17.69,83.22
Visakhapatnam,2025-09,2000000,Meropenem,Carbapenem,Very Broad,0,224,17.69,83.22
Visakhapatnam,2025-10,2000000,Amoxicillin,Penicillin,Narrow,0,4141,17.69,83.22
Visakhapatnam,2025-10,2000000,Amoxicillin-Clavulanate,Penicillin + beta-lactamase inhibitor,Broad,1,7947,17.69,83.22
Visakhapatnam,2025-10,2000000,Azithromycin,Macrolide,Broad,0,6164,17.69,83.22
Visakhapatnam,2025-10,2000000,Cefixime,Cephalosporin,Broad,0,4385,17.69,83.22
Visakhapatnam,2025-10,2000000,Ceftriaxone,Cephalosporin,Broad,0,1808,17.69,83.22
Visakhapatnam,2025-10,2000000,Ciprofloxacin,Fluoroquinolone,Broad,0,3863,17.69,83.22
Visakhapatnam,2025-10,2000000,Doxycycline,Tetracycline,Broad,0,3102,17.69,83.22
Visakhapatnam,2025-10,2000000,Metronidazole,Nitroimidazole,Narrow,0,2844,17.69,83.22
Visakhapatnam,2025-10,2000000,Cotrimoxazole,Sulfonamide combination,Broad,1,2939,17.69,83.22
Visakhapatnam,2025-10,2000000,Meropenem,Carbapenem,Very Broad,0,221,17.69,83.22
Visakhapatnam,2025-11,2000000,Amoxicillin,Penicillin,Narrow,0,4337,17.69,83.22
Visakhapatnam,2025-11,2000000,Amoxicillin-Clavulanate,Penicillin + beta-lactamase inhibitor,Broad,1,7374,17.69,83.22
Visakhapatnam,2025-11,2000000,Azithromycin,Macrolide,Broad,0,5289,17.69,83.22
Visakhapatnam,2025-11,2000000,Cefixime,Cephalosporin,Broad,0,4488,17.69,83.22
Visakhapatnam,2025-11,2000000,Ceftriaxone,Cephalosporin,Broad,0,1699,17.69,83.22
Visakhapatnam,2025-11,2000000,Ciprofloxacin,Fluoroquinolone,Broad,0,3743,17.69,83.22
Visakhapatnam,2025-11,2000000,Doxycycline,Tetracycline,Broad,0,3019,17.69,83.22
Visakhapatnam,2025-11,2000000,Metronidazole,Nitroimidazole,Narrow,0,3231,17.69,83.22
Visakhapatnam,2025-11,2000000,Cotrimoxazole,Sulfonamide combination,Broad,1,3445,17.69,83.22
Visakhapatnam,2025-11,2000000,Meropenem,Carbapenem,Very Broad,0,218,17.69,83.22
Visakhapatnam,2025-12,2000000,Amoxicillin,Penicillin,Narrow,0,4863,17.69,83.22
Visakhapatnam,2025-12,2000000,Amoxicillin-Clavulanate,Penicillin + beta-lactamase inhibitor,Broad,1,7354,17.69,83.22
Visakhapatnam,2025-12,2000000,Azithromycin,Macrolide,Broad,0,7407,17.69,83.22
Visakhapatnam,2025-12,2000000,Cefixime,Cephalosporin,Broad,0,5289,17.69,83.22
Visakhapatnam,2025-12,2000000,Ceftriaxone,Cephalosporin,Broad,0,1484,17.69,83.22
Visakhapatnam,2025-12,2000000,Ciprofloxacin,Fluoroquinolone,Broad,0,4191,17.69,83.22
Visakhapatnam,2025-12,2000000,Doxycycline,Tetracycline,Broad,0,3289,17.69,83.22
Visakhapatnam,2025-12,2000000,Metronidazole,Nitroimidazole,Narrow,0,3208,17.69,83.22
Visakhapatnam,2025-12,2000000,Cotrimoxazole,Sulfonamide combination,Broad,1,3238,17.69,83.22
Visakhapatnam,2025-12,2000000,Meropenem,Carbapenem,Very Broad,0,254,17.69,83.22
Bhopal,2024-01,2500000,Amoxicillin,Penicillin,Narrow,0,5430,23.26,77.41
Bhopal,2024-01,2500000,Amoxicillin-Clavulanate,Penicillin + beta-lactamase inhibitor,Broad,1,10048,23.26,77.41
Bhopal,2024-01,2500000,Azithromycin,Macrolide,Broad,0,8354,23.26,77.41
Bhopal,2024-01,2500000,Cefixime,Cephalosporin,Broad,0,5079,23.26,77.41
Bhopal,2024-01,2500000,Ceftriaxone,Cephalosporin,Broad,0,2036,23.26,77.41
Bhopal,2024-01,2500000,Ciprofloxacin,Fluoroquinolone,Broad,0,6051,23.26,77.41
Bhopal,2024-01,2500000,Doxycycline,Tetracycline,Broad,0,4126,23.26,77.41
Bhopal,2024-01,2500000,Metronidazole,Nitroimidazole,Narrow,0,4195,23.26,77.41
Bhopal,2024-01,2500000,Cotrimoxazole,Sulfonamide combination,Broad,1,3880,23.26,77.41
Bhopal,2024-01,2500000,Meropenem,Carbapenem,Very Broad,0,301,23.26,77.41
Bhopal,2024-02,2500000,Amoxicillin,Penicillin,Narrow,0,6447,23.26,77.41
Bhopal,2024-02,2500000,Amoxicillin-Clavulanate,Penicillin + beta-lactamase inhibitor,Broad,1,10029,23.26,77.41
Bhopal,2024-02,2500000,Azithromycin,Macrolide,Broad,0,7737,23.26,77.41
Bhopal,2024-02,2500000,Cefixime,Cephalosporin,Broad,0,5864,23.26,77.41
Bhopal,2024-02,2500000,Ceftriaxone,Cephalosporin,Broad,0,2468,23.26,77.41
Bhopal,2024-02,2500000,Ciprofloxacin,Fluoroquinolone,Broad,0,4972,23.26,77.41
Bhopal,2024-02,2500000,Doxycycline,Tetracycline,Broad,0,4990,23.26,77.41
Bhopal,2024-02,2500000,Metronidazole,Nitroimidazole,Narrow,0,4127,23.26,77.41
Bhopal,2024-02,2500000,Cotrimoxazole,Sulfonamide combination,Broad,1,4944,23.26,77.41
Bhopal,2024-02,2500000,Meropenem,Carbapenem,Very Broad,0,364,23.26,77.41
Bhopal,2024-03,2500000,Amoxicillin,Penicillin,Narrow,0,6589,23.26,77.41
Bhopal,2024-03,2500000,Amoxicillin-Clavulanate,Penicillin + beta-lactamase inhibitor,Broad,1,10483,23.26,77.41
Bhopal,2024-03,2500000,Azithromycin,Macrolide,Broad,0,9128,23.26,77.41
Bhopal,2024-03,2500000,Cefixime,Cephalosporin,Broad,0,5974,23.26,77.41
Bhopal,2024-03,2500000,Ceftriaxone,Cephalosporin,Broad,0,2375,23.26,77.41
Bhopal,2024-03,2500000,Ciprofloxacin,Fluoroquinolone,Broad,0,5734,23.26,77.41
Bhopal,2024-03,2500000,Doxycycline,Tetracycline,Broad,0,4659,23.26,77.41
Bhopal,2024-03,2500000,Metronidazole,Nitroimidazole,Narrow,0,4526,23.26,77.41
Bhopal,2024-03,2500000,Cotrimoxazole,Sulfonamide combination,Broad,1,4861,23.26,77.41
Bhopal,2024-03,2500000,Meropenem,Carbapenem,Very Broad,0,308,23.26,77.41
Bhopal,2024-04,2500000,Amoxicillin,Penicillin,Narrow,0,5858,23.26,77.41
Bhopal,2024-04,2500000,Amoxicillin-Clavulanate,Penicillin + beta-lactamase inhibitor,Broad,1,13689,23.26,77.41
Bhopal,2024-04,2500000,Azithromycin,Macrolide,Broad,0,8201,23.26,77.41
Bhopal,2024-04,2500000,Cefixime,Cephalosporin,Broad,0,6437,23.26,77.41
Bhopal,2024-04,2500000,Ceftriaxone,Cephalosporin,Broad,0,2584,23.26,77.41
Bhopal,2024-04,2500000,Ciprofloxacin,Fluoroquinolone,Broad,0,5923,23.26,77.41
Bhopal,2024-04,2500000,Doxycycline,Tetracycline,Broad,0,5308,23.26,77.41
Bhopal,2024-04,2500000,Metronidazole,Nitroimidazole,Narrow,0,5263,23.26,77.41
Bhopal,2024-04,2500000,Cotrimoxazole,Sulfonamide combination,Broad,1,5225,23.26,77.41
Bhopal,2024-04,2500000,Meropenem,Carbapenem,Very Broad,0,334,23.26,77.41
Bhopal,2024-05,2500000,Amoxicillin,Penicillin,Narrow,0,6022,23.26,77.41
Bhopal,2024-05,2500000,Amoxicillin-Clavulanate,Penicillin + beta-lactamase inhibitor,Broad,1,10878,23.26,77.41
Bhopal,2024-05,2500000,Azithromycin,Macrolide,Broad,0,7764,23.26,77.41
Bhopal,2024-05,2500000,Cefixime,Cephalosporin,Broad,0,6062,23.26,77.41
Bhopal,2024-05,2500000,Ceftriaxone,Cephalosporin,Broad,0,2660,23.26,77.41
Bhopal,2024-05,2500000,Ciprofloxacin,Fluoroquinolone,Broad,0,5071,23.26,77.41
Bhopal,2024-05,2500000,Doxycycline,Tetracycline,Broad,0,4858,23.26,77.41
Bhopal,2024-05,2500000,Metronidazole,Nitroimidazole,Narrow,0,5182,23.26,77.41
Bhopal,2024-05,2500000,Cotrimoxazole,Sulfonamide combination,Broad,1,5005,23.26,77.41
Bhopal,2024-05,2500000,Meropenem,Carbapenem,Very Broad,0,318,23.26,77.41
Bhopal,2024-06,2500000,Amoxicillin,Penicillin,Narrow,0,6356,23.26,77.41
Bhopal,2024-06,2500000,Amoxicillin-Clavulanate,Penicillin + beta-lactamase inhibitor,Broad,1,9050,23.26,77.41
Bhopal,2024-06,2500000,Azithromycin,Macrolide,Broad,0,8608,23.26,77.41
Bhopal,2024-06,2500000,Cefixime,Cephalosporin,Broad,0,5839,23.26,77.41
Bhopal,2024-06,2500000,Ceftriaxone,Cephalosporin,Broad,0,2812,23.26,77.41
Bhopal,2024-06,2500000,Ciprofloxacin,Fluoroquinolone,Broad,0,4879,23.26,77.41
Bhopal,2024-06,2500000,Doxycycline,Tetracycline,Broad,0,4933,23.26,77.41
Bhopal,2024-06,2500000,Metronidazole,Nitroimidazole,Narrow,0,4435,23.26,77.41
Bhopal,2024-06,2500000,Cotrimoxazole,Sulfonamide combination,Broad,1,4196,23.26,77.41
Bhopal,2024-06,2500000,Meropenem,Carbapenem,Very Broad,0,279,23.26,77.41
Bhopal,2024-07,2500000,Amoxicillin,Penicillin,Narrow,0,6168,23.26,77.41
Bhopal,2024-07,2500000,Amoxicillin-Clavulanate,Penicillin + beta-lactamase inhibitor,Broad,1,12049,23.26,77.41
Bhopal,2024-07,2500000,Azithromycin,Macrolide,Broad,0,8199,23.26,77.41
Bhopal,2024-07,2500000,Cefixime,Cephalosporin,Broad,0,5456,23.26,77.41
Bhopal,2024-07,2500000,Ceftriaxone,Cephalosporin,Broad,0,2200,23.26,77.41
Bhopal,2024-07,2500000,Ciprofloxacin,Fluoroquinolone,Broad,0,4840,23.26,77.41
Bhopal,2024-07,2500000,Doxycycline,Tetracycline,Broad,0,4932,23.26,77.41
Bhopal,2024-07,2500000,Metronidazole,Nitroimidazole,Narrow,0,4020,23.26,77.41
Bhopal,2024-07,2500000,Cotrimoxazole,Sulfonamide combination,Broad,1,4638,23.26,77.41
Bhopal,2024-07,2500000,Meropenem,Carbapenem,Very Broad,0,313,23.26,77.41
Bhopal,2024-08,2500000,Amoxicillin,Penicillin,Narrow,0,5430,23.26,77.41
Bhopal,2024-08,2500000,Amoxicillin-Clavulanate,Penicillin + beta-lactamase inhibitor,Broad,1,10390,23.26,77.41
Bhopal,2024-08,2500000,Azithromycin,Macrolide,Broad,0,7210,23.26,77.41
Bhopal,2024-08,2500000,Cefixime,Cephalosporin,Broad,0,5217,23.26,77.41
Bhopal,2024-08,2500000,Ceftriaxone,Cephalosporin,Broad,0,2352,23.26,77.41
Bhopal,2024-08,2500000,Ciprofloxacin,Fluoroquinolone,Broad,0,5013,23.26,77.41
Bhopal,2024-08,2500000,Doxycycline,Tetracycline,Broad,0,3923,23.26,77.41
Bhopal,2024-08,2500000,Metronidazole,Nitroimidazole,Narrow,0,4224,23.26,77.41
Bhopal,2024-08,2500000,Cotrimoxazole,Sulfonamide combination,Broad,1,3870,23.26,77.41
Bhopal,2024-08,2500000,Meropenem,Carbapenem,Very Broad,0,291,23.26,77.41
Bhopal,2024-09,2500000,Amoxicillin,Penicillin,Narrow,0,4841,23.26,77.41
Bhopal,2024-09,2500000,Amoxicillin-Clavulanate,Penicillin + beta-lactamase inhibitor,Broad,1,10510,23.26,77.41
Bhopal,2024-09,2500000,Azithromycin,Macrolide,Broad,0,7783,23.26,77.41
Bhopal,2024-09,2500000,Cefixime,Cephalosporin,Broad,0,5429,23.26,77.41
Bhopal,2024-09,2500000,Ceftriaxone,Cephalosporin,Broad,0,2060,23.26,77.41
Bhopal,2024-09,2500000,Ciprofloxacin,Fluoroquinolone,Broad,0,4701,23.26,77.41
Bhopal,2024-09,2500000,Doxycycline,Tetracycline,Broad,0,4371,23.26,77.41
Bhopal,2024-09,2500000,Metronidazole,Nitroimidazole,Narrow,0,3769,23.26,77.41
Bhopal,2024-09,2500000,Cotrimoxazole,Sulfonamide combination,Broad,1,3480,23.26,77.41
Bhopal,2024-09,2500000,Meropenem,Carbapenem,Very Broad,0,302,23.26,77.41
Bhopal,2024-10,2500000,Amoxicillin,Penicillin,Narrow,0,5948,23.26,77.41
Bhopal,2024-10,2500000,Amoxicillin-Clavulanate,Penicillin + beta-lactamase inhibitor,Broad,1,8257,23.26,77.41
Bhopal,2024-10,2500000,Azithromycin,Macrolide,Broad,0,7330,23.26,77.41
Bhopal,2024-10,2500000,Cefixime,Cephalosporin,Broad,0,5818,23.26,77.41
Bhopal,2024-10,2500000,Ceftriaxone,Cephalosporin,Broad,0,2103,23.26,77.41
Bhopal,2024-10,2500000,Ciprofloxacin,Fluoroquinolone,Broad,0,4662,23.26,77.41
Bhopal,2024-10,2500000,Doxycycline,Tetracycline,Broad,0,3574,23.26,77.41
Bhopal,2024-10,2500000,Metronidazole,Nitroimidazole,Narrow,0,4129,23.26,77.41
Bhopal,2024-10,2500000,Cotrimoxazole,Sulfonamide combination,Broad,1,3415,23.26,77.41
Bhopal,2024-10,2500000,Meropenem,Carbapenem,Very Broad,0,260,23.26,77.41
Bhopal,2024-11,2500000,Amoxicillin,Penicillin,Narrow,0,5942,23.26,77.41
Bhopal,2024-11,2500000,Amoxicillin-Clavulanate,Penicillin + beta-lactamase inhibitor,Broad,1,10076,23.26,77.41
Bhopal,2024-11,2500000,Azithromycin,Macrolide,Broad,0,7247,23.26,77.41
Bhopal,2024-11,2500000,Cefixime,Cephalosporin,Broad,0,4643,23.26,77.41
Bhopal,2024-11,2500000,Ceftriaxone,Cephalosporin,Broad,0,2362,23.26,77.41
Bhopal,2024-11,2500000,Ciprofloxacin,Fluoroquinolone,Broad,0,4669,23.26,77.41
Bhopal,2024-11,2500000,Doxycycline,Tetracycline,Broad,0,3626,23.26,77.41
Bhopal,2024-11,2500000,Metronidazole,Nitroimidazole,Narrow,0,3358,23.26,77.41
Bhopal,2024-11,2500000,Cotrimoxazole,Sulfonamide combination,Broad,1,3466,23.26,77.41
Bhopal,2024-11,2500000,Meropenem,Carbapenem,Very Broad,0,235,23.26,77.41
Bhopal,2024-12,2500000,Amoxicillin,Penicillin,Narrow,0,5873,23.26,77.41
Bhopal,2024-12,2500000,Amoxicillin-Clavulanate,Penicillin + beta-lactamase inhibitor,Broad,1,9664,23.26,77.41
Bhopal,2024-12,2500000,Azithromycin,Macrolide,Broad,0,7975,23.26,77.41
Bhopal,2024-12,2500000,Cefixime,Cephalosporin,Broad,0,5087,23.26,77.41
Bhopal,2024-12,2500000,Ceftriaxone,Cephalosporin,Broad,0,2252,23.26,77.41
Bhopal,2024-12,2500000,Ciprofloxacin,Fluoroquinolone,Broad,0,5812,23.26,77.41
Bhopal,2024-12,2500000,Doxycycline,Tetracycline,Broad,0,4074,23.26,77.41
Bhopal,2024-12,2500000,Metronidazole,Nitroimidazole,Narrow,0,4162,23.26,77.41
Bhopal,2024-12,2500000,Cotrimoxazole,Sulfonamide combination,Broad,1,3448,23.26,77.41
Bhopal,2024-12,2500000,Meropenem,Carbapenem,Very Broad,0,314,23.26,77.41
Bhopal,2025-01,2500000,Amoxicillin,Penicillin,Narrow,0,6346,23.26,77.41
Bhopal,2025-01,2500000,Amoxicillin-Clavulanate,Penicillin + beta-lactamase inhibitor,Broad,1,10662,23.26,77.41
Bhopal,2025-01,2500000,Azithromycin,Macrolide,Broad,0,8680,23.26,77.41
Bhopal,2025-01,2500000,Cefixime,Cephalosporin,Broad,0,6041,23.26,77.41
Bhopal,2025-01,2500000,Ceftriaxone,Cephalosporin,Broad,0,2315,23.26,77.41
Bhopal,2025-01,2500000,Ciprofloxacin,Fluoroquinolone,Broad,0,5877,23.26,77.41
Bhopal,2025-01,2500000,Doxycycline,Tetracycline,Broad,0,4219,23.26,77.41
Bhopal,2025-01,2500000,Metronidazole,Nitroimidazole,Narrow,0,4528,23.26,77.41
Bhopal,2025-01,2500000,Cotrimoxazole,Sulfonamide combination,Broad,1,4104,23.26,77.41
Bhopal,2025-01,2500000,Meropenem,Carbapenem,Very Broad,0,312,23.26,77.41
Bhopal,2025-02,2500000,Amoxicillin,Penicillin,Narrow,0,6226,23.26,77.41
Bhopal,2025-02,2500000,Amoxicillin-Clavulanate,Penicillin + beta-lactamase inhibitor,Broad,1,10653,23.26,77.41
Bhopal,2025-02,2500000,Azithromycin,Macrolide,Broad,0,8911,23.26,77.41
Bhopal,2025-02,2500000,Cefixime,Cephalosporin,Broad,0,6145,23.26,77.41
Bhopal,2025-02,2500000,Ceftriaxone,Cephalosporin,Broad,0,2449,23.26,77.41
Bhopal,2025-02,2500000,Ciprofloxacin,Fluoroquinolone,Broad,0,5761,23.26,77.41
Bhopal,2025-02,2500000,Doxycycline,Tetracycline,Broad,0,4812,23.26,77.41
Bhopal,2025-02,2500000,Metronidazole,Nitroimidazole,Narrow,0,4303,23.26,77.41
Bhopal,2025-02,2500000,Cotrimoxazole,Sulfonamide combination,Broad,1,4508,23.26,77.41
Bhopal,2025-02,2500000,Meropenem,Carbapenem,Very Broad,0,302,23.26,77.41
Bhopal,2025-03,2500000,Amoxicillin,Penicillin,Narrow,0,7006,23.26,77.41
Bhopal,2025-03,2500000,Amoxicillin-Clavulanate,Penicillin + beta-lactamase inhibitor,Broad,1,13053,23.26,77.41
Bhopal,2025-03,2500000,Azithromycin,Macrolide,Broad,0,10047,23.26,77.41
Bhopal,2025-03,2500000,Cefixime,Cephalosporin,Broad,0,5597,23.26,77.41
Bhopal,2025-03,2500000,Ceftriaxone,Cephalosporin,Broad,0,2213,23.26,77.41
Bhopal,2025-03,2500000,Ciprofloxacin,Fluoroquinolone,Broad,0,6022,23.26,77.41
Bhopal,2025-03,2500000,Doxycycline,Tetracycline,Broad,0,4584,23.26,77.41
Bhopal,2025-03,2500000,Metronidazole,Nitroimidazole,Narrow,0,4637,23.26,77.41
Bhopal,2025-03,2500000,Cotrimoxazole,Sulfonamide combination,Broad,1,5102,23.26,77.41
Bhopal,2025-03,2500000,Meropenem,Carbapenem,Very Broad,0,382,23.26,77.41
Bhopal,2025-04,2500000,Amoxicillin,Penicillin,Narrow,0,6714,23.26,77.41
Bhopal,2025-04,2500000,Amoxicillin-Clavulanate,Penicillin + beta-lactamase inhibitor,Broad,1,12379,23.26,77.41
Bhopal,2025-04,2500000,Azithromycin,Macrolide,Broad,0,9174,23.26,77.41
Bhopal,2025-04,2500000,Cefixime,Cephalosporin,Broad,0,6231,23.26,77.41
Bhopal,2025-04,2500000,Ceftriaxone,Cephalosporin,Broad,0,2982,23.26,77.41
Bhopal,2025-04,2500000,Ciprofloxacin,Fluoroquinolone,Broad,0,6076,23.26,77.41
Bhopal,2025-04,2500000,Doxycycline,Tetracycline,Broad,0,5714,23.26,77.41
Bhopal,2025-04,2500000,Metronidazole,Nitroimidazole,Narrow,0,4460,23.26,77.41
Bhopal,2025-04,2500000,Cotrimoxazole,Sulfonamide combination,Broad,1,5129,23.26,77.41
Bhopal,2025-04,2500000,Meropenem,Carbapenem,Very Broad,0,346,23.26,77.41
Bhopal,2025-05,2500000,Amoxicillin,Penicillin,Narrow,0,6760,23.26,77.41
Bhopal,2025-05,2500000,Amoxicillin-Clavulanate,Penicillin + beta-lactamase inhibitor,Broad,1,12096,23.26,77.41
Bhopal,2025-05,2500000,Azithromycin,Macrolide,Broad,0,6998,23.26,77.41
Bhopal,2025-05,2500000,Cefixime,Cephalosporin,Broad,0,4970,23.26,77.41
Bhopal,2025-05,2500000,Ceftriaxone,Cephalosporin,Broad,0,2945,23.26,77.41
Bhopal,2025-05,2500000,Ciprofloxacin,Fluoroquinolone,Broad,0,6655,23.26,77.41
Bhopal,2025-05,2500000,Doxycycline,Tetracycline,Broad,0,5728,23.26,77.41
Bhopal,2025-05,2500000,Metronidazole,Nitroimidazole,Narrow,0,4687,23.26,77.41
Bhopal,2025-05,2500000,Cotrimoxazole,Sulfonamide combination,Broad,1,4390,23.26,77.41
Bhopal,2025-05,2500000,Meropenem,Carbapenem,Very Broad,0,337,23.26,77.41
Bhopal,2025-06,2500000,Amoxicillin,Penicillin,Narrow,0,5761,23.26,77.41
Bhopal,2025-06,2500000,Amoxicillin-Clavulanate,Penicillin + beta-lactamase inhibitor,Broad,1,13384,23.26,77.41
Bhopal,2025-06,2500000,Azithromycin,Macrolide,Broad,0,9730,23.26,77.41
Bhopal,2025-06,2500000,Cefixime,Cephalosporin,Broad,0,6444,23.26,77.41
Bhopal,2025-06,2500000,Ceftriaxone,Cephalosporin,Broad,0,2590,23.26,77.41
Bhopal,2025-06,2500000,Ciprofloxacin,Fluoroquinolone,Broad,0,5305,23.26,77.41
Bhopal,2025-06,2500000,Doxycycline,Tetracycline,Broad,0,5400,23.26,77.41
Bhopal,2025-06,2500000,Metronidazole,Nitroimidazole,Narrow,0,4558,23.26,77.41
Bhopal,2025-06,2500000,Cotrimoxazole,Sulfonamide combination,Broad,1,4578,23.26,77.41
Bhopal,2025-06,2500000,Meropenem,Carbapenem,Very Broad,0,347,23.26,77.41
Bhopal,2025-07,2500000,Amoxicillin,Penicillin,Narrow,0,5976,23.26,77.41
Bhopal,2025-07,2500000,Amoxicillin-Clavulanate,Penicillin + beta-lactamase inhibitor,Broad,1,9873,23.26,77.41
Bhopal,2025-07,2500000,Azithromycin,Macrolide,Broad,0,8437,23.26,77.41
Bhopal,2025-07,2500000,Cefixime,Cephalosporin,Broad,0,5798,23.26,77.41
Bhopal,2025-07,2500000,Ceftriaxone,Cephalosporin,Broad,0,2647,23.26,77.41
Bhopal,2025-07,2500000,Ciprofloxacin,Fluoroquinolone,Broad,0,5436,23.26,77.41
Bhopal,2025-07,2500000,Doxycycline,Tetracycline,Broad,0,4499,23.26,77.41
Bhopal,2025-07,2500000,Metronidazole,Nitroimidazole,Narrow,0,3908,23.26,77.41
Bhopal,2025-07,2500000,Cotrimoxazole,Sulfonamide combination,Broad,1,4597,23.26,77.41
Bhopal,2025-07,2500000,Meropenem,Carbapenem,Very Broad,0,292,23.26,77.41
Bhopal,2025-08,2500000,Amoxicillin,Penicillin,Narrow,0,5603,23.26,77.41
Bhopal,2025-08,2500000,Amoxicillin-Clavulanate,Penicillin + beta-lactamase inhibitor,Broad,1,10475,23.26,77.41
Bhopal,2025-08,2500000,Azithromycin,Macrolide,Broad,0,6466,23.26,77.41
Bhopal,2025-08,2500000,Cefixime,Cephalosporin,Broad,0,5416,23.26,77.41
Bhopal,2025-08,2500000,Ceftriaxone,Cephalosporin,Broad,0,2433,23.26,77.41
Bhopal,2025-08,2500000,Ciprofloxacin,Fluoroquinolone,Broad,0,5057,23.26,77.41
Bhopal,2025-08,2500000,Doxycycline,Tetracycline,Broad,0,4214,23.26,77.41
Bhopal,2025-08,2500000,Metronidazole,Nitroimidazole,Narrow,0,4124,23.26,77.41
Bhopal,2025-08,2500000,Cotrimoxazole,Sulfonamide combination,Broad,1,4039,23.26,77.41
Bhopal,2025-08,2500000,Meropenem,Carbapenem,Very Broad,0,270,23.26,77.41
Bhopal,2025-09,2500000,Amoxicillin,Penicillin,Narrow,0,5786,23.26,77.41
Bhopal,2025-09,2500000,Amoxicillin-Clavulanate,Penicillin + beta-lactamase inhibitor,Broad,1,9175,23.26,77.41
Bhopal,2025-09,2500000,Azithromycin,Macrolide,Broad,0,7046,23.26,77.41
Bhopal,2025-09,2500000,Cefixime,Cephalosporin,Broad,0,4744,23.26,77.41
Bhopal,2025-09,2500000,Ceftriaxone,Cephalosporin,Broad,0,2361,23.26,77.41
Bhopal,2025-09,2500000,Ciprofloxacin,Fluoroquinolone,Broad,0,4964,23.26,77.41
Bhopal,2025-09,2500000,Doxycycline,Tetracycline,Broad,0,3854,23.26,77.41
Bhopal,2025-09,2500000,Metronidazole,Nitroimidazole,Narrow,0,3943,23.26,77.41
Bhopal,2025-09,2500000,Cotrimoxazole,Sulfonamide combination,Broad,1,3560,23.26,77.41
Bhopal,2025-09,2500000,Meropenem,Carbapenem,Very Broad,0,259,23.26,77.41
Bhopal,2025-10,2500000,Amoxicillin,Penicillin,Narrow,0,4862,23.26,77.41
Bhopal,2025-10,2500000,Amoxicillin-Clavulanate,Penicillin + beta-lactamase inhibitor,Broad,1,10557,23.26,77.41
Bhopal,2025-10,2500000,Azithromycin,Macrolide,Broad,0,6812,23.26,77.41
Bhopal,2025-10,2500000,Cefixime,Cephalosporin,Broad,0,5325,23.26,77.41
Bhopal,2025-10,2500000,Ceftriaxone,Cephalosporin,Broad,0,2009,23.26,77.41
Bhopal,2025-10,2500000,Ciprofloxacin,Fluoroquinolone,Broad,0,5136,23.26,77.41
Bhopal,2025-10,2500000,Doxycycline,Tetracycline,Broad,0,3694,23.26,77.41
Bhopal,2025-10,2500000,Metronidazole,Nitroimidazole,Narrow,0,3855,23.26,77.41
Bhopal,2025-10,2500000,Cotrimoxazole,Sulfonamide combination,Broad,1,3779,23.26,77.41
Bhopal,2025-10,2500000,Meropenem,Carbapenem,Very Broad,0,319,23.26,77.41
Bhopal,2025-11,2500000,Amoxicillin,Penicillin,Narrow,0,5164,23.26,77.41
Bhopal,2025-11,2500000,Amoxicillin-Clavulanate,Penicillin + beta-lactamase inhibitor,Broad,1,10694,23.26,77.41
Bhopal,2025-11,2500000,Azithromycin,Macrolide,Broad,0,8880,23.26,77.41
Bhopal,2025-11,2500000,Cefixime,Cephalosporin,Broad,0,4701,23.26,77.41
Bhopal,2025-11,2500000,Ceftriaxone,Cephalosporin,Broad,0,2090,23.26,77.41
Bhopal,2025-11,2500000,Ciprofloxacin,Fluoroquinolone,Broad,0,4968,23.26,77.41
Bhopal,2025-11,2500000,Doxycycline,Tetracycline,Broad,0,4035,23.26,77.41
Bhopal,2025-11,2500000,Metronidazole,Nitroimidazole,Narrow,0,3832,23.26,77.41
Bhopal,2025-11,2500000,Cotrimoxazole,Sulfonamide combination,Broad,1,3605,23.26,77.41
Bhopal,2025-11,2500000,Meropenem,Carbapenem,Very Broad,0,317,23.26,77.41
Bhopal,2025-12,2500000,Amoxicillin,Penicillin,Narrow,0,5523,23.26,77.41
Bhopal,2025-12,2500000,Amoxicillin-Clavulanate,Penicillin + beta-lactamase inhibitor,Broad,1,11247,23.26,77.41
Bhopal,2025-12,2500000,Azithromycin,Macrolide,Broad,0,7961,23.26,77.41
Bhopal,2025-12,2500000,Cefixime,Cephalosporin,Broad,0,5120,23.26,77.41
Bhopal,2025-12,2500000,Ceftriaxone,Cephalosporin,Broad,0,2069,23.26,77.41
Bhopal,2025-12,2500000,Ciprofloxacin,Fluoroquinolone,Broad,0,5129,23.26,77.41
Bhopal,2025-12,2500000,Doxycycline,Tetracycline,Broad,0,4054,23.26,77.41
Bhopal,2025-12,2500000,Metronidazole,Nitroimidazole,Narrow,0,4141,23.26,77.41
Bhopal,2025-12,2500000,Cotrimoxazole,Sulfonamide combination,Broad,1,3666,23.26,77.41
Bhopal,2025-12,2500000,Meropenem,Carbapenem,Very Broad,0,312,23.26,77.41
Indore,2024-01,3500000,Amoxicillin,Penicillin,Narrow,0,8440,22.72,75.86
Indore,2024-01,3500000,Amoxicillin-Clavulanate,Penicillin + beta-lactamase inhibitor,Broad,1,17750,22.72,75.86
Indore,2024-01,3500000,Azithromycin,Macrolide,Broad,0,11632,22.72,75.86
Indore,2024-01,3500000,Cefixime,Cephalosporin,Broad,0,7881,22.72,75.86
Indore,2024-01,3500000,Ceftriaxone,Cephalosporin,Broad,0,3330,22.72,75.86
Indore,2024-01,3500000,Ciprofloxacin,Fluoroquinolone,Broad,0,7758,22.72,75.86
Indore,2024-01,3500000,Doxycycline,Tetracycline,Broad,0,6438,22.72,75.86
Indore,2024-01,3500000,Metronidazole,Nitroimidazole,Narrow,0,5675,22.72,75.86
Indore,2024-01,3500000,Cotrimoxazole,Sulfonamide combination,Broad,1,5338,22.72,75.86
Indore,2024-01,3500000,Meropenem,Carbapenem,Very Broad,0,431,22.72,75.86
Indore,2024-02,3500000,Amoxicillin,Penicillin,Narrow,0,8873,22.72,75.86
Indore,2024-02,3500000,Amoxicillin-Clavulanate,Penicillin + beta-lactamase inhibitor,Broad,1,18885,22.72,75.86
Indore,2024-02,3500000,Azithromycin,Macrolide,Broad,0,14574,22.72,75.86
Indore,2024-02,3500000,Cefixime,Cephalosporin,Broad,0,9405,22.72,75.86
Indore,2024-02,3500000,Ceftriaxone,Cephalosporin,Broad,0,4092,22.72,75.86
Indore,2024-02,3500000,Ciprofloxacin,Fluoroquinolone,Broad,0,8888,22.72,75.86
Indore,2024-02,3500000,Doxycycline,Tetracycline,Broad,0,7809,22.72,75.86
Indore,2024-02,3500000,Metronidazole,Nitroimidazole,Narrow,0,7274,22.72,75.86
Indore,2024-02,3500000,Cotrimoxazole,Sulfonamide combination,Broad,1,7292,22.72,75.86
Indore,2024-02,3500000,Meropenem,Carbapenem,Very Broad,0,510,22.72,75.86
Indore,2024-03,3500000,Amoxicillin,Penicillin,Narrow,0,9079,22.72,75.86
Indore,2024-03,3500000,Amoxicillin-Clavulanate,Penicillin + beta-lactamase inhibitor,Broad,1,18982,22.72,75.86
Indore,2024-03,3500000,Azithromycin,Macrolide,Broad,0,12835,22.72,75.86
Indore,2024-03,3500000,Cefixime,Cephalosporin,Broad,0,10466,22.72,75.86
Indore,2024-03,3500000,Ceftriaxone,Cephalosporin,Broad,0,3994,22.72,75.86
Indore,2024-03,3500000,Ciprofloxacin,Fluoroquinolone,Broad,0,8950,22.72,75.86
Indore,2024-03,3500000,Doxycycline,Tetracycline,Broad,0,6537,22.72,75.86
Indore,2024-03,3500000,Metronidazole,Nitroimidazole,Narrow,0,7163,22.72,75.86
Indore,2024-03,3500000,Cotrimoxazole,Sulfonamide combination,Broad,1,7887,22.72,75.86
Indore,2024-03,3500000,Meropenem,Carbapenem,Very Broad,0,495,22.72,75.86
Indore,2024-04,3500000,Amoxicillin,Penicillin,Narrow,0,9582,22.72,75.86
Indore,2024-04,3500000,Amoxicillin-Clavulanate,Penicillin + beta-lactamase inhibitor,Broad,1,18813,22.72,75.86
Indore,2024-04,3500000,Azithromycin,Macrolide,Broad,0,14725,22.72,75.86
Indore,2024-04,3500000,Cefixime,Cephalosporin,Broad,0,8200,22.72,75.86
Indore,2024-04,3500000,Ceftriaxone,Cephalosporin,Broad,0,4345,22.72,75.86
Indore,2024-04,3500000,Ciprofloxacin,Fluoroquinolone,Broad,0,8419,22.72,75.86
Indore,2024-04,3500000,Doxycycline,Tetracycline,Broad,0,6994,22.72,75.86
Indore,2024-04,3500000,Metronidazole,Nitroimidazole,Narrow,0,6075,22.72,75.86
Indore,2024-04,3500000,Cotrimoxazole,Sulfonamide combination,Broad,1,6527,22.72,75.86
Indore,2024-04,3500000,Meropenem,Carbapenem,Very Broad,0,521,22.72,75.86
Indore,2024-05,3500000,Amoxicillin,Penicillin,Narrow,0,9610,22.72,75.86
Indore,2024-05,3500000,Amoxicillin-Clavulanate,Penicillin + beta-lactamase inhibitor,Broad,1,16463,22.72,75.86
Indore,2024-05,3500000,Azithromycin,Macrolide,Broad,0,18676,22.72,75.86
Indore,2024-05,3500000,Cefixime,Cephalosporin,Broad,0,9744,22.72,75.86
Indore,2024-05,3500000,Ceftriaxone,Cephalosporin,Broad,0,3769,22.72,75.86
Indore,2024-05,3500000,Ciprofloxacin,Fluoroquinolone,Broad,0,8796,22.72,75.86
Indore,2024-05,3500000,Doxycycline,Tetracycline,Broad,0,6414,22.72,75.86
Indore,2024-05,3500000,Metronidazole,Nitroimidazole,Narrow,0,6264,22.72,75.86
Indore,2024-05,3500000,Cotrimoxazole,Sulfonamide combination,Broad,1,6709,22.72,75.86
Indore,2024-05,3500000,Meropenem,Carbapenem,Very Broad,0,445,22.72,75.86
Indore,2024-06,3500000,Amoxicillin,Penicillin,Narrow,0,8689,22.72,75.86
Indore,2024-06,3500000,Amoxicillin-Clavulanate,Penicillin + beta-lactamase inhibitor,Broad,1,16786,22.72,75.86
Indore,2024-06,3500000,Azithromycin,Macrolide,Broad,0,11661,22.72,75.86
Indore,2024-06,3500000,Cefixime,Cephalosporin,Broad,0,8528,22.72,75.86
Indore,2024-06,3500000,Ceftriaxone,Cephalosporin,Broad,0,3876,22.72,75.86
Indore,2024-06,3500000,Ciprofloxacin,Fluoroquinolone,Broad,0,8535,22.72,75.86
Indore,2024-06,3500000,Doxycycline,Tetracycline,Broad,0,7615,22.72,75.86
Indore,2024-06,3500000,Metronidazole,Nitroimidazole,Narrow,0,11127,22.72,75.86
Indore,2024-06,3500000,Cotrimoxazole,Sulfonamide combination,Broad,1,7578,22.72,75.86
Indore,2024-06,3500000,Meropenem,Carbapenem,Very Broad,0,481,22.72,75.86
Indore,2024-07,3500000,Amoxicillin,Penicillin,Narrow,0,9426,22.72,75.86
Indore,2024-07,3500000,Amoxicillin-Clavulanate,Penicillin + beta-lactamase inhibitor,Broad,1,16076,22.72,75.86
Indore,2024-07,3500000,Azithromycin,Macrolide,Broad,0,10310,22.72,75.86
Indore,2024-07,3500000,Cefixime,Cephalosporin,Broad,0,7975,22.72,75.86
Indore,2024-07,3500000,Ceftriaxone,Cephalosporin,Broad,0,3197,22.72,75.86
Indore,2024-07,3500000,Ciprofloxacin,Fluoroquinolone,Broad,0,8718,22.72,75.86
Indore,2024-07,3500000,Doxycycline,Tetracycline,Broad,0,7610,22.72,75.86
Indore,2024-07,3500000,Metronidazole,Nitroimidazole,Narrow,0,6153,22.72,75.86
Indore,2024-07,3500000,Cotrimoxazole,Sulfonamide combination,Broad,1,6868,22.72,75.86
Indore,2024-07,3500000,Meropenem,Carbapenem,Very Broad,0,498,22.72,75.86
Indore,2024-08,3500000,Amoxicillin,Penicillin,Narrow,0,8291,22.72,75.86
Indore,2024-08,3500000,Amoxicillin-Clavulanate,Penicillin + beta-lactamase inhibitor,Broad,1,17124,22.72,75.86
Indore,2024-08,3500000,Azithromycin,Macrolide,Broad,0,13120,22.72,75.86
Indore,2024-08,3500000,Cefixime,Cephalosporin,Broad,0,9070,22.72,75.86
Indore,2024-08,3500000,Ceftriaxone,Cephalosporin,Broad,0,3668,22.72,75.86
Indore,2024-08,3500000,Ciprofloxacin,Fluoroquinolone,Broad,0,8063,22.72,75.86
Indore,2024-08,3500000,Doxycycline,Tetracycline,Broad,0,7094,22.72,75.86
Indore,2024-08,3500000,Metronidazole,Nitroimidazole,Narrow,0,6210,22.72,75.86
Indore,2024-08,3500000,Cotrimoxazole,Sulfonamide combination,Broad,1,6261,22.72,75.86
Indore,2024-08,3500000,Meropenem,Carbapenem,Very Broad,0,454,22.72,75.86
Indore,2024-09,3500000,Amoxicillin,Penicillin,Narrow,0,7830,22.72,75.86
Indore,2024-09,3500000,Amoxicillin-Clavulanate,Penicillin + beta-lactamase inhibitor,Broad,1,14063,22.72,75.86
Indore,2024-09,3500000,Azithromycin,Macrolide,Broad,0,11042,22.72,75.86
Indore,2024-09,3500000,Cefixime,Cephalosporin,Broad,0,8478,22.72,75.86
Indore,2024-09,3500000,Ceftriaxone,Cephalosporin,Broad,0,3714,22.72,75.86
Indore,2024-09,3500000,Ciprofloxacin,Fluoroquinolone,Broad,0,8323,22.72,75.86
Indore,2024-09,3500000,Doxycycline,Tetracycline,Broad,0,6389,22.72,75.86
Indore,2024-09,3500000,Metronidazole,Nitroimidazole,Narrow,0,5404,22.72,75.86
Indore,2024-09,3500000,Cotrimoxazole,Sulfonamide combination,Broad,1,6643,22.72,75.86
Indore,2024-09,3500000,Meropenem,Carbapenem,Very Broad,0,407,22.72,75.86
Indore,2024-10,3500000,Amoxicillin,Penicillin,Narrow,0,7688,22.72,75.86
Indore,2024-10,3500000,Amoxicillin-Clavulanate,Penicillin + beta-lactamase inhibitor,Broad,1,15912,22.72,75.86
Indore,2024-10,3500000,Azithromycin,Macrolide,Broad,0,9530,22.72,75.86
Indore,2024-10,3500000,Cefixime,Cephalosporin,Broad,0,7517,22.72,75.86
Indore,2024-10,3500000,Ceftriaxone,Cephalosporin,Broad,0,3103,22.72,75.86
Indore,2024-10,3500000,Ciprofloxacin,Fluoroquinolone,Broad,0,7327,22.72,75.86
Indore,2024-10,3500000,Doxycycline,Tetracycline,Broad,0,6412,22.72,75.86
Indore,2024-10,3500000,Metronidazole,Nitroimidazole,Narrow,0,4912,22.72,75.86
Indore,2024-10,3500000,Cotrimoxazole,Sulfonamide combination,Broad,1,5964,22.72,75.86
Indore,2024-10,3500000,Meropenem,Carbapenem,Very Broad,0,440,22.72,75.86
Indore,2024-11,3500000,Amoxicillin,Penicillin,Narrow,0,7558,22.72,75.86
Indore,2024-11,3500000,Amoxicillin-Clavulanate,Penicillin + beta-lactamase inhibitor,Broad,1,15507,22.72,75.86
Indore,2024-11,3500000,Azithromycin,Macrolide,Broad,0,11331,22.72,75.86
Indore,2024-11,3500000,Cefixime,Cephalosporin,Broad,0,8068,22.72,75.86
Indore,2024-11,3500000,Ceftriaxone,Cephalosporin,Broad,0,3357,22.72,75.86
Indore,2024-11,3500000,Ciprofloxacin,Fluoroquinolone,Broad,0,6763,22.72,75.86
Indore,2024-11,3500000,Doxycycline,Tetracycline,Broad,0,6459,22.72,75.86
Indore,2024-11,3500000,Metronidazole,Nitroimidazole,Narrow,0,6040,22.72,75.86
Indore,2024-11,3500000,Cotrimoxazole,Sulfonamide combination,Broad,1,5989,22.72,75.86
Indore,2024-11,3500000,Meropenem,Carbapenem,Very Broad,0,373,22.72,75.86
Indore,2024-12,3500000,Amoxicillin,Penicillin,Narrow,0,8089,22.72,75.86
Indore,2024-12,3500000,Amoxicillin-Clavulanate,Penicillin + beta-lactamase inhibitor,Broad,1,15546,22.72,75.86
Indore,2024-12,3500000,Azithromycin,Macrolide,Broad,0,12286,22.72,75.86
Indore,2024-12,3500000,Cefixime,Cephalosporin,Broad,0,7133,22.72,75.86
Indore,2024-12,3500000,Ceftriaxone,Cephalosporin,Broad,0,3376,22.72,75.86
Indore,2024-12,3500000,Ciprofloxacin,Fluoroquinolone,Broad,0,7460,22.72,75.86
Indore,2024-12,3500000,Doxycycline,Tetracycline,Broad,0,5963,22.72,75.86
Indore,2024-12,3500000,Metronidazole,Nitroimidazole,Narrow,0,5807,22.72,75.86
Indore,2024-12,3500000,Cotrimoxazole,Sulfonamide combination,Broad,1,6187,22.72,75.86
Indore,2024-12,3500000,Meropenem,Carbapenem,Very Broad,0,434,22.72,75.86
Indore,2025-01,3500000,Amoxicillin,Penicillin,Narrow,0,8062,22.72,75.86
Indore,2025-01,3500000,Amoxicillin-Clavulanate,Penicillin + beta-lactamase inhibitor,Broad,1,17611,22.72,75.86
Indore,2025-01,3500000,Azithromycin,Macrolide,Broad,0,13252,22.72,75.86
Indore,2025-01,3500000,Cefixime,Cephalosporin,Broad,0,9227,22.72,75.86
Indore,2025-01,3500000,Ceftriaxone,Cephalosporin,Broad,0,3480,22.72,75.86
Indore,2025-01,3500000,Ciprofloxacin,Fluoroquinolone,Broad,0,8504,22.72,75.86
Indore,2025-01,3500000,Doxycycline,Tetracycline,Broad,0,6937,22.72,75.86
Indore,2025-01,3500000,Metronidazole,Nitroimidazole,Narrow,0,6400,22.72,75.86
Indore,2025-01,3500000,Cotrimoxazole,Sulfonamide combination,Broad,1,6775,22.72,75.86
Indore,2025-01,3500000,Meropenem,Carbapenem,Very Broad,0,505,22.72,75.86
Indore,2025-02,3500000,Amoxicillin,Penicillin,Narrow,0,8990,22.72,75.86
Indore,2025-02,3500000,Amoxicillin-Clavulanate,Penicillin + beta-lactamase inhibitor,Broad,1,18544,22.72,75.86
Indore,2025-02,3500000,Azithromycin,Macrolide,Broad,0,12839,22.72,75.86
Indore,2025-02,3500000,Cefixime,Cephalosporin,Broad,0,9293,22.72,75.86
Indore,2025-02,3500000,Ceftriaxone,Cephalosporin,Broad,0,4058,22.72,75.86
Indore,2025-02,3500000,Ciprofloxacin,Fluoroquinolone,Broad,0,7864,22.72,75.86
Indore,2025-02,3500000,Doxycycline,Tetracycline,Broad,0,7140,22.72,75.86
Indore,2025-02,3500000,Metronidazole,Nitroimidazole,Narrow,0,6306,22.72,75.86
Indore,2025-02,3500000,Cotrimoxazole,Sulfonamide combination,Broad,1,8184,22.72,75.86
Indore,2025-02,3500000,Meropenem,Carbapenem,Very Broad,0,533,22.72,75.86
Indore,2025-03,3500000,Amoxicillin,Penicillin,Narrow,0,9302,22.72,75.86
Indore,2025-03,3500000,Amoxicillin-Clavulanate,Penicillin + beta-lactamase inhibitor,Broad,1,20316,22.72,75.86
Indore,2025-03,3500000,Azithromycin,Macrolide,Broad,0,13941,22.72,75.86
Indore,2025-03,3500000,Cefixime,Cephalosporin,Broad,0,10178,22.72,75.86
Indore,2025-03,3500000,Ceftriaxone,Cephalosporin,Broad,0,4273,22.72,75.86
Indore,2025-03,3500000,Ciprofloxacin,Fluoroquinolone,Broad,0,8802,22.72,75.86
Indore,2025-03,3500000,Doxycycline,Tetracycline,Broad,0,6965,22.72,75.86
Indore,2025-03,3500000,Metronidazole,Nitroimidazole,Narrow,0,6239,22.72,75.86
Indore,2025-03,3500000,Cotrimoxazole,Sulfonamide combination,Broad,1,8517,22.72,75.86
Indore,2025-03,3500000,Meropenem,Carbapenem,Very Broad,0,538,22.72,75.86
Indore,2025-04,3500000,Amoxicillin,Penicillin,Narrow,0,9985,22.72,75.86
Indore,2025-04,3500000,Amoxicillin-Clavulanate,Penicillin + beta-lactamase inhibitor,Broad,1,21166,22.72,75.86
Indore,2025-04,3500000,Azithromycin,Macrolide,Broad,0,13162,22.72,75.86
Indore,2025-04,3500000,Cefixime,Cephalosporin,Broad,0,10898,22.72,75.86
Indore,2025-04,3500000,Ceftriaxone,Cephalosporin,Broad,0,3925,22.72,75.86
Indore,2025-04,3500000,Ciprofloxacin,Fluoroquinolone,Broad,0,9173,22.72,75.86
Indore,2025-04,3500000,Doxycycline,Tetracycline,Broad,0,10466,22.72,75.86
Indore,2025-04,3500000,Metronidazole,Nitroimidazole,Narrow,0,6071,22.72,75.86
Indore,2025-04,3500000,Cotrimoxazole,Sulfonamide combination,Broad,1,7770,22.72,75.86
Indore,2025-04,3500000,Meropenem,Carbapenem,Very Broad,0,522,22.72,75.86
Indore,2025-05,3500000,Amoxicillin,Penicillin,Narrow,0,9710,22.72,75.86
Indore,2025-05,3500000,Amoxicillin-Clavulanate,Penicillin + beta-lactamase inhibitor,Broad,1,20772,22.72,75.86
Indore,2025-05,3500000,Azithromycin,Macrolide,Broad,0,20344,22.72,75.86
Indore,2025-05,3500000,Cefixime,Cephalosporin,Broad,0,10159,22.72,75.86
Indore,2025-05,3500000,Ceftriaxone,Cephalosporin,Broad,0,4349,22.72,75.86
Indore,2025-05,3500000,Ciprofloxacin,Fluoroquinolone,Broad,0,9957,22.72,75.86
Indore,2025-05,3500000,Doxycycline,Tetracycline,Broad,0,7208,22.72,75.86
Indore,2025-05,3500000,Metronidazole,Nitroimidazole,Narrow,0,7325,22.72,75.86
Indore,2025-05,3500000,Cotrimoxazole,Sulfonamide combination,Broad,1,7846,22.72,75.86
Indore,2025-05,3500000,Meropenem,Carbapenem,Very Broad,0,536,22.72,75.86
Indore,2025-06,3500000,Amoxicillin,Penicillin,Narrow,0,9341,22.72,75.86
Indore,2025-06,3500000,Amoxicillin-Clavulanate,Penicillin + beta-lactamase inhibitor,Broad,1,18830,22.72,75.86
Indore,2025-06,3500000,Azithromycin,Macrolide,Broad,0,11819,22.72,75.86
Indore,2025-06,3500000,Cefixime,Cephalosporin,Broad,0,10456,22.72,75.86
Indore,2025-06,3500000,Ceftriaxone,Cephalosporin,Broad,0,3783,22.72,75.86
Indore,2025-06,3500000,Ciprofloxacin,Fluoroquinolone,Broad,0,8577,22.72,75.86
Indore,2025-06,3500000,Doxycycline,Tetracycline,Broad,0,7673,22.72,75.86
Indore,2025-06,3500000,Metronidazole,Nitroimidazole,Narrow,0,7413,22.72,75.86
Indore,2025-06,3500000,Cotrimoxazole,Sulfonamide combination,Broad,1,8920,22.72,75.86
Indore,2025-06,3500000,Meropenem,Carbapenem,Very Broad,0,562,22.72,75.86
Indore,2025-07,3500000,Amoxicillin,Penicillin,Narrow,0,8246,22.72,75.86
Indore,2025-07,3500000,Amoxicillin-Clavulanate,Penicillin + beta-lactamase inhibitor,Broad,1,18829,22.72,75.86
Indore,2025-07,3500000,Azithromycin,Macrolide,Broad,0,12522,22.72,75.86
Indore,2025-07,3500000,Cefixime,Cephalosporin,Broad,0,9284,22.72,75.86
Indore,2025-07,3500000,Ceftriaxone,Cephalosporin,Broad,0,3924,22.72,75.86
Indore,2025-07,3500000,Ciprofloxacin,Fluoroquinolone,Broad,0,8761,22.72,75.86
Indore,2025-07,3500000,Doxycycline,Tetracycline,Broad,0,6665,22.72,75.86
Indore,2025-07,3500000,Metronidazole,Nitroimidazole,Narrow,0,6075,22.72,75.86
Indore,2025-07,3500000,Cotrimoxazole,Sulfonamide combination,Broad,1,7791,22.72,75.86
Indore,2025-07,3500000,Meropenem,Carbapenem,Very Broad,0,485,22.72,75.86
Indore,2025-08,3500000,Amoxicillin,Penicillin,Narrow,0,7105,22.72,75.86
Indore,2025-08,3500000,Amoxicillin-Clavulanate,Penicillin + beta-lactamase inhibitor,Broad,1,16350,22.72,75.86
Indore,2025-08,3500000,Azithromycin,Macrolide,Broad,0,10766,22.72,75.86
Indore,2025-08,3500000,Cefixime,Cephalosporin,Broad,0,9500,22.72,75.86
Indore,2025-08,3500000,Ceftriaxone,Cephalosporin,Broad,0,3442,22.72,75.86
Indore,2025-08,3500000,Ciprofloxacin,Fluoroquinolone,Broad,0,7408,22.72,75.86
Indore,2025-08,3500000,Doxycycline,Tetracycline,Broad,0,6410,22.72,75.86
Indore,2025-08,3500000,Metronidazole,Nitroimidazole,Narrow,0,5874,22.72,75.86
Indore,2025-08,3500000,Cotrimoxazole,Sulfonamide combination,Broad,1,6314,22.72,75.86
Indore,2025-08,3500000,Meropenem,Carbapenem,Very Broad,0,445,22.72,75.86
Indore,2025-09,3500000,Amoxicillin,Penicillin,Narrow,0,7698,22.72,75.86
Indore,2025-09,3500000,Amoxicillin-Clavulanate,Penicillin + beta-lactamase inhibitor,Broad,1,16435,22.72,75.86
Indore,2025-09,3500000,Azithromycin,Macrolide,Broad,0,10379,22.72,75.86
Indore,2025-09,3500000,Cefixime,Cephalosporin,Broad,0,7502,22.72,75.86
Indore,2025-09,3500000,Ceftriaxone,Cephalosporin,Broad,0,3345,22.72,75.86
Indore,2025-09,3500000,Ciprofloxacin,Fluoroquinolone,Broad,0,7297,22.72,75.86
Indore,2025-09,3500000,Doxycycline,Tetracycline,Broad,0,5667,22.72,75.86
Indore,2025-09,3500000,Metronidazole,Nitroimidazole,Narrow,0,5223,22.72,75.86
Indore,2025-09,3500000,Cotrimoxazole,Sulfonamide combination,Broad,1,5093,22.72,75.86
Indore,2025-09,3500000,Meropenem,Carbapenem,Very Broad,0,493,22.72,75.86
Indore,2025-10,3500000,Amoxicillin,Penicillin,Narrow,0,8438,22.72,75.86
Indore,2025-10,3500000,Amoxicillin-Clavulanate,Penicillin + beta-lactamase inhibitor,Broad,1,15633,22.72,75.86
Indore,2025-10,3500000,Azithromycin,Macrolide,Broad,0,12177,22.72,75.86
Indore,2025-10,3500000,Cefixime,Cephalosporin,Broad,0,9500,22.72,75.86
Indore,2025-10,3500000,Ceftriaxone,Cephalosporin,Broad,0,4876,22.72,75.86
Indore,2025-10,3500000,Ciprofloxacin,Fluoroquinolone,Broad,0,8520,22.72,75.86
Indore,2025-10,3500000,Doxycycline,Tetracycline,Broad,0,5998,22.72,75.86
Indore,2025-10,3500000,Metronidazole,Nitroimidazole,Narrow,0,5046,22.72,75.86
Indore,2025-10,3500000,Cotrimoxazole,Sulfonamide combination,Broad,1,6264,22.72,75.86
Indore,2025-10,3500000,Meropenem,Carbapenem,Very Broad,0,465,22.72,75.86
Indore,2025-11,3500000,Amoxicillin,Penicillin,Narrow,0,7568,22.72,75.86
Indore,2025-11,3500000,Amoxicillin-Clavulanate,Penicillin + beta-lactamase inhibitor,Broad,1,17371,22.72,75.86
Indore,2025-11,3500000,Azithromycin,Macrolide,Broad,0,11582,22.72,75.86
Indore,2025-11,3500000,Cefixime,Cephalosporin,Broad,0,8205,22.72,75.86
Indore,2025-11,3500000,Ceftriaxone,Cephalosporin,Broad,0,3140,22.72,75.86
Indore,2025-11,3500000,Ciprofloxacin,Fluoroquinolone,Broad,0,7507,22.72,75.86
Indore,2025-11,3500000,Doxycycline,Tetracycline,Broad,0,6674,22.72,75.86
Indore,2025-11,3500000,Metronidazole,Nitroimidazole,Narrow,0,5480,22.72,75.86
Indore,2025-11,3500000,Cotrimoxazole,Sulfonamide combination,Broad,1,11426,22.72,75.86
Indore,2025-11,3500000,Meropenem,Carbapenem,Very Broad,0,442,22.72,75.86
Indore,2025-12,3500000,Amoxicillin,Penicillin,Narrow,0,8506,22.72,75.86
Indore,2025-12,3500000,Amoxicillin-Clavulanate,Penicillin + beta-lactamase inhibitor,Broad,1,18419,22.72,75.86
Indore,2025-12,3500000,Azithromycin,Macrolide,Broad,0,11594,22.72,75.86
Indore,2025-12,3500000,Cefixime,Cephalosporin,Broad,0,8126,22.72,75.86
Indore,2025-12,3500000,Ceftriaxone,Cephalosporin,Broad,0,3078,22.72,75.86
Indore,2025-12,3500000,Ciprofloxacin,Fluoroquinolone,Broad,0,7961,22.72,75.86
Indore,2025-12,3500000,Doxycycline,Tetracycline,Broad,0,6287,22.72,75.86
Indore,2025-12,3500000,Metronidazole,Nitroimidazole,Narrow,0,5708,22.72,75.86
Indore,2025-12,3500000,Cotrimoxazole,Sulfonamide combination,Broad,1,6838,22.72,75.86
Indore,2025-12,3500000,Meropenem,Carbapenem,Very Broad,0,491,22.72,75.86
Jabalpur,2024-01,1500000,Amoxicillin,Penicillin,Narrow,0,3119,23.18,79.95
Jabalpur,2024-01,1500000,Amoxicillin-Clavulanate,Penicillin + beta-lactamase inhibitor,Broad,1,5453,23.18,79.95
Jabalpur,2024-01,1500000,Azithromycin,Macrolide,Broad,0,4292,23.18,79.95
Jabalpur,2024-01,1500000,Cefixime,Cephalosporin,Broad,0,3241,23.18,79.95
Jabalpur,2024-01,1500000,Ceftriaxone,Cephalosporin,Broad,0,1181,23.18,79.95
Jabalpur,2024-01,1500000,Ciprofloxacin,Fluoroquinolone,Broad,0,2979,23.18,79.95
Jabalpur,2024-01,1500000,Doxycycline,Tetracycline,Broad,0,2556,23.18,79.95
Jabalpur,2024-01,1500000,Metronidazole,Nitroimidazole,Narrow,0,2670,23.18,79.95
Jabalpur,2024-01,1500000,Cotrimoxazole,Sulfonamide combination,Broad,1,2036,23.18,79.95
Jabalpur,2024-01,1500000,Meropenem,Carbapenem,Very Broad,0,158,23.18,79.95
Jabalpur,2024-02,1500000,Amoxicillin,Penicillin,Narrow,0,4048,23.18,79.95
Jabalpur,2024-02,1500000,Amoxicillin-Clavulanate,Penicillin + beta-lactamase inhibitor,Broad,1,5289,23.18,79.95
Jabalpur,2024-02,1500000,Azithromycin,Macrolide,Broad,0,4479,23.18,79.95
Jabalpur,2024-02,1500000,Cefixime,Cephalosporin,Broad,0,4074,23.18,79.95
Jabalpur,2024-02,1500000,Ceftriaxone,Cephalosporin,Broad,0,1374,23.18,79.95
Jabalpur,2024-02,1500000,Ciprofloxacin,Fluoroquinolone,Broad,0,2728,23.18,79.95
Jabalpur,2024-02,1500000,Doxycycline,Tetracycline,Broad,0,2503,23.18,79.95
Jabalpur,2024-02,1500000,Metronidazole,Nitroimidazole,Narrow,0,2090,23.18,79.95
Jabalpur,2024-02,1500000,Cotrimoxazole,Sulfonamide combination,Broad,1,2380,23.18,79.95
Jabalpur,2024-02,1500000,Meropenem,Carbapenem,Very Broad,0,181,23.18,79.95
Jabalpur,2024-03,1500000,Amoxicillin,Penicillin,Narrow,0,3621,23.18,79.95
Jabalpur,2024-03,1500000,Amoxicillin-Clavulanate,Penicillin + beta-lactamase inhibitor,Broad,1,6583,23.18,79.95
Jabalpur,2024-03,1500000,Azithromycin,Macrolide,Broad,0,4251,23.18,79.95
Jabalpur,2024-03,1500000,Cefixime,Cephalosporin,Broad,0,3138,23.18,79.95
Jabalpur,2024-03,1500000,Ceftriaxone,Cephalosporin,Broad,0,1426,23.18,79.95
Jabalpur,2024-03,1500000,Ciprofloxacin,Fluoroquinolone,Broad,0,3104,23.18,79.95
Jabalpur,2024-03,1500000,Doxycycline,Tetracycline,Broad,0,2649,23.18,79.95
Jabalpur,2024-03,1500000,Metronidazole,Nitroimidazole,Narrow,0,2471,23.18,79.95
Jabalpur,2024-03,1500000,Cotrimoxazole,Sulfonamide combination,Broad,1,2458,23.18,79.95
Jabalpur,2024-03,1500000,Meropenem,Carbapenem,Very Broad,0,174,23.18,79.95
Jabalpur,2024-04,1500000,Amoxicillin,Penicillin,Narrow,0,3879,23.18,79.95
Jabalpur,2024-04,1500000,Amoxicillin-Clavulanate,Penicillin + beta-lactamase inhibitor,Broad,1,6556,23.18,79.95
Jabalpur,2024-04,1500000,Azithromycin,Macrolide,Broad,0,4422,23.18,79.95
Jabalpur,2024-04,1500000,Cefixime,Cephalosporin,Broad,0,3730,23.18,79.95
Jabalpur,2024-04,1500000,Ceftriaxone,Cephalosporin,Broad,0,1461,23.18,79.95
Jabalpur,2024-04,1500000,Ciprofloxacin,Fluoroquinolone,Broad,0,3355,23.18,79.95
Jabalpur,2024-04,1500000,Doxycycline,Tetracycline,Broad,0,3017,23.18,79.95
Jabalpur,2024-04,1500000,Metronidazole,Nitroimidazole,Narrow,0,2629,23.18,79.95
Jabalpur,2024-04,1500000,Cotrimoxazole,Sulfonamide combination,Broad,1,2793,23.18,79.95
Jabalpur,2024-04,1500000,Meropenem,Carbapenem,Very Broad,0,204,23.18,79.95
Jabalpur,2024-05,1500000,Amoxicillin,Penicillin,Narrow,0,3498,23.18,79.95
Jabalpur,2024-05,1500000,Amoxicillin-Clavulanate,Penicillin + beta-lactamase inhibitor,Broad,1,5341,23.18,79.95
Jabalpur,2024-05,1500000,Azithromycin,Macrolide,Broad,0,5210,23.18,79.95
Jabalpur,2024-05,1500000,Cefixime,Cephalosporin,Broad,0,3586,23.18,79.95
Jabalpur,2024-05,1500000,Ceftriaxone,Cephalosporin,Broad,0,1399,23.18,79.95
Jabalpur,2024-05,1500000,Ciprofloxacin,Fluoroquinolone,Broad,0,3654,23.18,79.95
Jabalpur,2024-05,1500000,Doxycycline,Tetracycline,Broad,0,2587,23.18,79.95
Jabalpur,2024-05,1500000,Metronidazole,Nitroimidazole,Narrow,0,2659,23.18,79.95
Jabalpur,2024-05,1500000,Cotrimoxazole,Sulfonamide combination,Broad,1,2608,23.18,79.95
Jabalpur,2024-05,1500000,Meropenem,Carbapenem,Very Broad,0,167,23.18,79.95
Jabalpur,2024-06,1500000,Amoxicillin,Penicillin,Narrow,0,3930,23.18,79.95
Jabalpur,2024-06,1500000,Amoxicillin-Clavulanate,Penicillin + beta-lactamase inhibitor,Broad,1,6104,23.18,79.95
Jabalpur,2024-06,1500000,Azithromycin,Macrolide,Broad,0,4956,23.18,79.95
Jabalpur,2024-06,1500000,Cefixime,Cephalosporin,Broad,0,3672,23.18,79.95
Jabalpur,2024-06,1500000,Ceftriaxone,Cephalosporin,Broad,0,1411,23.18,79.95
Jabalpur,2024-06,1500000,Ciprofloxacin,Fluoroquinolone,Broad,0,2636,23.18,79.95
Jabalpur,2024-06,1500000,Doxycycline,Tetracycline,Broad,0,2414,23.18,79.95
Jabalpur,2024-06,1500000,Metronidazole,Nitroimidazole,Narrow,0,2793,23.18,79.95
Jabalpur,2024-06,1500000,Cotrimoxazole,Sulfonamide combination,Broad,1,2086,23.18,79.95
Jabalpur,2024-06,1500000,Meropenem,Carbapenem,Very Broad,0,168,23.18,79.95
Jabalpur,2024-07,1500000,Amoxicillin,Penicillin,Narrow,0,3835,23.18,79.95
Jabalpur,2024-07,1500000,Amoxicillin-Clavulanate,Penicillin + beta-lactamase inhibitor,Broad,1,5424,23.18,79.95
Jabalpur,2024-07,1500000,Azithromycin,Macrolide,Broad,0,4073,23.18,79.95
Jabalpur,2024-07,1500000,Cefixime,Cephalosporin,Broad,0,3193,23.18,79.95
Jabalpur,2024-07,1500000,Ceftriaxone,Cephalosporin,Broad,0,1371,23.18,79.95
Jabalpur,2024-07,1500000,Ciprofloxacin,Fluoroquinolone,Broad,0,2993,23.18,79.95
Jabalpur,2024-07,1500000,Doxycycline,Tetracycline,Broad,0,2690,23.18,79.95
Jabalpur,2024-07,1500000,Metronidazole,Nitroimidazole,Narrow,0,2362,23.18,79.95
Jabalpur,2024-07,1500000,Cotrimoxazole,Sulfonamide combination,Broad,1,2247,23.18,79.95
Jabalpur,2024-07,1500000,Meropenem,Carbapenem,Very Broad,0,168,23.18,79.95
Jabalpur,2024-08,1500000,Amoxicillin,Penicillin,Narrow,0,3471,23.18,79.95
Jabalpur,2024-08,1500000,Amoxicillin-Clavulanate,Penicillin + beta-lactamase inhibitor,Broad,1,5279,23.18,79.95
Jabalpur,2024-08,1500000,Azithromycin,Macrolide,Broad,0,4264,23.18,79.95
Jabalpur,2024-08,1500000,Cefixime,Cephalosporin,Broad,0,3036,23.18,79.95
Jabalpur,2024-08,1500000,Ceftriaxone,Cephalosporin,Broad,0,1282,23.18,79.95
Jabalpur,2024-08,1500000,Ciprofloxacin,Fluoroquinolone,Broad,0,2692,23.18,79.95
Jabalpur,2024-08,1500000,Doxycycline,Tetracycline,Broad,0,2217,23.18,79.95
Jabalpur,2024-08,1500000,Metronidazole,Nitroimidazole,Narrow,0,2593,23.18,79.95
Jabalpur,2024-08,1500000,Cotrimoxazole,Sulfonamide combination,Broad,1,2149,23.18,79.95
Jabalpur,2024-08,1500000,Meropenem,Carbapenem,Very Broad,0,138,23.18,79.95
Jabalpur,2024-09,1500000,Amoxicillin,Penicillin,Narrow,0,2580,23.18,79.95
Jabalpur,2024-09,1500000,Amoxicillin-Clavulanate,Penicillin + beta-lactamase inhibitor,Broad,1,4796,23.18,79.95
Jabalpur,2024-09,1500000,Azithromycin,Macrolide,Broad,0,4221,23.18,79.95
Jabalpur,2024-09,1500000,Cefixime,Cephalosporin,Broad,0,2848,23.18,79.95
Jabalpur,2024-09,1500000,Ceftriaxone,Cephalosporin,Broad,0,1208,23.18,79.95
Jabalpur,2024-09,1500000,Ciprofloxacin,Fluoroquinolone,Broad,0,2101,23.18,79.95
Jabalpur,2024-09,1500000,Doxycycline,Tetracycline,Broad,0,2170,23.18,79.95
Jabalpur,2024-09,1500000,Metronidazole,Nitroimidazole,Narrow,0,2341,23.18,79.95
Jabalpur,2024-09,1500000,Cotrimoxazole,Sulfonamide combination,Broad,1,2038,23.18,79.95
Jabalpur,2024-09,1500000,Meropenem,Carbapenem,Very Broad,0,154,23.18,79.95
Jabalpur,2024-10,1500000,Amoxicillin,Penicillin,Narrow,0,3050,23.18,79.95
Jabalpur,2024-10,1500000,Amoxicillin-Clavulanate,Penicillin + beta-lactamase inhibitor,Broad,1,4405,23.18,79.95
Jabalpur,2024-10,1500000,Azithromycin,Macrolide,Broad,0,3888,23.18,79.95
Jabalpur,2024-10,1500000,Cefixime,Cephalosporin,Broad,0,2551,23.18,79.95
Jabalpur,2024-10,1500000,Ceftriaxone,Cephalosporin,Broad,0,1011,23.18,79.95
Jabalpur,2024-10,1500000,Ciprofloxacin,Fluoroquinolone,Broad,0,2445,23.18,79.95
Jabalpur,2024-10,1500000,Doxycycline,Tetracycline,Broad,0,2440,23.18,79.95
Jabalpur,2024-10,1500000,Metronidazole,Nitroimidazole,Narrow,0,2201,23.18,79.95
Jabalpur,2024-10,1500000,Cotrimoxazole,Sulfonamide combination,Broad,1,1954,23.18,79.95
Jabalpur,2024-10,1500000,Meropenem,Carbapenem,Very Broad,0,135,23.18,79.95
Jabalpur,2024-11,1500000,Amoxicillin,Penicillin,Narrow,0,3344,23.18,79.95
Jabalpur,2024-11,1500000,Amoxicillin-Clavulanate,Penicillin + beta-lactamase inhibitor,Broad,1,4079,23.18,79.95
Jabalpur,2024-11,1500000,Azithromycin,Macrolide,Broad,0,3874,23.18,79.95
Jabalpur,2024-11,1500000,Cefixime,Cephalosporin,Broad,0,2817,23.18,79.95
Jabalpur,2024-11,1500000,Ceftriaxone,Cephalosporin,Broad,0,1199,23.18,79.95
Jabalpur,2024-11,1500000,Ciprofloxacin,Fluoroquinolone,Broad,0,2526,23.18,79.95
Jabalpur,2024-11,1500000,Doxycycline,Tetracycline,Broad,0,1897,23.18,79.95
Jabalpur,2024-11,1500000,Metronidazole,Nitroimidazole,Narrow,0,2136,23.18,79.95
Jabalpur,2024-11,1500000,Cotrimoxazole,Sulfonamide combination,Broad,1,1807,23.18,79.95
Jabalpur,2024-11,1500000,Meropenem,Carbapenem,Very Broad,0,132,23.18,79.95
Jabalpur,2024-12,1500000,Amoxicillin,Penicillin,Narrow,0,2987,23.18,79.95
Jabalpur,2024-12,1500000,Amoxicillin-Clavulanate,Penicillin + beta-lactamase inhibitor,Broad,1,5555,23.18,79.95
Jabalpur,2024-12,1500000,Azithromycin,Macrolide,Broad,0,4472,23.18,79.95
Jabalpur,2024-12,1500000,Cefixime,Cephalosporin,Broad,0,3281,23.18,79.95
Jabalpur,2024-12,1500000,Ceftriaxone,Cephalosporin,Broad,0,1263,23.18,79.95
Jabalpur,2024-12,1500000,Ciprofloxacin,Fluoroquinolone,Broad,0,3062,23.18,79.95
Jabalpur,2024-12,1500000,Doxycycline,Tetracycline,Broad,0,2350,23.18,79.95
Jabalpur,2024-12,1500000,Metronidazole,Nitroimidazole,Narrow,0,2468,23.18,79.95
Jabalpur,2024-12,1500000,Cotrimoxazole,Sulfonamide combination,Broad,1,1894,23.18,79.95
Jabalpur,2024-12,1500000,Meropenem,Carbapenem,Very Broad,0,125,23.18,79.95
Jabalpur,2025-01,1500000,Amoxicillin,Penicillin,Narrow,0,3580,23.18,79.95
Jabalpur,2025-01,1500000,Amoxicillin-Clavulanate,Penicillin + beta-lactamase inhibitor,Broad,1,6009,23.18,79.95
Jabalpur,2025-01,1500000,Azithromycin,Macrolide,Broad,0,4503,23.18,79.95
Jabalpur,2025-01,1500000,Cefixime,Cephalosporin,Broad,0,3612,23.18,79.95
Jabalpur,2025-01,1500000,Ceftriaxone,Cephalosporin,Broad,0,1307,23.18,79.95
Jabalpur,2025-01,1500000,Ciprofloxacin,Fluoroquinolone,Broad,0,3165,23.18,79.95
Jabalpur,2025-01,1500000,Doxycycline,Tetracycline,Broad,0,2639,23.18,79.95
Jabalpur,2025-01,1500000,Metronidazole,Nitroimidazole,Narrow,0,2847,23.18,79.95
Jabalpur,2025-01,1500000,Cotrimoxazole,Sulfonamide combination,Broad,1,2225,23.18,79.95
Jabalpur,2025-01,1500000,Meropenem,Carbapenem,Very Broad,0,158,23.18,79.95
Jabalpur,2025-02,1500000,Amoxicillin,Penicillin,Narrow,0,4060,23.18,79.95
Jabalpur,2025-02,1500000,Amoxicillin-Clavulanate,Penicillin + beta-lactamase inhibitor,Broad,1,6234,23.18,79.95
Jabalpur,2025-02,1500000,Azithromycin,Macrolide,Broad,0,5014,23.18,79.95
Jabalpur,2025-02,1500000,Cefixime,Cephalosporin,Broad,0,4189,23.18,79.95
Jabalpur,2025-02,1500000,Ceftriaxone,Cephalosporin,Broad,0,1449,23.18,79.95
Jabalpur,2025-02,1500000,Ciprofloxacin,Fluoroquinolone,Broad,0,2894,23.18,79.95
Jabalpur,2025-02,1500000,Doxycycline,Tetracycline,Broad,0,2602,23.18,79.95
Jabalpur,2025-02,1500000,Metronidazole,Nitroimidazole,Narrow,0,2451,23.18,79.95
Jabalpur,2025-02,1500000,Cotrimoxazole,Sulfonamide combination,Broad,1,2304,23.18,79.95
Jabalpur,2025-02,1500000,Meropenem,Carbapenem,Very Broad,0,167,23.18,79.95
Jabalpur,2025-03,1500000,Amoxicillin,Penicillin,Narrow,0,3389,23.18,79.95
Jabalpur,2025-03,1500000,Amoxicillin-Clavulanate,Penicillin + beta-lactamase inhibitor,Broad,1,7250,23.18,79.95
Jabalpur,2025-03,1500000,Azithromycin,Macrolide,Broad,0,5149,23.18,79.95
Jabalpur,2025-03,1500000,Cefixime,Cephalosporin,Broad,0,3524,23.18,79.95
Jabalpur,2025-03,1500000,Ceftriaxone,Cephalosporin,Broad,0,1578,23.18,79.95
Jabalpur,2025-03,1500000,Ciprofloxacin,Fluoroquinolone,Broad,0,3505,23.18,79.95
Jabalpur,2025-03,1500000,Doxycycline,Tetracycline,Broad,0,2845,23.18,79.95
Jabalpur,2025-03,1500000,Metronidazole,Nitroimidazole,Narrow,0,2894,23.18,79.95
Jabalpur,2025-03,1500000,Cotrimoxazole,Sulfonamide combination,Broad,1,2570,23.18,79.95
Jabalpur,2025-03,1500000,Meropenem,Carbapenem,Very Broad,0,194,23.18,79.95
Jabalpur,2025-04,1500000,Amoxicillin,Penicillin,Narrow,0,3899,23.18,79.95
Jabalpur,2025-04,1500000,Amoxicillin-Clavulanate,Penicillin + beta-lactamase inhibitor,Broad,1,6660,23.18,79.95
Jabalpur,2025-04,1500000,Azithromycin,Macrolide,Broad,0,5680,23.18,79.95
Jabalpur,2025-04,1500000,Cefixime,Cephalosporin,Broad,0,3563,23.18,79.95
Jabalpur,2025-04,1500000,Ceftriaxone,Cephalosporin,Broad,0,1585,23.18,79.95
Jabalpur,2025-04,1500000,Ciprofloxacin,Fluoroquinolone,Broad,0,3598,23.18,79.95
Jabalpur,2025-04,1500000,Doxycycline,Tetracycline,Broad,0,2743,23.18,79.95
Jabalpur,2025-04,1500000,Metronidazole,Nitroimidazole,Narrow,0,2631,23.18,79.95
Jabalpur,2025-04,1500000,Cotrimoxazole,Sulfonamide combination,Broad,1,2590,23.18,79.95
Jabalpur,2025-04,1500000,Meropenem,Carbapenem,Very Broad,0,185,23.18,79.95
Jabalpur,2025-05,1500000,Amoxicillin,Penicillin,Narrow,0,3595,23.18,79.95
Jabalpur,2025-05,1500000,Amoxicillin-Clavulanate,Penicillin + beta-lactamase inhibitor,Broad,1,6555,23.18,79.95
Jabalpur,2025-05,1500000,Azithromycin,Macrolide,Broad,0,5296,23.18,79.95
Jabalpur,2025-05,1500000,Cefixime,Cephalosporin,Broad,0,3717,23.18,79.95
Jabalpur,2025-05,1500000,Ceftriaxone,Cephalosporin,Broad,0,1197,23.18,79.95
Jabalpur,2025-05,1500000,Ciprofloxacin,Fluoroquinolone,Broad,0,3532,23.18,79.95
Jabalpur,2025-05,1500000,Doxycycline,Tetracycline,Broad,0,2659,23.18,79.95
Jabalpur,2025-05,1500000,Metronidazole,Nitroimidazole,Narrow,0,2842,23.18,79.95
Jabalpur,2025-05,1500000,Cotrimoxazole,Sulfonamide combination,Broad,1,2522,23.18,79.95
Jabalpur,2025-05,1500000,Meropenem,Carbapenem,Very Broad,0,181,23.18,79.95
Jabalpur,2025-06,1500000,Amoxicillin,Penicillin,Narrow,0,3653,23.18,79.95
Jabalpur,2025-06,1500000,Amoxicillin-Clavulanate,Penicillin + beta-lactamase inhibitor,Broad,1,6919,23.18,79.95
Jabalpur,2025-06,1500000,Azithromycin,Macrolide,Broad,0,4642,23.18,79.95
Jabalpur,2025-06,1500000,Cefixime,Cephalosporin,Broad,0,3754,23.18,79.95
Jabalpur,2025-06,1500000,Ceftriaxone,Cephalosporin,Broad,0,1549,23.18,79.95
Jabalpur,2025-06,1500000,Ciprofloxacin,Fluoroquinolone,Broad,0,3443,23.18,79.95
Jabalpur,2025-06,1500000,Doxycycline,Tetracycline,Broad,0,2338,23.18,79.95
Jabalpur,2025-06,1500000,Metronidazole,Nitroimidazole,Narrow,0,2884,23.18,79.95
Jabalpur,2025-06,1500000,Cotrimoxazole,Sulfonamide combination,Broad,1,2384,23.18,79.95
Jabalpur,2025-06,1500000,Meropenem,Carbapenem,Very Broad,0,189,23.18,79.95
Jabalpur,2025-07,1500000,Amoxicillin,Penicillin,Narrow,0,3159,23.18,79.95
Jabalpur,2025-07,1500000,Amoxicillin-Clavulanate,Penicillin + beta-lactamase inhibitor,Broad,1,6654,23.18,79.95
Jabalpur,2025-07,1500000,Azithromycin,Macrolide,Broad,0,4022,23.18,79.95
Jabalpur,2025-07,1500000,Cefixime,Cephalosporin,Broad,0,3525,23.18,79.95
Jabalpur,2025-07,1500000,Ceftriaxone,Cephalosporin,Broad,0,1365,23.18,79.95
Jabalpur,2025-07,1500000,Ciprofloxacin,Fluoroquinolone,Broad,0,2969,23.18,79.95
Jabalpur,2025-07,1500000,Doxycycline,Tetracycline,Broad,0,2516,23.18,79.95
Jabalpur,2025-07,1500000,Metronidazole,Nitroimidazole,Narrow,0,2275,23.18,79.95
Jabalpur,2025-07,1500000,Cotrimoxazole,Sulfonamide combination,Broad,1,2274,23.18,79.95
Jabalpur,2025-07,1500000,Meropenem,Carbapenem,Very Broad,0,152,23.18,79.95
Jabalpur,2025-08,1500000,Amoxicillin,Penicillin,Narrow,0,3518,23.18,79.95
Jabalpur,2025-08,1500000,Amoxicillin-Clavulanate,Penicillin + beta-lactamase inhibitor,Broad,1,5570,23.18,79.95
Jabalpur,2025-08,1500000,Azithromycin,Macrolide,Broad,0,3673,23.18,79.95
Jabalpur,2025-08,1500000,Cefixime,Cephalosporin,Broad,0,3268,23.18,79.95
Jabalpur,2025-08,1500000,Ceftriaxone,Cephalosporin,Broad,0,1279,23.18,79.95
Jabalpur,2025-08,1500000,Ciprofloxacin,Fluoroquinolone,Broad,0,2783,23.18,79.95
Jabalpur,2025-08,1500000,Doxycycline,Tetracycline,Broad,0,2523,23.18,79.95
Jabalpur,2025-08,1500000,Metronidazole,Nitroimidazole,Narrow,0,2363,23.18,79.95
Jabalpur,2025-08,1500000,Cotrimoxazole,Sulfonamide combination,Broad,1,1959,23.18,79.95
Jabalpur,2025-08,1500000,Meropenem,Carbapenem,Very Broad,0,178,23.18,79.95
Jabalpur,2025-09,1500000,Amoxicillin,Penicillin,Narrow,0,3141,23.18,79.95
Jabalpur,2025-09,1500000,Amoxicillin-Clavulanate,Penicillin + beta-lactamase inhibitor,Broad,1,5069,23.18,79.95
Jabalpur,2025-09,1500000,Azithromycin,Macrolide,Broad,0,4390,23.18,79.95
Jabalpur,2025-09,1500000,Cefixime,Cephalosporin,Broad,0,2829,23.18,79.95
Jabalpur,2025-09,1500000,Ceftriaxone,Cephalosporin,Broad,0,1085,23.18,79.95
Jabalpur,2025-09,1500000,Ciprofloxacin,Fluoroquinolone,Broad,0,2639,23.18,79.95
Jabalpur,2025-09,1500000,Doxycycline,Tetracycline,Broad,0,2518,23.18,79.95
Jabalpur,2025-09,1500000,Metronidazole,Nitroimidazole,Narrow,0,2442,23.18,79.95
Jabalpur,2025-09,1500000,Cotrimoxazole,Sulfonamide combination,Broad,1,2015,23.18,79.95
Jabalpur,2025-09,1500000,Meropenem,Carbapenem,Very Broad,0,165,23.18,79.95
Jabalpur,2025-10,1500000,Amoxicillin,Penicillin,Narrow,0,3058,23.18,79.95
Jabalpur,2025-10,1500000,Amoxicillin-Clavulanate,Penicillin + beta-lactamase inhibitor,Broad,1,5147,23.18,79.95
Jabalpur,2025-10,1500000,Azithromycin,Macrolide,Broad,0,4193,23.18,79.95
Jabalpur,2025-10,1500000,Cefixime,Cephalosporin,Broad,0,2738,23.18,79.95
Jabalpur,2025-10,1500000,Ceftriaxone,Cephalosporin,Broad,0,1217,23.18,79.95
Jabalpur,2025-10,1500000,Ciprofloxacin,Fluoroquinolone,Broad,0,2822,23.18,79.95
Jabalpur,2025-10,1500000,Doxycycline,Tetracycline,Broad,0,1984,23.18,79.95
Jabalpur,2025-10,1500000,Metronidazole,Nitroimidazole,Narrow,0,2237,23.18,79.95
Jabalpur,2025-10,1500000,Cotrimoxazole,Sulfonamide combination,Broad,1,2001,23.18,79.95
Jabalpur,2025-10,1500000,Meropenem,Carbapenem,Very Broad,0,160,23.18,79.95
Jabalpur,2025-11,1500000,Amoxicillin,Penicillin,Narrow,0,3058,23.18,79.95
Jabalpur,2025-11,1500000,Amoxicillin-Clavulanate,Penicillin + beta-lactamase inhibitor,Broad,1,4915,23.18,79.95
Jabalpur,2025-11,1500000,Azithromycin,Macrolide,Broad,0,4447,23.18,79.95
Jabalpur,2025-11,1500000,Cefixime,Cephalosporin,Broad,0,2894,23.18,79.95
Jabalpur,2025-11,1500000,Ceftriaxone,Cephalosporin,Broad,0,1373,23.18,79.95
Jabalpur,2025-11,1500000,Ciprofloxacin,Fluoroquinolone,Broad,0,2878,23.18,79.95
Jabalpur,2025-11,1500000,Doxycycline,Tetracycline,Broad,0,2188,23.18,79.95
Jabalpur,2025-11,1500000,Metronidazole,Nitroimidazole,Narrow,0,2330,23.18,79.95
Jabalpur,2025-11,1500000,Cotrimoxazole,Sulfonamide combination,Broad,1,1950,23.18,79.95
Jabalpur,2025-11,1500000,Meropenem,Carbapenem,Very Broad,0,155,23.18,79.95
Jabalpur,2025-12,1500000,Amoxicillin,Penicillin,Narrow,0,3086,23.18,79.95
Jabalpur,2025-12,1500000,Amoxicillin-Clavulanate,Penicillin + beta-lactamase inhibitor,Broad,1,5644,23.18,79.95
Jabalpur,2025-12,1500000,Azithromycin,Macrolide,Broad,0,4839,23.18,79.95
Jabalpur,2025-12,1500000,Cefixime,Cephalosporin,Broad,0,2562,23.18,79.95
Jabalpur,2025-12,1500000,Ceftriaxone,Cephalosporin,Broad,0,1410,23.18,79.95
Jabalpur,2025-12,1500000,Ciprofloxacin,Fluoroquinolone,Broad,0,2868,23.18,79.95
Jabalpur,2025-12,1500000,Doxycycline,Tetracycline,Broad,0,2050,23.18,79.95
Jabalpur,2025-12,1500000,Metronidazole,Nitroimidazole,Narrow,0,1853,23.18,79.95
Jabalpur,2025-12,1500000,Cotrimoxazole,Sulfonamide combination,Broad,1,1898,23.18,79.95
Jabalpur,2025-12,1500000,Meropenem,Carbapenem,Very Broad,0,156,23.18,79.95
Gwalior,2024-01,1300000,Amoxicillin,Penicillin,Narrow,0,3132,26.22,78.18
Gwalior,2024-01,1300000,Amoxicillin-Clavulanate,Penicillin + beta-lactamase inhibitor,Broad,1,4670,26.22,78.18
Gwalior,2024-01,1300000,Azithromycin,Macrolide,Broad,0,3658,26.22,78.18
Gwalior,2024-01,1300000,Cefixime,Cephalosporin,Broad,0,2679,26.22,78.18
Gwalior,2024-01,1300000,Ceftriaxone,Cephalosporin,Broad,0,1155,26.22,78.18
Gwalior,2024-01,1300000,Ciprofloxacin,Fluoroquinolone,Broad,0,2657,26.22,78.18
Gwalior,2024-01,1300000,Doxycycline,Tetracycline,Broad,0,2023,26.22,78.18
Gwalior,2024-01,1300000,Metronidazole,Nitroimidazole,Narrow,0,2321,26.22,78.18
Gwalior,2024-01,1300000,Cotrimoxazole,Sulfonamide combination,Broad,1,1824,26.22,78.18
Gwalior,2024-01,1300000,Meropenem,Carbapenem,Very Broad,0,130,26.22,78.18
Gwalior,2024-02,1300000,Amoxicillin,Penicillin,Narrow,0,3402,26.22,78.18
Gwalior,2024-02,1300000,Amoxicillin-Clavulanate,Penicillin + beta-lactamase inhibitor,Broad,1,5150,26.22,78.18
Gwalior,2024-02,1300000,Azithromycin,Macrolide,Broad,0,3969,26.22,78.18
Gwalior,2024-02,1300000,Cefixime,Cephalosporin,Broad,0,3135,26.22,78.18
Gwalior,2024-02,1300000,Ceftriaxone,Cephalosporin,Broad,0,1418,26.22,78.18
Gwalior,2024-02,1300000,Ciprofloxacin,Fluoroquinolone,Broad,0,2812,26.22,78.18
Gwalior,2024-02,1300000,Doxycycline,Tetracycline,Broad,0,2491,26.22,78.18
Gwalior,2024-02,1300000,Metronidazole,Nitroimidazole,Narrow,0,2467,26.22,78.18
Gwalior,2024-02,1300000,Cotrimoxazole,Sulfonamide combination,Broad,1,1951,26.22,78.18
Gwalior,2024-02,1300000,Meropenem,Carbapenem,Very Broad,0,149,26.22,78.18
Gwalior,2024-03,1300000,Amoxicillin,Penicillin,Narrow,0,3211,26.22,78.18
Gwalior,2024-03,1300000,Amoxicillin-Clavulanate,Penicillin + beta-lactamase inhibitor,Broad,1,5164,26.22,78.18
Gwalior,2024-03,1300000,Azithromycin,Macrolide,Broad,0,4149,26.22,78.18
Gwalior,2024-03,1300000,Cefixime,Cephalosporin,Broad,0,2874,26.22,78.18
Gwalior,2024-03,1300000,Ceftriaxone,Cephalosporin,Broad,0,1241,26.22,78.18
Gwalior,2024-03,1300000,Ciprofloxacin,Fluoroquinolone,Broad,0,2990,26.22,78.18
Gwalior,2024-03,1300000,Doxycycline,Tetracycline,Broad,0,2347,26.22,78.18
Gwalior,2024-03,1300000,Metronidazole,Nitroimidazole,Narrow,0,2040,26.22,78.18
Gwalior,2024-03,1300000,Cotrimoxazole,Sulfonamide combination,Broad,1,2010,26.22,78.18
Gwalior,2024-03,1300000,Meropenem,Carbapenem,Very Broad,0,137,26.22,78.18
Gwalior,2024-04,1300000,Amoxicillin,Penicillin,Narrow,0,3446,26.22,78.18
Gwalior,2024-04,1300000,Amoxicillin-Clavulanate,Penicillin + beta-lactamase inhibitor,Broad,1,5798,26.22,78.18
Gwalior,2024-04,1300000,Azithromycin,Macrolide,Broad,0,4083,26.22,78.18
Gwalior,2024-04,1300000,Cefixime,Cephalosporin,Broad,0,3205,26.22,78.18
Gwalior,2024-04,1300000,Ceftriaxone,Cephalosporin,Broad,0,1265,26.22,78.18
Gwalior,2024-04,1300000,Ciprofloxacin,Fluoroquinolone,Broad,0,2718,26.22,78.18
Gwalior,2024-04,1300000,Doxycycline,Tetracycline,Broad,0,2584,26.22,78.18
Gwalior,2024-04,1300000,Metronidazole,Nitroimidazole,Narrow,0,2563,26.22,78.18
Gwalior,2024-04,1300000,Cotrimoxazole,Sulfonamide combination,Broad,1,2394,26.22,78.18
Gwalior,2024-04,1300000,Meropenem,Carbapenem,Very Broad,0,155,26.22,78.18
Gwalior,2024-05,1300000,Amoxicillin,Penicillin,Narrow,0,3167,26.22,78.18
Gwalior,2024-05,1300000,Amoxicillin-Clavulanate,Penicillin + beta-lactamase inhibitor,Broad,1,5982,26.22,78.18
Gwalior,2024-05,1300000,Azithromycin,Macrolide,Broad,0,4085,26.22,78.18
Gwalior,2024-05,1300000,Cefixime,Cephalosporin,Broad,0,3081,26.22,78.18
Gwalior,2024-05,1300000,Ceftriaxone,Cephalosporin,Broad,0,1069,26.22,78.18
Gwalior,2024-05,1300000,Ciprofloxacin,Fluoroquinolone,Broad,0,2893,26.22,78.18
Gwalior,2024-05,1300000,Doxycycline,Tetracycline,Broad,0,2454,26.22,78.18
Gwalior,2024-05,1300000,Metronidazole,Nitroimidazole,Narrow,0,2318,26.22,78.18
Gwalior,2024-05,1300000,Cotrimoxazole,Sulfonamide combination,Broad,1,2535,26.22,78.18
Gwalior,2024-05,1300000,Meropenem,Carbapenem,Very Broad,0,148,26.22,78.18
Gwalior,2024-06,1300000,Amoxicillin,Penicillin,Narrow,0,2942,26.22,78.18
Gwalior,2024-06,1300000,Amoxicillin-Clavulanate,Penicillin + beta-lactamase inhibitor,Broad,1,5062,26.22,78.18
Gwalior,2024-06,1300000,Azithromycin,Macrolide,Broad,0,4267,26.22,78.18
Gwalior,2024-06,1300000,Cefixime,Cephalosporin,Broad,0,3286,26.22,78.18
Gwalior,2024-06,1300000,Ceftriaxone,Cephalosporin,Broad,0,1168,26.22,78.18
Gwalior,2024-06,1300000,Ciprofloxacin,Fluoroquinolone,Broad,0,2642,26.22,78.18
Gwalior,2024-06,1300000,Doxycycline,Tetracycline,Broad,0,2101,26.22,78.18
Gwalior,2024-06,1300000,Metronidazole,Nitroimidazole,Narrow,0,2520,26.22,78.18
Gwalior,2024-06,1300000,Cotrimoxazole,Sulfonamide combination,Broad,1,2251,26.22,78.18
Gwalior,2024-06,1300000,Meropenem,Carbapenem,Very Broad,0,150,26.22,78.18
Gwalior,2024-07,1300000,Amoxicillin,Penicillin,Narrow,0,2697,26.22,78.18
Gwalior,2024-07,1300000,Amoxicillin-Clavulanate,Penicillin + beta-lactamase inhibitor,Broad,1,4938,26.22,78.18
Gwalior,2024-07,1300000,Azithromycin,Macrolide,Broad,0,3845,26.22,78.18
Gwalior,2024-07,1300000,Cefixime,Cephalosporin,Broad,0,2338,26.22,78.18
Gwalior,2024-07,1300000,Ceftriaxone,Cephalosporin,Broad,0,1125,26.22,78.18
Gwalior,2024-07,1300000,Ciprofloxacin,Fluoroquinolone,Broad,0,2930,26.22,78.18
Gwalior,2024-07,1300000,Doxycycline,Tetracycline,Broad,0,2117,26.22,78.18
Gwalior,2024-07,1300000,Metronidazole,Nitroimidazole,Narrow,0,2418,26.22,78.18
Gwalior,2024-07,1300000,Cotrimoxazole,Sulfonamide combination,Broad,1,2009,26.22,78.18
Gwalior,2024-07,1300000,Meropenem,Carbapenem,Very Broad,0,128,26.22,78.18
Gwalior,2024-08,1300000,Amoxicillin,Penicillin,Narrow,0,2814,26.22,78.18
Gwalior,2024-08,1300000,Amoxicillin-Clavulanate,Penicillin + beta-lactamase inhibitor,Broad,1,4311,26.22,78.18
Gwalior,2024-08,1300000,Azithromycin,Macrolide,Broad,0,3283,26.22,78.18
Gwalior,2024-08,1300000,Cefixime,Cephalosporin,Broad,0,2929,26.22,78.18
Gwalior,2024-08,1300000,Ceftriaxone,Cephalosporin,Broad,0,1016,26.22,78.18
Gwalior,2024-08,1300000,Ciprofloxacin,Fluoroquinolone,Broad,0,2687,26.22,78.18
Gwalior,2024-08,1300000,Doxycycline,Tetracycline,Broad,0,1980,26.22,78.18
Gwalior,2024-08,1300000,Metronidazole,Nitroimidazole,Narrow,0,2063,26.22,78.18
Gwalior,2024-08,1300000,Cotrimoxazole,Sulfonamide combination,Broad,1,1901,26.22,78.18
Gwalior,2024-08,1300000,Meropenem,Carbapenem,Very Broad,0,127,26.22,78.18
Gwalior,2024-09,1300000,Amoxicillin,Penicillin,Narrow,0,2314,26.22,78.18
Gwalior,2024-09,1300000,Amoxicillin-Clavulanate,Penicillin + beta-lactamase inhibitor,Broad,1,4629,26.22,78.18
Gwalior,2024-09,1300000,Azithromycin,Macrolide,Broad,0,2830,26.22,78.18
Gwalior,2024-09,1300000,Cefixime,Cephalosporin,Broad,0,2493,26.22,78.18
Gwalior,2024-09,1300000,Ceftriaxone,Cephalosporin,Broad,0,1124,26.22,78.18
Gwalior,2024-09,1300000,Ciprofloxacin,Fluoroquinolone,Broad,0,2507,26.22,78.18
Gwalior,2024-09,1300000,Doxycycline,Tetracycline,Broad,0,1780,26.22,78.18
Gwalior,2024-09,1300000,Metronidazole,Nitroimidazole,Narrow,0,1814,26.22,78.18
Gwalior,2024-09,1300000,Cotrimoxazole,Sulfonamide combination,Broad,1,1670,26.22,78.18
Gwalior,2024-09,1300000,Meropenem,Carbapenem,Very Broad,0,130,26.22,78.18
Gwalior,2024-10,1300000,Amoxicillin,Penicillin,Narrow,0,2671,26.22,78.18
Gwalior,2024-10,1300000,Amoxicillin-Clavulanate,Penicillin + beta-lactamase inhibitor,Broad,1,4305,26.22,78.18
Gwalior,2024-10,1300000,Azithromycin,Macrolide,Broad,0,3333,26.22,78.18
Gwalior,2024-10,1300000,Cefixime,Cephalosporin,Broad,0,2527,26.22,78.18
Gwalior,2024-10,1300000,Ceftriaxone,Cephalosporin,Broad,0,1030,26.22,78.18
Gwalior,2024-10,1300000,Ciprofloxacin,Fluoroquinolone,Broad,0,2202,26.22,78.18
Gwalior,2024-10,1300000,Doxycycline,Tetracycline,Broad,0,1616,26.22,78.18
Gwalior,2024-10,1300000,Metronidazole,Nitroimidazole,Narrow,0,1964,26.22,78.18
Gwalior,2024-10,1300000,Cotrimoxazole,Sulfonamide combination,Broad,1,1534,26.22,78.18
Gwalior,2024-10,1300000,Meropenem,Carbapenem,Very Broad,0,115,26.22,78.18
Gwalior,2024-11,1300000,Amoxicillin,Penicillin,Narrow,0,3028,26.22,78.18
Gwalior,2024-11,1300000,Amoxicillin-Clavulanate,Penicillin + beta-lactamase inhibitor,Broad,1,4498,26.22,78.18
Gwalior,2024-11,1300000,Azithromycin,Macrolide,Broad,0,3788,26.22,78.18
Gwalior,2024-11,1300000,Cefixime,Cephalosporin,Broad,0,2270,26.22,78.18
Gwalior,2024-11,1300000,Ceftriaxone,Cephalosporin,Broad,0,1080,26.22,78.18
Gwalior,2024-11,1300000,Ciprofloxacin,Fluoroquinolone,Broad,0,2393,26.22,78.18
Gwalior,2024-11,1300000,Doxycycline,Tetracycline,Broad,0,2162,26.22,78.18
Gwalior,2024-11,1300000,Metronidazole,Nitroimidazole,Narrow,0,1910,26.22,78.18
Gwalior,2024-11,1300000,Cotrimoxazole,Sulfonamide combination,Broad,1,1740,26.22,78.18
Gwalior,2024-11,1300000,Meropenem,Carbapenem,Very Broad,0,139,26.22,78.18
Gwalior,2024-12,1300000,Amoxicillin,Penicillin,Narrow,0,2614,26.22,78.18
Gwalior,2024-12,1300000,Amoxicillin-Clavulanate,Penicillin + beta-lactamase inhibitor,Broad,1,5643,26.22,78.18
Gwalior,2024-12,1300000,Azithromycin,Macrolide,Broad,0,3533,26.22,78.18
Gwalior,2024-12,1300000,Cefixime,Cephalosporin,Broad,0,2649,26.22,78.18
Gwalior,2024-12,1300000,Ceftriaxone,Cephalosporin,Broad,0,1138,26.22,78.18
Gwalior,2024-12,1300000,Ciprofloxacin,Fluoroquinolone,Broad,0,2564,26.22,78.18
Gwalior,2024-12,1300000,Doxycycline,Tetracycline,Broad,0,2041,26.22,78.18
Gwalior,2024-12,1300000,Metronidazole,Nitroimidazole,Narrow,0,2045,26.22,78.18
Gwalior,2024-12,1300000,Cotrimoxazole,Sulfonamide combination,Broad,1,1828,26.22,78.18
Gwalior,2024-12,1300000,Meropenem,Carbapenem,Very Broad,0,124,26.22,78.18
Gwalior,2025-01,1300000,Amoxicillin,Penicillin,Narrow,0,2983,26.22,78.18
Gwalior,2025-01,1300000,Amoxicillin-Clavulanate,Penicillin + beta-lactamase inhibitor,Broad,1,5553,26.22,78.18
Gwalior,2025-01,1300000,Azithromycin,Macrolide,Broad,0,4087,26.22,78.18
Gwalior,2025-01,1300000,Cefixime,Cephalosporin,Broad,0,2828,26.22,78.18
Gwalior,2025-01,1300000,Ceftriaxone,Cephalosporin,Broad,0,1169,26.22,78.18
Gwalior,2025-01,1300000,Ciprofloxacin,Fluoroquinolone,Broad,0,2425,26.22,78.18
Gwalior,2025-01,1300000,Doxycycline,Tetracycline,Broad,0,2232,26.22,78.18
Gwalior,2025-01,1300000,Metronidazole,Nitroimidazole,Narrow,0,2138,26.22,78.18
Gwalior,2025-01,1300000,Cotrimoxazole,Sulfonamide combination,Broad,1,2271,26.22,78.18
Gwalior,2025-01,1300000,Meropenem,Carbapenem,Very Broad,0,138,26.22,78.18
Gwalior,2025-02,1300000,Amoxicillin,Penicillin,Narrow,0,2959,26.22,78.18
Gwalior,2025-02,1300000,Amoxicillin-Clavulanate,Penicillin + beta-lactamase inhibitor,Broad,1,6048,26.22,78.18
Gwalior,2025-02,1300000,Azithromycin,Macrolide,Broad,0,4022,26.22,78.18
Gwalior,2025-02,1300000,Cefixime,Cephalosporin,Broad,0,3139,26.22,78.18
Gwalior,2025-02,1300000,Ceftriaxone,Cephalosporin,Broad,0,1346,26.22,78.18
Gwalior,2025-02,1300000,Ciprofloxacin,Fluoroquinolone,Broad,0,2814,26.22,78.18
Gwalior,2025-02,1300000,Doxycycline,Tetracycline,Broad,0,2101,26.22,78.18
Gwalior,2025-02,1300000,Metronidazole,Nitroimidazole,Narrow,0,2071,26.22,78.18
Gwalior,2025-02,1300000,Cotrimoxazole,Sulfonamide combination,Broad,1,2282,26.22,78.18
Gwalior,2025-02,1300000,Meropenem,Carbapenem,Very Broad,0,141,26.22,78.18
Gwalior,2025-03,1300000,Amoxicillin,Penicillin,Narrow,0,3331,26.22,78.18
Gwalior,2025-03,1300000,Amoxicillin-Clavulanate,Penicillin + beta-lactamase inhibitor,Broad,1,6018,26.22,78.18
Gwalior,2025-03,1300000,Azithromycin,Macrolide,Broad,0,4627,26.22,78.18
Gwalior,2025-03,1300000,Cefixime,Cephalosporin,Broad,0,2958,26.22,78.18
Gwalior,2025-03,1300000,Ceftriaxone,Cephalosporin,Broad,0,1228,26.22,78.18
Gwalior,2025-03,1300000,Ciprofloxacin,Fluoroquinolone,Broad,0,3165,26.22,78.18
Gwalior,2025-03,1300000,Doxycycline,Tetracycline,Broad,0,2357,26.22,78.18
Gwalior,2025-03,1300000,Metronidazole,Nitroimidazole,Narrow,0,1906,26.22,78.18
Gwalior,2025-03,1300000,Cotrimoxazole,Sulfonamide combination,Broad,1,2411,26.22,78.18
Gwalior,2025-03,1300000,Meropenem,Carbapenem,Very Broad,0,153,26.22,78.18
Gwalior,2025-04,1300000,Amoxicillin,Penicillin,Narrow,0,3699,26.22,78.18
Gwalior,2025-04,1300000,Amoxicillin-Clavulanate,Penicillin + beta-lactamase inhibitor,Broad,1,5996,26.22,78.18
Gwalior,2025-04,1300000,Azithromycin,Macrolide,Broad,0,4800,26.22,78.18
Gwalior,2025-04,1300000,Cefixime,Cephalosporin,Broad,0,3277,26.22,78.18
Gwalior,2025-04,1300000,Ceftriaxone,Cephalosporin,Broad,0,1510,26.22,78.18
Gwalior,2025-04,1300000,Ciprofloxacin,Fluoroquinolone,Broad,0,2816,26.22,78.18
Gwalior,2025-04,1300000,Doxycycline,Tetracycline,Broad,0,2518,26.22,78.18
Gwalior,2025-04,1300000,Metronidazole,Nitroimidazole,Narrow,0,2559,26.22,78.18
Gwalior,2025-04,1300000,Cotrimoxazole,Sulfonamide combination,Broad,1,2319,26.22,78.18
Gwalior,2025-04,1300000,Meropenem,Carbapenem,Very Broad,0,185,26.22,78.18
Gwalior,2025-05,1300000,Amoxicillin,Penicillin,Narrow,0,3811,26.22,78.18
Gwalior,2025-05,1300000,Amoxicillin-Clavulanate,Penicillin + beta-lactamase inhibitor,Broad,1,6743,26.22,78.18
Gwalior,2025-05,1300000,Azithromycin,Macrolide,Broad,0,4386,26.22,78.18
Gwalior,2025-05,1300000,Cefixime,Cephalosporin,Broad,0,3301,26.22,78.18
Gwalior,2025-05,1300000,Ceftriaxone,Cephalosporin,Broad,0,1439,26.22,78.18
Gwalior,2025-05,1300000,Ciprofloxacin,Fluoroquinolone,Broad,0,2727,26.22,78.18
Gwalior,2025-05,1300000,Doxycycline,Tetracycline,Broad,0,2223,26.22,78.18
Gwalior,2025-05,1300000,Metronidazole,Nitroimidazole,Narrow,0,2626,26.22,78.18
Gwalior,2025-05,1300000,Cotrimoxazole,Sulfonamide combination,Broad,1,2332,26.22,78.18
Gwalior,2025-05,1300000,Meropenem,Carbapenem,Very Broad,0,162,26.22,78.18
Gwalior,2025-06,1300000,Amoxicillin,Penicillin,Narrow,0,2616,26.22,78.18
Gwalior,2025-06,1300000,Amoxicillin-Clavulanate,Penicillin + beta-lactamase inhibitor,Broad,1,5521,26.22,78.18
Gwalior,2025-06,1300000,Azithromycin,Macrolide,Broad,0,3862,26.22,78.18
Gwalior,2025-06,1300000,Cefixime,Cephalosporin,Broad,0,3267,26.22,78.18
Gwalior,2025-06,1300000,Ceftriaxone,Cephalosporin,Broad,0,1369,26.22,78.18
Gwalior,2025-06,1300000,Ciprofloxacin,Fluoroquinolone,Broad,0,3012,26.22,78.18
Gwalior,2025-06,1300000,Doxycycline,Tetracycline,Broad,0,2448,26.22,78.18
Gwalior,2025-06,1300000,Metronidazole,Nitroimidazole,Narrow,0,2057,26.22,78.18
Gwalior,2025-06,1300000,Cotrimoxazole,Sulfonamide combination,Broad,1,2298,26.22,78.18
Gwalior,2025-06,1300000,Meropenem,Carbapenem,Very Broad,0,167,26.22,78.18
Gwalior,2025-07,1300000,Amoxicillin,Penicillin,Narrow,0,3519,26.22,78.18
Gwalior,2025-07,1300000,Amoxicillin-Clavulanate,Penicillin + beta-lactamase inhibitor,Broad,1,4679,26.22,78.18
Gwalior,2025-07,1300000,Azithromycin,Macrolide,Broad,0,3782,26.22,78.18
Gwalior,2025-07,1300000,Cefixime,Cephalosporin,Broad,0,2756,26.22,78.18
Gwalior,2025-07,1300000,Ceftriaxone,Cephalosporin,Broad,0,1232,26.22,78.18
Gwalior,2025-07,1300000,Ciprofloxacin,Fluoroquinolone,Broad,0,2759,26.22,78.18
Gwalior,2025-07,1300000,Doxycycline,Tetracycline,Broad,0,2230,26.22,78.18
Gwalior,2025-07,1300000,Metronidazole,Nitroimidazole,Narrow,0,2379,26.22,78.18
Gwalior,2025-07,1300000,Cotrimoxazole,Sulfonamide combination,Broad,1,1931,26.22,78.18
Gwalior,2025-07,1300000,Meropenem,Carbapenem,Very Broad,0,140,26.22,78.18
Gwalior,2025-08,1300000,Amoxicillin,Penicillin,Narrow,0,2781,26.22,78.18
Gwalior,2025-08,1300000,Amoxicillin-Clavulanate,Penicillin + beta-lactamase inhibitor,Broad,1,4370,26.22,78.18
Gwalior,2025-08,1300000,Azithromycin,Macrolide,Broad,0,3601,26.22,78.18
Gwalior,2025-08,1300000,Cefixime,Cephalosporin,Broad,0,2653,26.22,78.18
Gwalior,2025-08,1300000,Ceftriaxone,Cephalosporin,Broad,0,1053,26.22,78.18
Gwalior,2025-08,1300000,Ciprofloxacin,Fluoroquinolone,Broad,0,2703,26.22,78.18
Gwalior,2025-08,1300000,Doxycycline,Tetracycline,Broad,0,2080,26.22,78.18
Gwalior,2025-08,1300000,Metronidazole,Nitroimidazole,Narrow,0,2245,26.22,78.18
Gwalior,2025-08,1300000,Cotrimoxazole,Sulfonamide combination,Broad,1,1864,26.22,78.18
Gwalior,2025-08,1300000,Meropenem,Carbapenem,Very Broad,0,137,26.22,78.18
Gwalior,2025-09,1300000,Amoxicillin,Penicillin,Narrow,0,2746,26.22,78.18
Gwalior,2025-09,1300000,Amoxicillin-Clavulanate,Penicillin + beta-lactamase inhibitor,Broad,1,4860,26.22,78.18
Gwalior,2025-09,1300000,Azithromycin,Macrolide,Broad,0,3422,26.22,78.18
Gwalior,2025-09,1300000,Cefixime,Cephalosporin,Broad,0,2678,26.22,78.18
Gwalior,2025-09,1300000,Ceftriaxone,Cephalosporin,Broad,0,1009,26.22,78.18
Gwalior,2025-09,1300000,Ciprofloxacin,Fluoroquinolone,Broad,0,2573,26.22,78.18
Gwalior,2025-09,1300000,Doxycycline,Tetracycline,Broad,0,1918,26.22,78.18
Gwalior,2025-09,1300000,Metronidazole,Nitroimidazole,Narrow,0,2125,26.22,78.18
Gwalior,2025-09,1300000,Cotrimoxazole,Sulfonamide combination,Broad,1,1821,26.22,78.18
Gwalior,2025-09,1300000,Meropenem,Carbapenem,Very Broad,0,147,26.22,78.18
Gwalior,2025-10,1300000,Amoxicillin,Penicillin,Narrow,0,2402,26.22,78.18
Gwalior,2025-10,1300000,Amoxicillin-Clavulanate,Penicillin + beta-lactamase inhibitor,Broad,1,4284,26.22,78.18
Gwalior,2025-10,1300000,Azithromycin,Macrolide,Broad,0,3168,26.22,78.18
Gwalior,2025-10,1300000,Cefixime,Cephalosporin,Broad,0,2261,26.22,78.18
Gwalior,2025-10,1300000,Ceftriaxone,Cephalosporin,Broad,0,1100,26.22,78.18
Gwalior,2025-10,1300000,Ciprofloxacin,Fluoroquinolone,Broad,0,2382,26.22,78.18
Gwalior,2025-10,1300000,Doxycycline,Tetracycline,Broad,0,1892,26.22,78.18
Gwalior,2025-10,1300000,Metronidazole,Nitroimidazole,Narrow,0,1908,26.22,78.18
Gwalior,2025-10,1300000,Cotrimoxazole,Sulfonamide combination,Broad,1,1685,26.22,78.18
Gwalior,2025-10,1300000,Meropenem,Carbapenem,Very Broad,0,144,26.22,78.18
Gwalior,2025-11,1300000,Amoxicillin,Penicillin,Narrow,0,2477,26.22,78.18
Gwalior,2025-11,1300000,Amoxicillin-Clavulanate,Penicillin + beta-lactamase inhibitor,Broad,1,4914,26.22,78.18
Gwalior,2025-11,1300000,Azithromycin,Macrolide,Broad,0,3635,26.22,78.18
Gwalior,2025-11,1300000,Cefixime,Cephalosporin,Broad,0,2981,26.22,78.18
Gwalior,2025-11,1300000,Ceftriaxone,Cephalosporin,Broad,0,1035,26.22,78.18
Gwalior,2025-11,1300000,Ciprofloxacin,Fluoroquinolone,Broad,0,2597,26.22,78.18
Gwalior,2025-11,1300000,Doxycycline,Tetracycline,Broad,0,2174,26.22,78.18
Gwalior,2025-11,1300000,Metronidazole,Nitroimidazole,Narrow,0,1921,26.22,78.18
Gwalior,2025-11,1300000,Cotrimoxazole,Sulfonamide combination,Broad,1,1720,26.22,78.18
Gwalior,2025-11,1300000,Meropenem,Carbapenem,Very Broad,0,140,26.22,78.18
Gwalior,2025-12,1300000,Amoxicillin,Penicillin,Narrow,0,2575,26.22,78.18
Gwalior,2025-12,1300000,Amoxicillin-Clavulanate,Penicillin + beta-lactamase inhibitor,Broad,1,4604,26.22,78.18
Gwalior,2025-12,1300000,Azithromycin,Macrolide,Broad,0,3220,26.22,78.18
Gwalior,2025-12,1300000,Cefixime,Cephalosporin,Broad,0,2877,26.22,78.18
Gwalior,2025-12,1300000,Ceftriaxone,Cephalosporin,Broad,0,1125,26.22,78.18
Gwalior,2025-12,1300000,Ciprofloxacin,Fluoroquinolone,Broad,0,2569,26.22,78.18
Gwalior,2025-12,1300000,Doxycycline,Tetracycline,Broad,0,1870,26.22,78.18
Gwalior,2025-12,1300000,Metronidazole,Nitroimidazole,Narrow,0,1921,26.22,78.18
Gwalior,2025-12,1300000,Cotrimoxazole,Sulfonamide combination,Broad,1,1905,26.22,78.18
Gwalior,2025-12,1300000,Meropenem,Carbapenem,Very Broad,0,136,26.22,78.18
Ujjain,2024-01,700000,Amoxicillin,Penicillin,Narrow,0,1666,23.18,75.78
Ujjain,2024-01,700000,Amoxicillin-Clavulanate,Penicillin + beta-lactamase inhibitor,Broad,1,2906,23.18,75.78
Ujjain,2024-01,700000,Azithromycin,Macrolide,Broad,0,2079,23.18,75.78
Ujjain,2024-01,700000,Cefixime,Cephalosporin,Broad,0,1564,23.18,75.78
Ujjain,2024-01,700000,Ceftriaxone,Cephalosporin,Broad,0,564,23.18,75.78
Ujjain,2024-01,700000,Ciprofloxacin,Fluoroquinolone,Broad,0,1192,23.18,75.78
Ujjain,2024-01,700000,Doxycycline,Tetracycline,Broad,0,1093,23.18,75.78
Ujjain,2024-01,700000,Metronidazole,Nitroimidazole,Narrow,0,1022,23.18,75.78
Ujjain,2024-01,700000,Cotrimoxazole,Sulfonamide combination,Broad,1,977,23.18,75.78
Ujjain,2024-01,700000,Meropenem,Carbapenem,Very Broad,0,67,23.18,75.78
Ujjain,2024-02,700000,Amoxicillin,Penicillin,Narrow,0,1890,23.18,75.78
Ujjain,2024-02,700000,Amoxicillin-Clavulanate,Penicillin + beta-lactamase inhibitor,Broad,1,2470,23.18,75.78
Ujjain,2024-02,700000,Azithromycin,Macrolide,Broad,0,1885,23.18,75.78
Ujjain,2024-02,700000,Cefixime,Cephalosporin,Broad,0,1606,23.18,75.78
Ujjain,2024-02,700000,Ceftriaxone,Cephalosporin,Broad,0,593,23.18,75.78
Ujjain,2024-02,700000,Ciprofloxacin,Fluoroquinolone,Broad,0,1537,23.18,75.78
Ujjain,2024-02,700000,Doxycycline,Tetracycline,Broad,0,1106,23.18,75.78
Ujjain,2024-02,700000,Metronidazole,Nitroimidazole,Narrow,0,1167,23.18,75.78
Ujjain,2024-02,700000,Cotrimoxazole,Sulfonamide combination,Broad,1,1037,23.18,75.78
Ujjain,2024-02,700000,Meropenem,Carbapenem,Very Broad,0,77,23.18,75.78
Ujjain,2024-03,700000,Amoxicillin,Penicillin,Narrow,0,1738,23.18,75.78
Ujjain,2024-03,700000,Amoxicillin-Clavulanate,Penicillin + beta-lactamase inhibitor,Broad,1,2967,23.18,75.78
Ujjain,2024-03,700000,Azithromycin,Macrolide,Broad,0,2402,23.18,75.78
Ujjain,2024-03,700000,Cefixime,Cephalosporin,Broad,0,1643,23.18,75.78
Ujjain,2024-03,700000,Ceftriaxone,Cephalosporin,Broad,0,667,23.18,75.78
Ujjain,2024-03,700000,Ciprofloxacin,Fluoroquinolone,Broad,0,1363,23.18,75.78
Ujjain,2024-03,700000,Doxycycline,Tetracycline,Broad,0,1316,23.18,75.78
Ujjain,2024-03,700000,Metronidazole,Nitroimidazole,Narrow,0,1277,23.18,75.78
Ujjain,2024-03,700000,Cotrimoxazole,Sulfonamide combination,Broad,1,1086,23.18,75.78
Ujjain,2024-03,700000,Meropenem,Carbapenem,Very Broad,0,90,23.18,75.78
Ujjain,2024-04,700000,Amoxicillin,Penicillin,Narrow,0,1980,23.18,75.78
Ujjain,2024-04,700000,Amoxicillin-Clavulanate,Penicillin + beta-lactamase inhibitor,Broad,1,2798,23.18,75.78
Ujjain,2024-04,700000,Azithromycin,Macrolide,Broad,0,2274,23.18,75.78
Ujjain,2024-04,700000,Cefixime,Cephalosporin,Broad,0,1563,23.18,75.78
Ujjain,2024-04,700000,Ceftriaxone,Cephalosporin,Broad,0,587,23.18,75.78
Ujjain,2024-04,700000,Ciprofloxacin,Fluoroquinolone,Broad,0,1505,23.18,75.78
Ujjain,2024-04,700000,Doxycycline,Tetracycline,Broad,0,1284,23.18,75.78
Ujjain,2024-04,700000,Metronidazole,Nitroimidazole,Narrow,0,1347,23.18,75.78
Ujjain,2024-04,700000,Cotrimoxazole,Sulfonamide combination,Broad,1,1085,23.18,75.78
Ujjain,2024-04,700000,Meropenem,Carbapenem,Very Broad,0,67,23.18,75.78
Ujjain,2024-05,700000,Amoxicillin,Penicillin,Narrow,0,2008,23.18,75.78
Ujjain,2024-05,700000,Amoxicillin-Clavulanate,Penicillin + beta-lactamase inhibitor,Broad,1,2530,23.18,75.78
Ujjain,2024-05,700000,Azithromycin,Macrolide,Broad,0,2381,23.18,75.78
Ujjain,2024-05,700000,Cefixime,Cephalosporin,Broad,0,1476,23.18,75.78
Ujjain,2024-05,700000,Ceftriaxone,Cephalosporin,Broad,0,652,23.18,75.78
Ujjain,2024-05,700000,Ciprofloxacin,Fluoroquinolone,Broad,0,1569,23.18,75.78
Ujjain,2024-05,700000,Doxycycline,Tetracycline,Broad,0,1158,23.18,75.78
Ujjain,2024-05,700000,Metronidazole,Nitroimidazole,Narrow,0,1417,23.18,75.78
Ujjain,2024-05,700000,Cotrimoxazole,Sulfonamide combination,Broad,1,1089,23.18,75.78
Ujjain,2024-05,700000,Meropenem,Carbapenem,Very Broad,0,82,23.18,75.78
Ujjain,2024-06,700000,Amoxicillin,Penicillin,Narrow,0,1767,23.18,75.78
Ujjain,2024-06,700000,Amoxicillin-Clavulanate,Penicillin + beta-lactamase inhibitor,Broad,1,3009,23.18,75.78
Ujjain,2024-06,700000,Azithromycin,Macrolide,Broad,0,2046,23.18,75.78
Ujjain,2024-06,700000,Cefixime,Cephalosporin,Broad,0,1743,23.18,75.78
Ujjain,2024-06,700000,Ceftriaxone,Cephalosporin,Broad,0,613,23.18,75.78
Ujjain,2024-06,700000,Ciprofloxacin,Fluoroquinolone,Broad,0,1541,23.18,75.78
Ujjain,2024-06,700000,Doxycycline,Tetracycline,Broad,0,1244,23.18,75.78
Ujjain,2024-06,700000,Metronidazole,Nitroimidazole,Narrow,0,1127,23.18,75.78
Ujjain,2024-06,700000,Cotrimoxazole,Sulfonamide combination,Broad,1,1074,23.18,75.78
Ujjain,2024-06,700000,Meropenem,Carbapenem,Very Broad,0,77,23.18,75.78
Ujjain,2024-07,700000,Amoxicillin,Penicillin,Narrow,0,1639,23.18,75.78
Ujjain,2024-07,700000,Amoxicillin-Clavulanate,Penicillin + beta-lactamase inhibitor,Broad,1,2516,23.18,75.78
Ujjain,2024-07,700000,Azithromycin,Macrolide,Broad,0,1918,23.18,75.78
Ujjain,2024-07,700000,Cefixime,Cephalosporin,Broad,0,1438,23.18,75.78
Ujjain,2024-07,700000,Ceftriaxone,Cephalosporin,Broad,0,598,23.18,75.78
Ujjain,2024-07,700000,Ciprofloxacin,Fluoroquinolone,Broad,0,1327,23.18,75.78
Ujjain,2024-07,700000,Doxycycline,Tetracycline,Broad,0,1136,23.18,75.78
Ujjain,2024-07,700000,Metronidazole,Nitroimidazole,Narrow,0,1105,23.18,75.78
Ujjain,2024-07,700000,Cotrimoxazole,Sulfonamide combination,Broad,1,1173,23.18,75.78
Ujjain,2024-07,700000,Meropenem,Carbapenem,Very Broad,0,64,23.18,75.78
Ujjain,2024-08,700000,Amoxicillin,Penicillin,Narrow,0,1456,23.18,75.78
Ujjain,2024-08,700000,Amoxicillin-Clavulanate,Penicillin + beta-lactamase inhibitor,Broad,1,2689,23.18,75.78
Ujjain,2024-08,700000,Azithromycin,Macrolide,Broad,0,1651,23.18,75.78
Ujjain,2024-08,700000,Cefixime,Cephalosporin,Broad,0,1406,23.18,75.78
Ujjain,2024-08,700000,Ceftriaxone,Cephalosporin,Broad,0,578,23.18,75.78
Ujjain,2024-08,700000,Ciprofloxacin,Fluoroquinolone,Broad,0,1319,23.18,75.78
Ujjain,2024-08,700000,Doxycycline,Tetracycline,Broad,0,1158,23.18,75.78
Ujjain,2024-08,700000,Metronidazole,Nitroimidazole,Narrow,0,1201,23.18,75.78
Ujjain,2024-08,700000,Cotrimoxazole,Sulfonamide combination,Broad,1,885,23.18,75.78
Ujjain,2024-08,700000,Meropenem,Carbapenem,Very Broad,0,68,23.18,75.78
Ujjain,2024-09,700000,Amoxicillin,Penicillin,Narrow,0,1458,23.18,75.78
Ujjain,2024-09,700000,Amoxicillin-Clavulanate,Penicillin + beta-lactamase inhibitor,Broad,1,2032,23.18,75.78
Ujjain,2024-09,700000,Azithromycin,Macrolide,Broad,0,1732,23.18,75.78
Ujjain,2024-09,700000,Cefixime,Cephalosporin,Broad,0,1120,23.18,75.78
Ujjain,2024-09,700000,Ceftriaxone,Cephalosporin,Broad,0,551,23.18,75.78
Ujjain,2024-09,700000,Ciprofloxacin,Fluoroquinolone,Broad,0,1057,23.18,75.78
Ujjain,2024-09,700000,Doxycycline,Tetracycline,Broad,0,1008,23.18,75.78
Ujjain,2024-09,700000,Metronidazole,Nitroimidazole,Narrow,0,955,23.18,75.78
Ujjain,2024-09,700000,Cotrimoxazole,Sulfonamide combination,Broad,1,795,23.18,75.78
Ujjain,2024-09,700000,Meropenem,Carbapenem,Very Broad,0,67,23.18,75.78
Ujjain,2024-10,700000,Amoxicillin,Penicillin,Narrow,0,1559,23.18,75.78
Ujjain,2024-10,700000,Amoxicillin-Clavulanate,Penicillin + beta-lactamase inhibitor,Broad,1,2483,23.18,75.78
Ujjain,2024-10,700000,Azithromycin,Macrolide,Broad,0,1709,23.18,75.78
Ujjain,2024-10,700000,Cefixime,Cephalosporin,Broad,0,1441,23.18,75.78
Ujjain,2024-10,700000,Ceftriaxone,Cephalosporin,Broad,0,480,23.18,75.78
Ujjain,2024-10,700000,Ciprofloxacin,Fluoroquinolone,Broad,0,1291,23.18,75.78
Ujjain,2024-10,700000,Doxycycline,Tetracycline,Broad,0,970,23.18,75.78
Ujjain,2024-10,700000,Metronidazole,Nitroimidazole,Narrow,0,971,23.18,75.78
Ujjain,2024-10,700000,Cotrimoxazole,Sulfonamide combination,Broad,1,914,23.18,75.78
Ujjain,2024-10,700000,Meropenem,Carbapenem,Very Broad,0,68,23.18,75.78
Ujjain,2024-11,700000,Amoxicillin,Penicillin,Narrow,0,1484,23.18,75.78
Ujjain,2024-11,700000,Amoxicillin-Clavulanate,Penicillin + beta-lactamase inhibitor,Broad,1,2313,23.18,75.78
Ujjain,2024-11,700000,Azithromycin,Macrolide,Broad,0,1969,23.18,75.78
Ujjain,2024-11,700000,Cefixime,Cephalosporin,Broad,0,1356,23.18,75.78
Ujjain,2024-11,700000,Ceftriaxone,Cephalosporin,Broad,0,575,23.18,75.78
Ujjain,2024-11,700000,Ciprofloxacin,Fluoroquinolone,Broad,0,1271,23.18,75.78
Ujjain,2024-11,700000,Doxycycline,Tetracycline,Broad,0,1096,23.18,75.78
Ujjain,2024-11,700000,Metronidazole,Nitroimidazole,Narrow,0,932,23.18,75.78
Ujjain,2024-11,700000,Cotrimoxazole,Sulfonamide combination,Broad,1,891,23.18,75.78
Ujjain,2024-11,700000,Meropenem,Carbapenem,Very Broad,0,59,23.18,75.78
Ujjain,2024-12,700000,Amoxicillin,Penicillin,Narrow,0,1708,23.18,75.78
Ujjain,2024-12,700000,Amoxicillin-Clavulanate,Penicillin + beta-lactamase inhibitor,Broad,1,2316,23.18,75.78
Ujjain,2024-12,700000,Azithromycin,Macrolide,Broad,0,2019,23.18,75.78
Ujjain,2024-12,700000,Cefixime,Cephalosporin,Broad,0,1464,23.18,75.78
Ujjain,2024-12,700000,Ceftriaxone,Cephalosporin,Broad,0,488,23.18,75.78
Ujjain,2024-12,700000,Ciprofloxacin,Fluoroquinolone,Broad,0,1257,23.18,75.78
Ujjain,2024-12,700000,Doxycycline,Tetracycline,Broad,0,1107,23.18,75.78
Ujjain,2024-12,700000,Metronidazole,Nitroimidazole,Narrow,0,866,23.18,75.78
Ujjain,2024-12,700000,Cotrimoxazole,Sulfonamide combination,Broad,1,874,23.18,75.78
Ujjain,2024-12,700000,Meropenem,Carbapenem,Very Broad,0,75,23.18,75.78
Ujjain,2025-01,700000,Amoxicillin,Penicillin,Narrow,0,1655,23.18,75.78
Ujjain,2025-01,700000,Amoxicillin-Clavulanate,Penicillin + beta-lactamase inhibitor,Broad,1,2799,23.18,75.78
Ujjain,2025-01,700000,Azithromycin,Macrolide,Broad,0,2184,23.18,75.78
Ujjain,2025-01,700000,Cefixime,Cephalosporin,Broad,0,1552,23.18,75.78
Ujjain,2025-01,700000,Ceftriaxone,Cephalosporin,Broad,0,606,23.18,75.78
Ujjain,2025-01,700000,Ciprofloxacin,Fluoroquinolone,Broad,0,1419,23.18,75.78
Ujjain,2025-01,700000,Doxycycline,Tetracycline,Broad,0,1104,23.18,75.78
Ujjain,2025-01,700000,Metronidazole,Nitroimidazole,Narrow,0,1282,23.18,75.78
Ujjain,2025-01,700000,Cotrimoxazole,Sulfonamide combination,Broad,1,1149,23.18,75.78
Ujjain,2025-01,700000,Meropenem,Carbapenem,Very Broad,0,83,23.18,75.78
Ujjain,2025-02,700000,Amoxicillin,Penicillin,Narrow,0,1570,23.18,75.78
Ujjain,2025-02,700000,Amoxicillin-Clavulanate,Penicillin + beta-lactamase inhibitor,Broad,1,3019,23.18,75.78
Ujjain,2025-02,700000,Azithromycin,Macrolide,Broad,0,2325,23.18,75.78
Ujjain,2025-02,700000,Cefixime,Cephalosporin,Broad,0,1602,23.18,75.78
Ujjain,2025-02,700000,Ceftriaxone,Cephalosporin,Broad,0,621,23.18,75.78
Ujjain,2025-02,700000,Ciprofloxacin,Fluoroquinolone,Broad,0,1524,23.18,75.78
Ujjain,2025-02,700000,Doxycycline,Tetracycline,Broad,0,1117,23.18,75.78
Ujjain,2025-02,700000,Metronidazole,Nitroimidazole,Narrow,0,1288,23.18,75.78
Ujjain,2025-02,700000,Cotrimoxazole,Sulfonamide combination,Broad,1,1194,23.18,75.78
Ujjain,2025-02,700000,Meropenem,Carbapenem,Very Broad,0,89,23.18,75.78
Ujjain,2025-03,700000,Amoxicillin,Penicillin,Narrow,0,1578,23.18,75.78
Ujjain,2025-03,700000,Amoxicillin-Clavulanate,Penicillin + beta-lactamase inhibitor,Broad,1,3007,23.18,75.78
Ujjain,2025-03,700000,Azithromycin,Macrolide,Broad,0,2697,23.18,75.78
Ujjain,2025-03,700000,Cefixime,Cephalosporin,Broad,0,1546,23.18,75.78
Ujjain,2025-03,700000,Ceftriaxone,Cephalosporin,Broad,0,686,23.18,75.78
Ujjain,2025-03,700000,Ciprofloxacin,Fluoroquinolone,Broad,0,1728,23.18,75.78
Ujjain,2025-03,700000,Doxycycline,Tetracycline,Broad,0,1346,23.18,75.78
Ujjain,2025-03,700000,Metronidazole,Nitroimidazole,Narrow,0,1518,23.18,75.78
Ujjain,2025-03,700000,Cotrimoxazole,Sulfonamide combination,Broad,1,1100,23.18,75.78
Ujjain,2025-03,700000,Meropenem,Carbapenem,Very Broad,0,78,23.18,75.78
Ujjain,2025-04,700000,Amoxicillin,Penicillin,Narrow,0,1627,23.18,75.78
Ujjain,2025-04,700000,Amoxicillin-Clavulanate,Penicillin + beta-lactamase inhibitor,Broad,1,3009,23.18,75.78
Ujjain,2025-04,700000,Azithromycin,Macrolide,Broad,0,2321,23.18,75.78
Ujjain,2025-04,700000,Cefixime,Cephalosporin,Broad,0,1823,23.18,75.78
Ujjain,2025-04,700000,Ceftriaxone,Cephalosporin,Broad,0,737,23.18,75.78
Ujjain,2025-04,700000,Ciprofloxacin,Fluoroquinolone,Broad,0,1652,23.18,75.78
Ujjain,2025-04,700000,Doxycycline,Tetracycline,Broad,0,1276,23.18,75.78
Ujjain,2025-04,700000,Metronidazole,Nitroimidazole,Narrow,0,1418,23.18,75.78
Ujjain,2025-04,700000,Cotrimoxazole,Sulfonamide combination,Broad,1,1562,23.18,75.78
Ujjain,2025-04,700000,Meropenem,Carbapenem,Very Broad,0,92,23.18,75.78
Ujjain,2025-05,700000,Amoxicillin,Penicillin,Narrow,0,1588,23.18,75.78
Ujjain,2025-05,700000,Amoxicillin-Clavulanate,Penicillin + beta-lactamase inhibitor,Broad,1,2810,23.18,75.78
Ujjain,2025-05,700000,Azithromycin,Macrolide,Broad,0,2200,23.18,75.78
Ujjain,2025-05,700000,Cefixime,Cephalosporin,Broad,0,1584,23.18,75.78
Ujjain,2025-05,700000,Ceftriaxone,Cephalosporin,Broad,0,687,23.18,75.78
Ujjain,2025-05,700000,Ciprofloxacin,Fluoroquinolone,Broad,0,1766,23.18,75.78
Ujjain,2025-05,700000,Doxycycline,Tetracycline,Broad,0,1403,23.18,75.78
Ujjain,2025-05,700000,Metronidazole,Nitroimidazole,Narrow,0,1264,23.18,75.78
Ujjain,2025-05,700000,Cotrimoxazole,Sulfonamide combination,Broad,1,1054,23.18,75.78
Ujjain,2025-05,700000,Meropenem,Carbapenem,Very Broad,0,93,23.18,75.78
Ujjain,2025-06,700000,Amoxicillin,Penicillin,Narrow,0,1476,23.18,75.78
Ujjain,2025-06,700000,Amoxicillin-Clavulanate,Penicillin + beta-lactamase inhibitor,Broad,1,2959,23.18,75.78
Ujjain,2025-06,700000,Azithromycin,Macrolide,Broad,0,2280,23.18,75.78
Ujjain,2025-06,700000,Cefixime,Cephalosporin,Broad,0,1293,23.18,75.78
Ujjain,2025-06,700000,Ceftriaxone,Cephalosporin,Broad,0,618,23.18,75.78
Ujjain,2025-06,700000,Ciprofloxacin,Fluoroquinolone,Broad,0,1481,23.18,75.78
Ujjain,2025-06,700000,Doxycycline,Tetracycline,Broad,0,1297,23.18,75.78
Ujjain,2025-06,700000,Metronidazole,Nitroimidazole,Narrow,0,1186,23.18,75.78
Ujjain,2025-06,700000,Cotrimoxazole,Sulfonamide combination,Broad,1,1035,23.18,75.78
Ujjain,2025-06,700000,Meropenem,Carbapenem,Very Broad,0,85,23.18,75.78
Ujjain,2025-07,700000,Amoxicillin,Penicillin,Narrow,0,1674,23.18,75.78
Ujjain,2025-07,700000,Amoxicillin-Clavulanate,Penicillin + beta-lactamase inhibitor,Broad,1,2390,23.18,75.78
Ujjain,2025-07,700000,Azithromycin,Macrolide,Broad,0,1780,23.18,75.78
Ujjain,2025-07,700000,Cefixime,Cephalosporin,Broad,0,1568,23.18,75.78
Ujjain,2025-07,700000,Ceftriaxone,Cephalosporin,Broad,0,630,23.18,75.78
Ujjain,2025-07,700000,Ciprofloxacin,Fluoroquinolone,Broad,0,1499,23.18,75.78
Ujjain,2025-07,700000,Doxycycline,Tetracycline,Broad,0,1108,23.18,75.78
Ujjain,2025-07,700000,Metronidazole,Nitroimidazole,Narrow,0,1100,23.18,75.78
Ujjain,2025-07,700000,Cotrimoxazole,Sulfonamide combination,Broad,1,1129,23.18,75.78
Ujjain,2025-07,700000,Meropenem,Carbapenem,Very Broad,0,66,23.18,75.78
Ujjain,2025-08,700000,Amoxicillin,Penicillin,Narrow,0,1683,23.18,75.78
Ujjain,2025-08,700000,Amoxicillin-Clavulanate,Penicillin + beta-lactamase inhibitor,Broad,1,2671,23.18,75.78
Ujjain,2025-08,700000,Azithromycin,Macrolide,Broad,0,1812,23.18,75.78
Ujjain,2025-08,700000,Cefixime,Cephalosporin,Broad,0,1333,23.18,75.78
Ujjain,2025-08,700000,Ceftriaxone,Cephalosporin,Broad,0,582,23.18,75.78
Ujjain,2025-08,700000,Ciprofloxacin,Fluoroquinolone,Broad,0,1211,23.18,75.78
Ujjain,2025-08,700000,Doxycycline,Tetracycline,Broad,0,1025,23.18,75.78
Ujjain,2025-08,700000,Metronidazole,Nitroimidazole,Narrow,0,1167,23.18,75.78
Ujjain,2025-08,700000,Cotrimoxazole,Sulfonamide combination,Broad,1,1034,23.18,75.78
Ujjain,2025-08,700000,Meropenem,Carbapenem,Very Broad,0,66,23.18,75.78
Ujjain,2025-09,700000,Amoxicillin,Penicillin,Narrow,0,1517,23.18,75.78
Ujjain,2025-09,700000,Amoxicillin-Clavulanate,Penicillin + beta-lactamase inhibitor,Broad,1,2625,23.18,75.78
Ujjain,2025-09,700000,Azithromycin,Macrolide,Broad,0,1925,23.18,75.78
Ujjain,2025-09,700000,Cefixime,Cephalosporin,Broad,0,1455,23.18,75.78
Ujjain,2025-09,700000,Ceftriaxone,Cephalosporin,Broad,0,582,23.18,75.78
Ujjain,2025-09,700000,Ciprofloxacin,Fluoroquinolone,Broad,0,1366,23.18,75.78
Ujjain,2025-09,700000,Doxycycline,Tetracycline,Broad,0,947,23.18,75.78
Ujjain,2025-09,700000,Metronidazole,Nitroimidazole,Narrow,0,1057,23.18,75.78
Ujjain,2025-09,700000,Cotrimoxazole,Sulfonamide combination,Broad,1,924,23.18,75.78
Ujjain,2025-09,700000,Meropenem,Carbapenem,Very Broad,0,66,23.18,75.78
Ujjain,2025-10,700000,Amoxicillin,Penicillin,Narrow,0,1512,23.18,75.78
Ujjain,2025-10,700000,Amoxicillin-Clavulanate,Penicillin + beta-lactamase inhibitor,Broad,1,2376,23.18,75.78
Ujjain,2025-10,700000,Azithromycin,Macrolide,Broad,0,1829,23.18,75.78
Ujjain,2025-10,700000,Cefixime,Cephalosporin,Broad,0,1250,23.18,75.78
Ujjain,2025-10,700000,Ceftriaxone,Cephalosporin,Broad,0,597,23.18,75.78
Ujjain,2025-10,700000,Ciprofloxacin,Fluoroquinolone,Broad,0,1282,23.18,75.78
Ujjain,2025-10,700000,Doxycycline,Tetracycline,Broad,0,950,23.18,75.78
Ujjain,2025-10,700000,Metronidazole,Nitroimidazole,Narrow,0,1035,23.18,75.78
Ujjain,2025-10,700000,Cotrimoxazole,Sulfonamide combination,Broad,1,788,23.18,75.78
Ujjain,2025-10,700000,Meropenem,Carbapenem,Very Broad,0,66,23.18,75.78
Ujjain,2025-11,700000,Amoxicillin,Penicillin,Narrow,0,1402,23.18,75.78
Ujjain,2025-11,700000,Amoxicillin-Clavulanate,Penicillin + beta-lactamase inhibitor,Broad,1,2614,23.18,75.78
Ujjain,2025-11,700000,Azithromycin,Macrolide,Broad,0,1750,23.18,75.78
Ujjain,2025-11,700000,Cefixime,Cephalosporin,Broad,0,1412,23.18,75.78
Ujjain,2025-11,700000,Ceftriaxone,Cephalosporin,Broad,0,650,23.18,75.78
Ujjain,2025-11,700000,Ciprofloxacin,Fluoroquinolone,Broad,0,1368,23.18,75.78
Ujjain,2025-11,700000,Doxycycline,Tetracycline,Broad,0,1040,23.18,75.78
Ujjain,2025-11,700000,Metronidazole,Nitroimidazole,Narrow,0,975,23.18,75.78
Ujjain,2025-11,700000,Cotrimoxazole,Sulfonamide combination,Broad,1,824,23.18,75.78
Ujjain,2025-11,700000,Meropenem,Carbapenem,Very Broad,0,65,23.18,75.78
Ujjain,2025-12,700000,Amoxicillin,Penicillin,Narrow,0,1443,23.18,75.78
Ujjain,2025-12,700000,Amoxicillin-Clavulanate,Penicillin + beta-lactamase inhibitor,Broad,1,2395,23.18,75.78
Ujjain,2025-12,700000,Azithromycin,Macrolide,Broad,0,2010,23.18,75.78
Ujjain,2025-12,700000,Cefixime,Cephalosporin,Broad,0,1454,23.18,75.78
Ujjain,2025-12,700000,Ceftriaxone,Cephalosporin,Broad,0,530,23.18,75.78
Ujjain,2025-12,700000,Ciprofloxacin,Fluoroquinolone,Broad,0,1257,23.18,75.78
Ujjain,2025-12,700000,Doxycycline,Tetracycline,Broad,0,1078,23.18,75.78
Ujjain,2025-12,700000,Metronidazole,Nitroimidazole,Narrow,0,1093,23.18,75.78
Ujjain,2025-12,700000,Cotrimoxazole,Sulfonamide combination,Broad,1,1097,23.18,75.78
Ujjain,2025-12,700000,Meropenem,Carbapenem,Very Broad,0,72,23.18,75.78
Sagar,2024-01,700000,Amoxicillin,Penicillin,Narrow,0,1634,23.84,78.74
Sagar,2024-01,700000,Amoxicillin-Clavulanate,Penicillin + beta-lactamase inhibitor,Broad,1,2466,23.84,78.74
Sagar,2024-01,700000,Azithromycin,Macrolide,Broad,0,2008,23.84,78.74
Sagar,2024-01,700000,Cefixime,Cephalosporin,Broad,0,1277,23.84,78.74
Sagar,2024-01,700000,Ceftriaxone,Cephalosporin,Broad,0,663,23.84,78.74
Sagar,2024-01,700000,Ciprofloxacin,Fluoroquinolone,Broad,0,1220,23.84,78.74
Sagar,2024-01,700000,Doxycycline,Tetracycline,Broad,0,1147,23.84,78.74
Sagar,2024-01,700000,Metronidazole,Nitroimidazole,Narrow,0,1169,23.84,78.74
Sagar,2024-01,700000,Cotrimoxazole,Sulfonamide combination,Broad,1,973,23.84,78.74
Sagar,2024-01,700000,Meropenem,Carbapenem,Very Broad,0,77,23.84,78.74
Sagar,2024-02,700000,Amoxicillin,Penicillin,Narrow,0,1610,23.84,78.74
Sagar,2024-02,700000,Amoxicillin-Clavulanate,Penicillin + beta-lactamase inhibitor,Broad,1,2876,23.84,78.74
Sagar,2024-02,700000,Azithromycin,Macrolide,Broad,0,2084,23.84,78.74
Sagar,2024-02,700000,Cefixime,Cephalosporin,Broad,0,1550,23.84,78.74
Sagar,2024-02,700000,Ceftriaxone,Cephalosporin,Broad,0,576,23.84,78.74
Sagar,2024-02,700000,Ciprofloxacin,Fluoroquinolone,Broad,0,1334,23.84,78.74
Sagar,2024-02,700000,Doxycycline,Tetracycline,Broad,0,1196,23.84,78.74
Sagar,2024-02,700000,Metronidazole,Nitroimidazole,Narrow,0,1256,23.84,78.74
Sagar,2024-02,700000,Cotrimoxazole,Sulfonamide combination,Broad,1,910,23.84,78.74
Sagar,2024-02,700000,Meropenem,Carbapenem,Very Broad,0,79,23.84,78.74
Sagar,2024-03,700000,Amoxicillin,Penicillin,Narrow,0,1904,23.84,78.74
Sagar,2024-03,700000,Amoxicillin-Clavulanate,Penicillin + beta-lactamase inhibitor,Broad,1,2660,23.84,78.74
Sagar,2024-03,700000,Azithromycin,Macrolide,Broad,0,2032,23.84,78.74
Sagar,2024-03,700000,Cefixime,Cephalosporin,Broad,0,1588,23.84,78.74
Sagar,2024-03,700000,Ceftriaxone,Cephalosporin,Broad,0,613,23.84,78.74
Sagar,2024-03,700000,Ciprofloxacin,Fluoroquinolone,Broad,0,1634,23.84,78.74
Sagar,2024-03,700000,Doxycycline,Tetracycline,Broad,0,1228,23.84,78.74
Sagar,2024-03,700000,Metronidazole,Nitroimidazole,Narrow,0,1249,23.84,78.74
Sagar,2024-03,700000,Cotrimoxazole,Sulfonamide combination,Broad,1,1121,23.84,78.74
Sagar,2024-03,700000,Meropenem,Carbapenem,Very Broad,0,72,23.84,78.74
Sagar,2024-04,700000,Amoxicillin,Penicillin,Narrow,0,1813,23.84,78.74
Sagar,2024-04,700000,Amoxicillin-Clavulanate,Penicillin + beta-lactamase inhibitor,Broad,1,2539,23.84,78.74
Sagar,2024-04,700000,Azithromycin,Macrolide,Broad,0,2023,23.84,78.74
Sagar,2024-04,700000,Cefixime,Cephalosporin,Broad,0,1700,23.84,78.74
Sagar,2024-04,700000,Ceftriaxone,Cephalosporin,Broad,0,693,23.84,78.74
Sagar,2024-04,700000,Ciprofloxacin,Fluoroquinolone,Broad,0,1368,23.84,78.74
Sagar,2024-04,700000,Doxycycline,Tetracycline,Broad,0,1186,23.84,78.74
Sagar,2024-04,700000,Metronidazole,Nitroimidazole,Narrow,0,1193,23.84,78.74
Sagar,2024-04,700000,Cotrimoxazole,Sulfonamide combination,Broad,1,1232,23.84,78.74
Sagar,2024-04,700000,Meropenem,Carbapenem,Very Broad,0,85,23.84,78.74
Sagar,2024-05,700000,Amoxicillin,Penicillin,Narrow,0,1817,23.84,78.74
Sagar,2024-05,700000,Amoxicillin-Clavulanate,Penicillin + beta-lactamase inhibitor,Broad,1,2487,23.84,78.74
Sagar,2024-05,700000,Azithromycin,Macrolide,Broad,0,2048,23.84,78.74
Sagar,2024-05,700000,Cefixime,Cephalosporin,Broad,0,1604,23.84,78.74
Sagar,2024-05,700000,Ceftriaxone,Cephalosporin,Broad,0,686,23.84,78.74
Sagar,2024-05,700000,Ciprofloxacin,Fluoroquinolone,Broad,0,1492,23.84,78.74
Sagar,2024-05,700000,Doxycycline,Tetracycline,Broad,0,1261,23.84,78.74
Sagar,2024-05,700000,Metronidazole,Nitroimidazole,Narrow,0,1274,23.84,78.74
Sagar,2024-05,700000,Cotrimoxazole,Sulfonamide combination,Broad,1,1075,23.84,78.74
Sagar,2024-05,700000,Meropenem,Carbapenem,Very Broad,0,78,23.84,78.74
Sagar,2024-06,700000,Amoxicillin,Penicillin,Narrow,0,1708,23.84,78.74
Sagar,2024-06,700000,Amoxicillin-Clavulanate,Penicillin + beta-lactamase inhibitor,Broad,1,2723,23.84,78.74
Sagar,2024-06,700000,Azithromycin,Macrolide,Broad,0,2075,23.84,78.74
Sagar,2024-06,700000,Cefixime,Cephalosporin,Broad,0,1392,23.84,78.74
Sagar,2024-06,700000,Ceftriaxone,Cephalosporin,Broad,0,588,23.84,78.74
Sagar,2024-06,700000,Ciprofloxacin,Fluoroquinolone,Broad,0,1485,23.84,78.74
Sagar,2024-06,700000,Doxycycline,Tetracycline,Broad,0,1318,23.84,78.74
Sagar,2024-06,700000,Metronidazole,Nitroimidazole,Narrow,0,1235,23.84,78.74
Sagar,2024-06,700000,Cotrimoxazole,Sulfonamide combination,Broad,1,1006,23.84,78.74
Sagar,2024-06,700000,Meropenem,Carbapenem,Very Broad,0,77,23.84,78.74
Sagar,2024-07,700000,Amoxicillin,Penicillin,Narrow,0,1747,23.84,78.74
Sagar,2024-07,700000,Amoxicillin-Clavulanate,Penicillin + beta-lactamase inhibitor,Broad,1,2470,23.84,78.74
Sagar,2024-07,700000,Azithromycin,Macrolide,Broad,0,1810,23.84,78.74
Sagar,2024-07,700000,Cefixime,Cephalosporin,Broad,0,1410,23.84,78.74
Sagar,2024-07,700000,Ceftriaxone,Cephalosporin,Broad,0,571,23.84,78.74
Sagar,2024-07,700000,Ciprofloxacin,Fluoroquinolone,Broad,0,1481,23.84,78.74
Sagar,2024-07,700000,Doxycycline,Tetracycline,Broad,0,1094,23.84,78.74
Sagar,2024-07,700000,Metronidazole,Nitroimidazole,Narrow,0,1171,23.84,78.74
Sagar,2024-07,700000,Cotrimoxazole,Sulfonamide combination,Broad,1,998,23.84,78.74
Sagar,2024-07,700000,Meropenem,Carbapenem,Very Broad,0,66,23.84,78.74
Sagar,2024-08,700000,Amoxicillin,Penicillin,Narrow,0,1544,23.84,78.74
Sagar,2024-08,700000,Amoxicillin-Clavulanate,Penicillin + beta-lactamase inhibitor,Broad,1,2056,23.84,78.74
Sagar,2024-08,700000,Azithromycin,Macrolide,Broad,0,1865,23.84,78.74
Sagar,2024-08,700000,Cefixime,Cephalosporin,Broad,0,1356,23.84,78.74
Sagar,2024-08,700000,Ceftriaxone,Cephalosporin,Broad,0,572,23.84,78.74
Sagar,2024-08,700000,Ciprofloxacin,Fluoroquinolone,Broad,0,1288,23.84,78.74
Sagar,2024-08,700000,Doxycycline,Tetracycline,Broad,0,1079,23.84,78.74
Sagar,2024-08,700000,Metronidazole,Nitroimidazole,Narrow,0,1211,23.84,78.74
Sagar,2024-08,700000,Cotrimoxazole,Sulfonamide combination,Broad,1,833,23.84,78.74
Sagar,2024-08,700000,Meropenem,Carbapenem,Very Broad,0,65,23.84,78.74
Sagar,2024-09,700000,Amoxicillin,Penicillin,Narrow,0,1506,23.84,78.74
Sagar,2024-09,700000,Amoxicillin-Clavulanate,Penicillin + beta-lactamase inhibitor,Broad,1,2305,23.84,78.74
Sagar,2024-09,700000,Azithromycin,Macrolide,Broad,0,2156,23.84,78.74
Sagar,2024-09,700000,Cefixime,Cephalosporin,Broad,0,1365,23.84,78.74
Sagar,2024-09,700000,Ceftriaxone,Cephalosporin,Broad,0,590,23.84,78.74
Sagar,2024-09,700000,Ciprofloxacin,Fluoroquinolone,Broad,0,1204,23.84,78.74
Sagar,2024-09,700000,Doxycycline,Tetracycline,Broad,0,939,23.84,78.74
Sagar,2024-09,700000,Metronidazole,Nitroimidazole,Narrow,0,1032,23.84,78.74
Sagar,2024-09,700000,Cotrimoxazole,Sulfonamide combination,Broad,1,922,23.84,78.74
Sagar,2024-09,700000,Meropenem,Carbapenem,Very Broad,0,66,23.84,78.74
Sagar,2024-10,700000,Amoxicillin,Penicillin,Narrow,0,1408,23.84,78.74
Sagar,2024-10,700000,Amoxicillin-Clavulanate,Penicillin + beta-lactamase inhibitor,Broad,1,2117,23.84,78.74
Sagar,2024-10,700000,Azithromycin,Macrolide,Broad,0,1769,23.84,78.74
Sagar,2024-10,700000,Cefixime,Cephalosporin,Broad,0,1350,23.84,78.74
Sagar,2024-10,700000,Ceftriaxone,Cephalosporin,Broad,0,567,23.84,78.74
Sagar,2024-10,700000,Ciprofloxacin,Fluoroquinolone,Broad,0,1118,23.84,78.74
Sagar,2024-10,700000,Doxycycline,Tetracycline,Broad,0,1053,23.84,78.74
Sagar,2024-10,700000,Metronidazole,Nitroimidazole,Narrow,0,990,23.84,78.74
Sagar,2024-10,700000,Cotrimoxazole,Sulfonamide combination,Broad,1,886,23.84,78.74
Sagar,2024-10,700000,Meropenem,Carbapenem,Very Broad,0,62,23.84,78.74
Sagar,2024-11,700000,Amoxicillin,Penicillin,Narrow,0,1413,23.84,78.74
Sagar,2024-11,700000,Amoxicillin-Clavulanate,Penicillin + beta-lactamase inhibitor,Broad,1,2310,23.84,78.74
Sagar,2024-11,700000,Azithromycin,Macrolide,Broad,0,1975,23.84,78.74
Sagar,2024-11,700000,Cefixime,Cephalosporin,Broad,0,1235,23.84,78.74
Sagar,2024-11,700000,Ceftriaxone,Cephalosporin,Broad,0,548,23.84,78.74
Sagar,2024-11,700000,Ciprofloxacin,Fluoroquinolone,Broad,0,1224,23.84,78.74
Sagar,2024-11,700000,Doxycycline,Tetracycline,Broad,0,989,23.84,78.74
Sagar,2024-11,700000,Metronidazole,Nitroimidazole,Narrow,0,1026,23.84,78.74
Sagar,2024-11,700000,Cotrimoxazole,Sulfonamide combination,Broad,1,970,23.84,78.74
Sagar,2024-11,700000,Meropenem,Carbapenem,Very Broad,0,62,23.84,78.74
Sagar,2024-12,700000,Amoxicillin,Penicillin,Narrow,0,1553,23.84,78.74
Sagar,2024-12,700000,Amoxicillin-Clavulanate,Penicillin + beta-lactamase inhibitor,Broad,1,2124,23.84,78.74
Sagar,2024-12,700000,Azithromycin,Macrolide,Broad,0,2064,23.84,78.74
Sagar,2024-12,700000,Cefixime,Cephalosporin,Broad,0,1230,23.84,78.74
Sagar,2024-12,700000,Ceftriaxone,Cephalosporin,Broad,0,600,23.84,78.74
Sagar,2024-12,700000,Ciprofloxacin,Fluoroquinolone,Broad,0,1250,23.84,78.74
Sagar,2024-12,700000,Doxycycline,Tetracycline,Broad,0,1071,23.84,78.74
Sagar,2024-12,700000,Metronidazole,Nitroimidazole,Narrow,0,997,23.84,78.74
Sagar,2024-12,700000,Cotrimoxazole,Sulfonamide combination,Broad,1,941,23.84,78.74
Sagar,2024-12,700000,Meropenem,Carbapenem,Very Broad,0,73,23.84,78.74
Sagar,2025-01,700000,Amoxicillin,Penicillin,Narrow,0,1525,23.84,78.74
Sagar,2025-01,700000,Amoxicillin-Clavulanate,Penicillin + beta-lactamase inhibitor,Broad,1,2583,23.84,78.74
Sagar,2025-01,700000,Azithromycin,Macrolide,Broad,0,2165,23.84,78.74
Sagar,2025-01,700000,Cefixime,Cephalosporin,Broad,0,1184,23.84,78.74
Sagar,2025-01,700000,Ceftriaxone,Cephalosporin,Broad,0,695,23.84,78.74
Sagar,2025-01,700000,Ciprofloxacin,Fluoroquinolone,Broad,0,1422,23.84,78.74
Sagar,2025-01,700000,Doxycycline,Tetracycline,Broad,0,1185,23.84,78.74
Sagar,2025-01,700000,Metronidazole,Nitroimidazole,Narrow,0,1149,23.84,78.74
Sagar,2025-01,700000,Cotrimoxazole,Sulfonamide combination,Broad,1,845,23.84,78.74
Sagar,2025-01,700000,Meropenem,Carbapenem,Very Broad,0,75,23.84,78.74
Sagar,2025-02,700000,Amoxicillin,Penicillin,Narrow,0,1754,23.84,78.74
Sagar,2025-02,700000,Amoxicillin-Clavulanate,Penicillin + beta-lactamase inhibitor,Broad,1,2656,23.84,78.74
Sagar,2025-02,700000,Azithromycin,Macrolide,Broad,0,2248,23.84,78.74
Sagar,2025-02,700000,Cefixime,Cephalosporin,Broad,0,1456,23.84,78.74
Sagar,2025-02,700000,Ceftriaxone,Cephalosporin,Broad,0,686,23.84,78.74
Sagar,2025-02,700000,Ciprofloxacin,Fluoroquinolone,Broad,0,1330,23.84,78.74
Sagar,2025-02,700000,Doxycycline,Tetracycline,Broad,0,1405,23.84,78.74
Sagar,2025-02,700000,Metronidazole,Nitroimidazole,Narrow,0,1431,23.84,78.74
Sagar,2025-02,700000,Cotrimoxazole,Sulfonamide combination,Broad,1,1191,23.84,78.74
Sagar,2025-02,700000,Meropenem,Carbapenem,Very Broad,0,85,23.84,78.74
Sagar,2025-03,700000,Amoxicillin,Penicillin,Narrow,0,1905,23.84,78.74
Sagar,2025-03,700000,Amoxicillin-Clavulanate,Penicillin + beta-lactamase inhibitor,Broad,1,2852,23.84,78.74
Sagar,2025-03,700000,Azithromycin,Macrolide,Broad,0,2017,23.84,78.74
Sagar,2025-03,700000,Cefixime,Cephalosporin,Broad,0,1808,23.84,78.74
Sagar,2025-03,700000,Ceftriaxone,Cephalosporin,Broad,0,734,23.84,78.74
Sagar,2025-03,700000,Ciprofloxacin,Fluoroquinolone,Broad,0,1531,23.84,78.74
Sagar,2025-03,700000,Doxycycline,Tetracycline,Broad,0,1148,23.84,78.74
Sagar,2025-03,700000,Metronidazole,Nitroimidazole,Narrow,0,1218,23.84,78.74
Sagar,2025-03,700000,Cotrimoxazole,Sulfonamide combination,Broad,1,974,23.84,78.74
Sagar,2025-03,700000,Meropenem,Carbapenem,Very Broad,0,88,23.84,78.74
Sagar,2025-04,700000,Amoxicillin,Penicillin,Narrow,0,1806,23.84,78.74
Sagar,2025-04,700000,Amoxicillin-Clavulanate,Penicillin + beta-lactamase inhibitor,Broad,1,2674,23.84,78.74
Sagar,2025-04,700000,Azithromycin,Macrolide,Broad,0,2005,23.84,78.74
Sagar,2025-04,700000,Cefixime,Cephalosporin,Broad,0,1657,23.84,78.74
Sagar,2025-04,700000,Ceftriaxone,Cephalosporin,Broad,0,661,23.84,78.74
Sagar,2025-04,700000,Ciprofloxacin,Fluoroquinolone,Broad,0,1634,23.84,78.74
Sagar,2025-04,700000,Doxycycline,Tetracycline,Broad,0,1146,23.84,78.74
Sagar,2025-04,700000,Metronidazole,Nitroimidazole,Narrow,0,1213,23.84,78.74
Sagar,2025-04,700000,Cotrimoxazole,Sulfonamide combination,Broad,1,921,23.84,78.74
Sagar,2025-04,700000,Meropenem,Carbapenem,Very Broad,0,68,23.84,78.74
Sagar,2025-05,700000,Amoxicillin,Penicillin,Narrow,0,2038,23.84,78.74
Sagar,2025-05,700000,Amoxicillin-Clavulanate,Penicillin + beta-lactamase inhibitor,Broad,1,3008,23.84,78.74
Sagar,2025-05,700000,Azithromycin,Macrolide,Broad,0,2113,23.84,78.74
Sagar,2025-05,700000,Cefixime,Cephalosporin,Broad,0,1624,23.84,78.74
Sagar,2025-05,700000,Ceftriaxone,Cephalosporin,Broad,0,738,23.84,78.74
Sagar,2025-05,700000,Ciprofloxacin,Fluoroquinolone,Broad,0,1509,23.84,78.74
Sagar,2025-05,700000,Doxycycline,Tetracycline,Broad,0,1315,23.84,78.74
Sagar,2025-05,700000,Metronidazole,Nitroimidazole,Narrow,0,1281,23.84,78.74
Sagar,2025-05,700000,Cotrimoxazole,Sulfonamide combination,Broad,1,1124,23.84,78.74
Sagar,2025-05,700000,Meropenem,Carbapenem,Very Broad,0,82,23.84,78.74
Sagar,2025-06,700000,Amoxicillin,Penicillin,Narrow,0,1569,23.84,78.74
Sagar,2025-06,700000,Amoxicillin-Clavulanate,Penicillin + beta-lactamase inhibitor,Broad,1,2870,23.84,78.74
Sagar,2025-06,700000,Azithromycin,Macrolide,Broad,0,2029,23.84,78.74
Sagar,2025-06,700000,Cefixime,Cephalosporin,Broad,0,1586,23.84,78.74
Sagar,2025-06,700000,Ceftriaxone,Cephalosporin,Broad,0,722,23.84,78.74
Sagar,2025-06,700000,Ciprofloxacin,Fluoroquinolone,Broad,0,1465,23.84,78.74
Sagar,2025-06,700000,Doxycycline,Tetracycline,Broad,0,1306,23.84,78.74
Sagar,2025-06,700000,Metronidazole,Nitroimidazole,Narrow,0,1066,23.84,78.74
Sagar,2025-06,700000,Cotrimoxazole,Sulfonamide combination,Broad,1,1052,23.84,78.74
Sagar,2025-06,700000,Meropenem,Carbapenem,Very Broad,0,80,23.84,78.74
Sagar,2025-07,700000,Amoxicillin,Penicillin,Narrow,0,1377,23.84,78.74
Sagar,2025-07,700000,Amoxicillin-Clavulanate,Penicillin + beta-lactamase inhibitor,Broad,1,2653,23.84,78.74
Sagar,2025-07,700000,Azithromycin,Macrolide,Broad,0,2228,23.84,78.74
Sagar,2025-07,700000,Cefixime,Cephalosporin,Broad,0,1416,23.84,78.74
Sagar,2025-07,700000,Ceftriaxone,Cephalosporin,Broad,0,617,23.84,78.74
Sagar,2025-07,700000,Ciprofloxacin,Fluoroquinolone,Broad,0,1457,23.84,78.74
Sagar,2025-07,700000,Doxycycline,Tetracycline,Broad,0,1187,23.84,78.74
Sagar,2025-07,700000,Metronidazole,Nitroimidazole,Narrow,0,1312,23.84,78.74
Sagar,2025-07,700000,Cotrimoxazole,Sulfonamide combination,Broad,1,1085,23.84,78.74
Sagar,2025-07,700000,Meropenem,Carbapenem,Very Broad,0,84,23.84,78.74
Sagar,2025-08,700000,Amoxicillin,Penicillin,Narrow,0,1435,23.84,78.74
Sagar,2025-08,700000,Amoxicillin-Clavulanate,Penicillin + beta-lactamase inhibitor,Broad,1,2352,23.84,78.74
Sagar,2025-08,700000,Azithromycin,Macrolide,Broad,0,1698,23.84,78.74
Sagar,2025-08,700000,Cefixime,Cephalosporin,Broad,0,1432,23.84,78.74
Sagar,2025-08,700000,Ceftriaxone,Cephalosporin,Broad,0,559,23.84,78.74
Sagar,2025-08,700000,Ciprofloxacin,Fluoroquinolone,Broad,0,1239,23.84,78.74
Sagar,2025-08,700000,Doxycycline,Tetracycline,Broad,0,1115,23.84,78.74
Sagar,2025-08,700000,Metronidazole,Nitroimidazole,Narrow,0,1010,23.84,78.74
Sagar,2025-08,700000,Cotrimoxazole,Sulfonamide combination,Broad,1,994,23.84,78.74
Sagar,2025-08,700000,Meropenem,Carbapenem,Very Broad,0,66,23.84,78.74
Sagar,2025-09,700000,Amoxicillin,Penicillin,Narrow,0,1421,23.84,78.74
Sagar,2025-09,700000,Amoxicillin-Clavulanate,Penicillin + beta-lactamase inhibitor,Broad,1,2445,23.84,78.74
Sagar,2025-09,700000,Azithromycin,Macrolide,Broad,0,1860,23.84,78.74
Sagar,2025-09,700000,Cefixime,Cephalosporin,Broad,0,1415,23.84,78.74
Sagar,2025-09,700000,Ceftriaxone,Cephalosporin,Broad,0,563,23.84,78.74
Sagar,2025-09,700000,Ciprofloxacin,Fluoroquinolone,Broad,0,1108,23.84,78.74
Sagar,2025-09,700000,Doxycycline,Tetracycline,Broad,0,1121,23.84,78.74
Sagar,2025-09,700000,Metronidazole,Nitroimidazole,Narrow,0,1058,23.84,78.74
Sagar,2025-09,700000,Cotrimoxazole,Sulfonamide combination,Broad,1,971,23.84,78.74
Sagar,2025-09,700000,Meropenem,Carbapenem,Very Broad,0,70,23.84,78.74
Sagar,2025-10,700000,Amoxicillin,Penicillin,Narrow,0,1336,23.84,78.74
Sagar,2025-10,700000,Amoxicillin-Clavulanate,Penicillin + beta-lactamase inhibitor,Broad,1,2323,23.84,78.74
Sagar,2025-10,700000,Azithromycin,Macrolide,Broad,0,1769,23.84,78.74
Sagar,2025-10,700000,Cefixime,Cephalosporin,Broad,0,1383,23.84,78.74
Sagar,2025-10,700000,Ceftriaxone,Cephalosporin,Broad,0,531,23.84,78.74
Sagar,2025-10,700000,Ciprofloxacin,Fluoroquinolone,Broad,0,1314,23.84,78.74
Sagar,2025-10,700000,Doxycycline,Tetracycline,Broad,0,1037,23.84,78.74
Sagar,2025-10,700000,Metronidazole,Nitroimidazole,Narrow,0,1066,23.84,78.74
Sagar,2025-10,700000,Cotrimoxazole,Sulfonamide combination,Broad,1,845,23.84,78.74
Sagar,2025-10,700000,Meropenem,Carbapenem,Very Broad,0,65,23.84,78.74
Sagar,2025-11,700000,Amoxicillin,Penicillin,Narrow,0,1460,23.84,78.74
Sagar,2025-11,700000,Amoxicillin-Clavulanate,Penicillin + beta-lactamase inhibitor,Broad,1,2444,23.84,78.74
Sagar,2025-11,700000,Azithromycin,Macrolide,Broad,0,1929,23.84,78.74
Sagar,2025-11,700000,Cefixime,Cephalosporin,Broad,0,1358,23.84,78.74
Sagar,2025-11,700000,Ceftriaxone,Cephalosporin,Broad,0,633,23.84,78.74
Sagar,2025-11,700000,Ciprofloxacin,Fluoroquinolone,Broad,0,1385,23.84,78.74
Sagar,2025-11,700000,Doxycycline,Tetracycline,Broad,0,1052,23.84,78.74
Sagar,2025-11,700000,Metronidazole,Nitroimidazole,Narrow,0,1083,23.84,78.74
Sagar,2025-11,700000,Cotrimoxazole,Sulfonamide combination,Broad,1,875,23.84,78.74
Sagar,2025-11,700000,Meropenem,Carbapenem,Very Broad,0,66,23.84,78.74
Sagar,2025-12,700000,Amoxicillin,Penicillin,Narrow,0,1623,23.84,78.74
Sagar,2025-12,700000,Amoxicillin-Clavulanate,Penicillin + beta-lactamase inhibitor,Broad,1,2589,23.84,78.74
Sagar,2025-12,700000,Azithromycin,Macrolide,Broad,0,1855,23.84,78.74
Sagar,2025-12,700000,Cefixime,Cephalosporin,Broad,0,1504,23.84,78.74
Sagar,2025-12,700000,Ceftriaxone,Cephalosporin,Broad,0,580,23.84,78.74
Sagar,2025-12,700000,Ciprofloxacin,Fluoroquinolone,Broad,0,1226,23.84,78.74
Sagar,2025-12,700000,Doxycycline,Tetracycline,Broad,0,1199,23.84,78.74
Sagar,2025-12,700000,Metronidazole,Nitroimidazole,Narrow,0,1231,23.84,78.74
Sagar,2025-12,700000,Cotrimoxazole,Sulfonamide combination,Broad,1,982,23.84,78.74
Sagar,2025-12,700000,Meropenem,Carbapenem,Very Broad,0,74,23.84,78.74
Rewa,2024-01,650000,Amoxicillin,Penicillin,Narrow,0,1644,24.54,81.3
Rewa,2024-01,650000,Amoxicillin-Clavulanate,Penicillin + beta-lactamase inhibitor,Broad,1,2497,24.54,81.3
Rewa,2024-01,650000,Azithromycin,Macrolide,Broad,0,1768,24.54,81.3
Rewa,2024-01,650000,Cefixime,Cephalosporin,Broad,0,1566,24.54,81.3
Rewa,2024-01,650000,Ceftriaxone,Cephalosporin,Broad,0,612,24.54,81.3
Rewa,2024-01,650000,Ciprofloxacin,Fluoroquinolone,Broad,0,1236,24.54,81.3
Rewa,2024-01,650000,Doxycycline,Tetracycline,Broad,0,976,24.54,81.3
Rewa,2024-01,650000,Metronidazole,Nitroimidazole,Narrow,0,1123,24.54,81.3
Rewa,2024-01,650000,Cotrimoxazole,Sulfonamide combination,Broad,1,911,24.54,81.3
Rewa,2024-01,650000,Meropenem,Carbapenem,Very Broad,0,70,24.54,81.3
Rewa,2024-02,650000,Amoxicillin,Penicillin,Narrow,0,1502,24.54,81.3
Rewa,2024-02,650000,Amoxicillin-Clavulanate,Penicillin + beta-lactamase inhibitor,Broad,1,2335,24.54,81.3
Rewa,2024-02,650000,Azithromycin,Macrolide,Broad,0,2129,24.54,81.3
Rewa,2024-02,650000,Cefixime,Cephalosporin,Broad,0,1391,24.54,81.3
Rewa,2024-02,650000,Ceftriaxone,Cephalosporin,Broad,0,610,24.54,81.3
Rewa,2024-02,650000,Ciprofloxacin,Fluoroquinolone,Broad,0,1230,24.54,81.3
Rewa,2024-02,650000,Doxycycline,Tetracycline,Broad,0,1105,24.54,81.3
Rewa,2024-02,650000,Metronidazole,Nitroimidazole,Narrow,0,1202,24.54,81.3
Rewa,2024-02,650000,Cotrimoxazole,Sulfonamide combination,Broad,1,1047,24.54,81.3
Rewa,2024-02,650000,Meropenem,Carbapenem,Very Broad,0,69,24.54,81.3
Rewa,2024-03,650000,Amoxicillin,Penicillin,Narrow,0,1621,24.54,81.3
Rewa,2024-03,650000,Amoxicillin-Clavulanate,Penicillin + beta-lactamase inhibitor,Broad,1,2707,24.54,81.3
Rewa,2024-03,650000,Azithromycin,Macrolide,Broad,0,2152,24.54,81.3
Rewa,2024-03,650000,Cefixime,Cephalosporin,Broad,0,1429,24.54,81.3
Rewa,2024-03,650000,Ceftriaxone,Cephalosporin,Broad,0,633,24.54,81.3
Rewa,2024-03,650000,Ciprofloxacin,Fluoroquinolone,Broad,0,1562,24.54,81.3
Rewa,2024-03,650000,Doxycycline,Tetracycline,Broad,0,1174,24.54,81.3
Rewa,2024-03,650000,Metronidazole,Nitroimidazole,Narrow,0,1034,24.54,81.3
Rewa,2024-03,650000,Cotrimoxazole,Sulfonamide combination,Broad,1,1036,24.54,81.3
Rewa,2024-03,650000,Meropenem,Carbapenem,Very Broad,0,86,24.54,81.3
Rewa,2024-04,650000,Amoxicillin,Penicillin,Narrow,0,1645,24.54,81.3
Rewa,2024-04,650000,Amoxicillin-Clavulanate,Penicillin + beta-lactamase inhibitor,Broad,1,2603,24.54,81.3
Rewa,2024-04,650000,Azithromycin,Macrolide,Broad,0,2098,24.54,81.3
Rewa,2024-04,650000,Cefixime,Cephalosporin,Broad,0,1533,24.54,81.3
Rewa,2024-04,650000,Ceftriaxone,Cephalosporin,Broad,0,683,24.54,81.3
Rewa,2024-04,650000,Ciprofloxacin,Fluoroquinolone,Broad,0,1436,24.54,81.3
Rewa,2024-04,650000,Doxycycline,Tetracycline,Broad,0,1288,24.54,81.3
Rewa,2024-04,650000,Metronidazole,Nitroimidazole,Narrow,0,1183,24.54,81.3
Rewa,2024-04,650000,Cotrimoxazole,Sulfonamide combination,Broad,1,1013,24.54,81.3
Rewa,2024-04,650000,Meropenem,Carbapenem,Very Broad,0,72,24.54,81.3
Rewa,2024-05,650000,Amoxicillin,Penicillin,Narrow,0,1652,24.54,81.3
Rewa,2024-05,650000,Amoxicillin-Clavulanate,Penicillin + beta-lactamase inhibitor,Broad,1,2984,24.54,81.3
Rewa,2024-05,650000,Azithromycin,Macrolide,Broad,0,2078,24.54,81.3
Rewa,2024-05,650000,Cefixime,Cephalosporin,Broad,0,1559,24.54,81.3
Rewa,2024-05,650000,Ceftriaxone,Cephalosporin,Broad,0,599,24.54,81.3
Rewa,2024-05,650000,Ciprofloxacin,Fluoroquinolone,Broad,0,1374,24.54,81.3
Rewa,2024-05,650000,Doxycycline,Tetracycline,Broad,0,1238,24.54,81.3
Rewa,2024-05,650000,Metronidazole,Nitroimidazole,Narrow,0,1354,24.54,81.3
Rewa,2024-05,650000,Cotrimoxazole,Sulfonamide combination,Broad,1,1129,24.54,81.3
Rewa,2024-05,650000,Meropenem,Carbapenem,Very Broad,0,79,24.54,81.3
Rewa,2024-06,650000,Amoxicillin,Penicillin,Narrow,0,1594,24.54,81.3
Rewa,2024-06,650000,Amoxicillin-Clavulanate,Penicillin + beta-lactamase inhibitor,Broad,1,2407,24.54,81.3
Rewa,2024-06,650000,Azithromycin,Macrolide,Broad,0,1730,24.54,81.3
Rewa,2024-06,650000,Cefixime,Cephalosporin,Broad,0,1327,24.54,81.3
Rewa,2024-06,650000,Ceftriaxone,Cephalosporin,Broad,0,606,24.54,81.3
Rewa,2024-06,650000,Ciprofloxacin,Fluoroquinolone,Broad,0,1339,24.54,81.3
Rewa,2024-06,650000,Doxycycline,Tetracycline,Broad,0,1003,24.54,81.3
Rewa,2024-06,650000,Metronidazole,Nitroimidazole,Narrow,0,1138,24.54,81.3
Rewa,2024-06,650000,Cotrimoxazole,Sulfonamide combination,Broad,1,978,24.54,81.3
Rewa,2024-06,650000,Meropenem,Carbapenem,Very Broad,0,67,24.54,81.3
Rewa,2024-07,650000,Amoxicillin,Penicillin,Narrow,0,1453,24.54,81.3
Rewa,2024-07,650000,Amoxicillin-Clavulanate,Penicillin + beta-lactamase inhibitor,Broad,1,2259,24.54,81.3
Rewa,2024-07,650000,Azithromycin,Macrolide,Broad,0,1943,24.54,81.3
Rewa,2024-07,650000,Cefixime,Cephalosporin,Broad,0,1167,24.54,81.3
Rewa,2024-07,650000,Ceftriaxone,Cephalosporin,Broad,0,483,24.54,81.3
Rewa,2024-07,650000,Ciprofloxacin,Fluoroquinolone,Broad,0,1286,24.54,81.3
Rewa,2024-07,650000,Doxycycline,Tetracycline,Broad,0,1066,24.54,81.3
Rewa,2024-07,650000,Metronidazole,Nitroimidazole,Narrow,0,1115,24.54,81.3
Rewa,2024-07,650000,Cotrimoxazole,Sulfonamide combination,Broad,1,893,24.54,81.3
Rewa,2024-07,650000,Meropenem,Carbapenem,Very Broad,0,63,24.54,81.3
Rewa,2024-08,650000,Amoxicillin,Penicillin,Narrow,0,1365,24.54,81.3
Rewa,2024-08,650000,Amoxicillin-Clavulanate,Penicillin + beta-lactamase inhibitor,Broad,1,2483,24.54,81.3
Rewa,2024-08,650000,Azithromycin,Macrolide,Broad,0,1686,24.54,81.3
Rewa,2024-08,650000,Cefixime,Cephalosporin,Broad,0,1279,24.54,81.3
Rewa,2024-08,650000,Ceftriaxone,Cephalosporin,Broad,0,634,24.54,81.3
Rewa,2024-08,650000,Ciprofloxacin,Fluoroquinolone,Broad,0,1195,24.54,81.3
Rewa,2024-08,650000,Doxycycline,Tetracycline,Broad,0,1041,24.54,81.3
Rewa,2024-08,650000,Metronidazole,Nitroimidazole,Narrow,0,1076,24.54,81.3
Rewa,2024-08,650000,Cotrimoxazole,Sulfonamide combination,Broad,1,922,24.54,81.3
Rewa,2024-08,650000,Meropenem,Carbapenem,Very Broad,0,65,24.54,81.3
Rewa,2024-09,650000,Amoxicillin,Penicillin,Narrow,0,1365,24.54,81.3
Rewa,2024-09,650000,Amoxicillin-Clavulanate,Penicillin + beta-lactamase inhibitor,Broad,1,2028,24.54,81.3
Rewa,2024-09,650000,Azithromycin,Macrolide,Broad,0,1724,24.54,81.3
Rewa,2024-09,650000,Cefixime,Cephalosporin,Broad,0,1416,24.54,81.3
Rewa,2024-09,650000,Ceftriaxone,Cephalosporin,Broad,0,558,24.54,81.3
Rewa,2024-09,650000,Ciprofloxacin,Fluoroquinolone,Broad,0,1187,24.54,81.3
Rewa,2024-09,650000,Doxycycline,Tetracycline,Broad,0,1017,24.54,81.3
Rewa,2024-09,650000,Metronidazole,Nitroimidazole,Narrow,0,921,24.54,81.3
Rewa,2024-09,650000,Cotrimoxazole,Sulfonamide combination,Broad,1,817,24.54,81.3
Rewa,2024-09,650000,Meropenem,Carbapenem,Very Broad,0,65,24.54,81.3
Rewa,2024-10,650000,Amoxicillin,Penicillin,Narrow,0,1262,24.54,81.3
Rewa,2024-10,650000,Amoxicillin-Clavulanate,Penicillin + beta-lactamase inhibitor,Broad,1,2056,24.54,81.3
Rewa,2024-10,650000,Azithromycin,Macrolide,Broad,0,1998,24.54,81.3
Rewa,2024-10,650000,Cefixime,Cephalosporin,Broad,0,1234,24.54,81.3
Rewa,2024-10,650000,Ceftriaxone,Cephalosporin,Broad,0,580,24.54,81.3
Rewa,2024-10,650000,Ciprofloxacin,Fluoroquinolone,Broad,0,1175,24.54,81.3
Rewa,2024-10,650000,Doxycycline,Tetracycline,Broad,0,971,24.54,81.3
Rewa,2024-10,650000,Metronidazole,Nitroimidazole,Narrow,0,952,24.54,81.3
Rewa,2024-10,650000,Cotrimoxazole,Sulfonamide combination,Broad,1,897,24.54,81.3
Rewa,2024-10,650000,Meropenem,Carbapenem,Very Broad,0,67,24.54,81.3
Rewa,2024-11,650000,Amoxicillin,Penicillin,Narrow,0,1316,24.54,81.3
Rewa,2024-11,650000,Amoxicillin-Clavulanate,Penicillin + beta-lactamase inhibitor,Broad,1,2231,24.54,81.3
Rewa,2024-11,650000,Azithromycin,Macrolide,Broad,0,1723,24.54,81.3
Rewa,2024-11,650000,Cefixime,Cephalosporin,Broad,0,1173,24.54,81.3
Rewa,2024-11,650000,Ceftriaxone,Cephalosporin,Broad,0,546,24.54,81.3
Rewa,2024-11,650000,Ciprofloxacin,Fluoroquinolone,Broad,0,1245,24.54,81.3
Rewa,2024-11,650000,Doxycycline,Tetracycline,Broad,0,915,24.54,81.3
Rewa,2024-11,650000,Metronidazole,Nitroimidazole,Narrow,0,999,24.54,81.3
Rewa,2024-11,650000,Cotrimoxazole,Sulfonamide combination,Broad,1,746,24.54,81.3
Rewa,2024-11,650000,Meropenem,Carbapenem,Very Broad,0,56,24.54,81.3
Rewa,2024-12,650000,Amoxicillin,Penicillin,Narrow,0,1418,24.54,81.3
Rewa,2024-12,650000,Amoxicillin-Clavulanate,Penicillin + beta-lactamase inhibitor,Broad,1,2097,24.54,81.3
Rewa,2024-12,650000,Azithromycin,Macrolide,Broad,0,1772,24.54,81.3
Rewa,2024-12,650000,Cefixime,Cephalosporin,Broad,0,1193,24.54,81.3
Rewa,2024-12,650000,Ceftriaxone,Cephalosporin,Broad,0,559,24.54,81.3
Rewa,2024-12,650000,Ciprofloxacin,Fluoroquinolone,Broad,0,1044,24.54,81.3
Rewa,2024-12,650000,Doxycycline,Tetracycline,Broad,0,932,24.54,81.3
Rewa,2024-12,650000,Metronidazole,Nitroimidazole,Narrow,0,885,24.54,81.3
Rewa,2024-12,650000,Cotrimoxazole,Sulfonamide combination,Broad,1,916,24.54,81.3
Rewa,2024-12,650000,Meropenem,Carbapenem,Very Broad,0,56,24.54,81.3
Rewa,2025-01,650000,Amoxicillin,Penicillin,Narrow,0,1679,24.54,81.3
Rewa,2025-01,650000,Amoxicillin-Clavulanate,Penicillin + beta-lactamase inhibitor,Broad,1,2743,24.54,81.3
Rewa,2025-01,650000,Azithromycin,Macrolide,Broad,0,1725,24.54,81.3
Rewa,2025-01,650000,Cefixime,Cephalosporin,Broad,0,1414,24.54,81.3
Rewa,2025-01,650000,Ceftriaxone,Cephalosporin,Broad,0,533,24.54,81.3
Rewa,2025-01,650000,Ciprofloxacin,Fluoroquinolone,Broad,0,1189,24.54,81.3
Rewa,2025-01,650000,Doxycycline,Tetracycline,Broad,0,1066,24.54,81.3
Rewa,2025-01,650000,Metronidazole,Nitroimidazole,Narrow,0,1187,24.54,81.3
Rewa,2025-01,650000,Cotrimoxazole,Sulfonamide combination,Broad,1,1000,24.54,81.3
Rewa,2025-01,650000,Meropenem,Carbapenem,Very Broad,0,66,24.54,81.3
Rewa,2025-02,650000,Amoxicillin,Penicillin,Narrow,0,1313,24.54,81.3
Rewa,2025-02,650000,Amoxicillin-Clavulanate,Penicillin + beta-lactamase inhibitor,Broad,1,2504,24.54,81.3
Rewa,2025-02,650000,Azithromycin,Macrolide,Broad,0,1987,24.54,81.3
Rewa,2025-02,650000,Cefixime,Cephalosporin,Broad,0,1491,24.54,81.3
Rewa,2025-02,650000,Ceftriaxone,Cephalosporin,Broad,0,608,24.54,81.3
Rewa,2025-02,650000,Ciprofloxacin,Fluoroquinolone,Broad,0,1385,24.54,81.3
Rewa,2025-02,650000,Doxycycline,Tetracycline,Broad,0,1138,24.54,81.3
Rewa,2025-02,650000,Metronidazole,Nitroimidazole,Narrow,0,1150,24.54,81.3
Rewa,2025-02,650000,Cotrimoxazole,Sulfonamide combination,Broad,1,1085,24.54,81.3
Rewa,2025-02,650000,Meropenem,Carbapenem,Very Broad,0,77,24.54,81.3
Rewa,2025-03,650000,Amoxicillin,Penicillin,Narrow,0,1684,24.54,81.3
Rewa,2025-03,650000,Amoxicillin-Clavulanate,Penicillin + beta-lactamase inhibitor,Broad,1,2921,24.54,81.3
Rewa,2025-03,650000,Azithromycin,Macrolide,Broad,0,2068,24.54,81.3
Rewa,2025-03,650000,Cefixime,Cephalosporin,Broad,0,1529,24.54,81.3
Rewa,2025-03,650000,Ceftriaxone,Cephalosporin,Broad,0,696,24.54,81.3
Rewa,2025-03,650000,Ciprofloxacin,Fluoroquinolone,Broad,0,1330,24.54,81.3
Rewa,2025-03,650000,Doxycycline,Tetracycline,Broad,0,1356,24.54,81.3
Rewa,2025-03,650000,Metronidazole,Nitroimidazole,Narrow,0,1069,24.54,81.3
Rewa,2025-03,650000,Cotrimoxazole,Sulfonamide combination,Broad,1,1053,24.54,81.3
Rewa,2025-03,650000,Meropenem,Carbapenem,Very Broad,0,73,24.54,81.3
Rewa,2025-04,650000,Amoxicillin,Penicillin,Narrow,0,1606,24.54,81.3
Rewa,2025-04,650000,Amoxicillin-Clavulanate,Penicillin + beta-lactamase inhibitor,Broad,1,2822,24.54,81.3
Rewa,2025-04,650000,Azithromycin,Macrolide,Broad,0,2146,24.54,81.3
Rewa,2025-04,650000,Cefixime,Cephalosporin,Broad,0,1612,24.54,81.3
Rewa,2025-04,650000,Ceftriaxone,Cephalosporin,Broad,0,651,24.54,81.3
Rewa,2025-04,650000,Ciprofloxacin,Fluoroquinolone,Broad,0,1497,24.54,81.3
Rewa,2025-04,650000,Doxycycline,Tetracycline,Broad,0,915,24.54,81.3
Rewa,2025-04,650000,Metronidazole,Nitroimidazole,Narrow,0,1219,24.54,81.3
Rewa,2025-04,650000,Cotrimoxazole,Sulfonamide combination,Broad,1,1154,24.54,81.3
Rewa,2025-04,650000,Meropenem,Carbapenem,Very Broad,0,90,24.54,81.3
Rewa,2025-05,650000,Amoxicillin,Penicillin,Narrow,0,1621,24.54,81.3
Rewa,2025-05,650000,Amoxicillin-Clavulanate,Penicillin + beta-lactamase inhibitor,Broad,1,3021,24.54,81.3
Rewa,2025-05,650000,Azithromycin,Macrolide,Broad,0,1947,24.54,81.3
Rewa,2025-05,650000,Cefixime,Cephalosporin,Broad,0,1656,24.54,81.3
Rewa,2025-05,650000,Ceftriaxone,Cephalosporin,Broad,0,624,24.54,81.3
Rewa,2025-05,650000,Ciprofloxacin,Fluoroquinolone,Broad,0,1347,24.54,81.3
Rewa,2025-05,650000,Doxycycline,Tetracycline,Broad,0,1201,24.54,81.3
Rewa,2025-05,650000,Metronidazole,Nitroimidazole,Narrow,0,1321,24.54,81.3
Rewa,2025-05,650000,Cotrimoxazole,Sulfonamide combination,Broad,1,1134,24.54,81.3
Rewa,2025-05,650000,Meropenem,Carbapenem,Very Broad,0,90,24.54,81.3
Rewa,2025-06,650000,Amoxicillin,Penicillin,Narrow,0,1700,24.54,81.3
Rewa,2025-06,650000,Amoxicillin-Clavulanate,Penicillin + beta-lactamase inhibitor,Broad,1,2495,24.54,81.3
Rewa,2025-06,650000,Azithromycin,Macrolide,Broad,0,2005,24.54,81.3
Rewa,2025-06,650000,Cefixime,Cephalosporin,Broad,0,1497,24.54,81.3
Rewa,2025-06,650000,Ceftriaxone,Cephalosporin,Broad,0,644,24.54,81.3
Rewa,2025-06,650000,Ciprofloxacin,Fluoroquinolone,Broad,0,1417,24.54,81.3
Rewa,2025-06,650000,Doxycycline,Tetracycline,Broad,0,1082,24.54,81.3
Rewa,2025-06,650000,Metronidazole,Nitroimidazole,Narrow,0,1222,24.54,81.3
Rewa,2025-06,650000,Cotrimoxazole,Sulfonamide combination,Broad,1,1164,24.54,81.3
Rewa,2025-06,650000,Meropenem,Carbapenem,Very Broad,0,72,24.54,81.3
Rewa,2025-07,650000,Amoxicillin,Penicillin,Narrow,0,1548,24.54,81.3
Rewa,2025-07,650000,Amoxicillin-Clavulanate,Penicillin + beta-lactamase inhibitor,Broad,1,2347,24.54,81.3
Rewa,2025-07,650000,Azithromycin,Macrolide,Broad,0,1815,24.54,81.3
Rewa,2025-07,650000,Cefixime,Cephalosporin,Broad,0,1430,24.54,81.3
Rewa,2025-07,650000,Ceftriaxone,Cephalosporin,Broad,0,553,24.54,81.3
Rewa,2025-07,650000,Ciprofloxacin,Fluoroquinolone,Broad,0,1271,24.54,81.3
Rewa,2025-07,650000,Doxycycline,Tetracycline,Broad,0,1060,24.54,81.3
Rewa,2025-07,650000,Metronidazole,Nitroimidazole,Narrow,0,1205,24.54,81.3
Rewa,2025-07,650000,Cotrimoxazole,Sulfonamide combination,Broad,1,948,24.54,81.3
Rewa,2025-07,650000,Meropenem,Carbapenem,Very Broad,0,63,24.54,81.3
Rewa,2025-08,650000,Amoxicillin,Penicillin,Narrow,0,1431,24.54,81.3
Rewa,2025-08,650000,Amoxicillin-Clavulanate,Penicillin + beta-lactamase inhibitor,Broad,1,2079,24.54,81.3
Rewa,2025-08,650000,Azithromycin,Macrolide,Broad,0,1544,24.54,81.3
Rewa,2025-08,650000,Cefixime,Cephalosporin,Broad,0,1362,24.54,81.3
Rewa,2025-08,650000,Ceftriaxone,Cephalosporin,Broad,0,569,24.54,81.3
Rewa,2025-08,650000,Ciprofloxacin,Fluoroquinolone,Broad,0,1194,24.54,81.3
Rewa,2025-08,650000,Doxycycline,Tetracycline,Broad,0,1033,24.54,81.3
Rewa,2025-08,650000,Metronidazole,Nitroimidazole,Narrow,0,1044,24.54,81.3
Rewa,2025-08,650000,Cotrimoxazole,Sulfonamide combination,Broad,1,933,24.54,81.3
Rewa,2025-08,650000,Meropenem,Carbapenem,Very Broad,0,68,24.54,81.3
Rewa,2025-09,650000,Amoxicillin,Penicillin,Narrow,0,1329,24.54,81.3
Rewa,2025-09,650000,Amoxicillin-Clavulanate,Penicillin + beta-lactamase inhibitor,Broad,1,2184,24.54,81.3
Rewa,2025-09,650000,Azithromycin,Macrolide,Broad,0,1623,24.54,81.3
Rewa,2025-09,650000,Cefixime,Cephalosporin,Broad,0,1226,24.54,81.3
Rewa,2025-09,650000,Ceftriaxone,Cephalosporin,Broad,0,538,24.54,81.3
Rewa,2025-09,650000,Ciprofloxacin,Fluoroquinolone,Broad,0,1162,24.54,81.3
Rewa,2025-09,650000,Doxycycline,Tetracycline,Broad,0,1059,24.54,81.3
Rewa,2025-09,650000,Metronidazole,Nitroimidazole,Narrow,0,1067,24.54,81.3
Rewa,2025-09,650000,Cotrimoxazole,Sulfonamide combination,Broad,1,818,24.54,81.3
Rewa,2025-09,650000,Meropenem,Carbapenem,Very Broad,0,59,24.54,81.3
Rewa,2025-10,650000,Amoxicillin,Penicillin,Narrow,0,1299,24.54,81.3
Rewa,2025-10,650000,Amoxicillin-Clavulanate,Penicillin + beta-lactamase inhibitor,Broad,1,1848,24.54,81.3
Rewa,2025-10,650000,Azithromycin,Macrolide,Broad,0,1709,24.54,81.3
Rewa,2025-10,650000,Cefixime,Cephalosporin,Broad,0,1214,24.54,81.3
Rewa,2025-10,650000,Ceftriaxone,Cephalosporin,Broad,0,526,24.54,81.3
Rewa,2025-10,650000,Ciprofloxacin,Fluoroquinolone,Broad,0,1252,24.54,81.3
Rewa,2025-10,650000,Doxycycline,Tetracycline,Broad,0,932,24.54,81.3
Rewa,2025-10,650000,Metronidazole,Nitroimidazole,Narrow,0,1134,24.54,81.3
Rewa,2025-10,650000,Cotrimoxazole,Sulfonamide combination,Broad,1,822,24.54,81.3
Rewa,2025-10,650000,Meropenem,Carbapenem,Very Broad,0,53,24.54,81.3
Rewa,2025-11,650000,Amoxicillin,Penicillin,Narrow,0,1325,24.54,81.3
Rewa,2025-11,650000,Amoxicillin-Clavulanate,Penicillin + beta-lactamase inhibitor,Broad,1,2295,24.54,81.3
Rewa,2025-11,650000,Azithromycin,Macrolide,Broad,0,1664,24.54,81.3
Rewa,2025-11,650000,Cefixime,Cephalosporin,Broad,0,1226,24.54,81.3
Rewa,2025-11,650000,Ceftriaxone,Cephalosporin,Broad,0,516,24.54,81.3
Rewa,2025-11,650000,Ciprofloxacin,Fluoroquinolone,Broad,0,1144,24.54,81.3
Rewa,2025-11,650000,Doxycycline,Tetracycline,Broad,0,1035,24.54,81.3
Rewa,2025-11,650000,Metronidazole,Nitroimidazole,Narrow,0,1039,24.54,81.3
Rewa,2025-11,650000,Cotrimoxazole,Sulfonamide combination,Broad,1,939,24.54,81.3
Rewa,2025-11,650000,Meropenem,Carbapenem,Very Broad,0,61,24.54,81.3
Rewa,2025-12,650000,Amoxicillin,Penicillin,Narrow,0,1283,24.54,81.3
Rewa,2025-12,650000,Amoxicillin-Clavulanate,Penicillin + beta-lactamase inhibitor,Broad,1,2153,24.54,81.3
Rewa,2025-12,650000,Azithromycin,Macrolide,Broad,0,1761,24.54,81.3
Rewa,2025-12,650000,Cefixime,Cephalosporin,Broad,0,1343,24.54,81.3
Rewa,2025-12,650000,Ceftriaxone,Cephalosporin,Broad,0,610,24.54,81.3
Rewa,2025-12,650000,Ciprofloxacin,Fluoroquinolone,Broad,0,1210,24.54,81.3
Rewa,2025-12,650000,Doxycycline,Tetracycline,Broad,0,1006,24.54,81.3
Rewa,2025-12,650000,Metronidazole,Nitroimidazole,Narrow,0,1022,24.54,81.3
Rewa,2025-12,650000,Cotrimoxazole,Sulfonamide combination,Broad,1,985,24.54,81.3
Rewa,2025-12,650000,Meropenem,Carbapenem,Very Broad,0,66,24.54,81.3
Khandwa,2024-01,500000,Amoxicillin,Penicillin,Narrow,0,1023,21.83,76.35
Khandwa,2024-01,500000,Amoxicillin-Clavulanate,Penicillin + beta-lactamase inhibitor,Broad,1,1677,21.83,76.35
Khandwa,2024-01,500000,Azithromycin,Macrolide,Broad,0,1608,21.83,76.35
Khandwa,2024-01,500000,Cefixime,Cephalosporin,Broad,0,1031,21.83,76.35
Khandwa,2024-01,500000,Ceftriaxone,Cephalosporin,Broad,0,403,21.83,76.35
Khandwa,2024-01,500000,Ciprofloxacin,Fluoroquinolone,Broad,0,1057,21.83,76.35
Khandwa,2024-01,500000,Doxycycline,Tetracycline,Broad,0,761,21.83,76.35
Khandwa,2024-01,500000,Metronidazole,Nitroimidazole,Narrow,0,916,21.83,76.35
Khandwa,2024-01,500000,Cotrimoxazole,Sulfonamide combination,Broad,1,761,21.83,76.35
Khandwa,2024-01,500000,Meropenem,Carbapenem,Very Broad,0,51,21.83,76.35
Khandwa,2024-02,500000,Amoxicillin,Penicillin,Narrow,0,1402,21.83,76.35
Khandwa,2024-02,500000,Amoxicillin-Clavulanate,Penicillin + beta-lactamase inhibitor,Broad,1,1908,21.83,76.35
Khandwa,2024-02,500000,Azithromycin,Macrolide,Broad,0,1505,21.83,76.35
Khandwa,2024-02,500000,Cefixime,Cephalosporin,Broad,0,1157,21.83,76.35
Khandwa,2024-02,500000,Ceftriaxone,Cephalosporin,Broad,0,474,21.83,76.35
Khandwa,2024-02,500000,Ciprofloxacin,Fluoroquinolone,Broad,0,1120,21.83,76.35
Khandwa,2024-02,500000,Doxycycline,Tetracycline,Broad,0,798,21.83,76.35
Khandwa,2024-02,500000,Metronidazole,Nitroimidazole,Narrow,0,891,21.83,76.35
Khandwa,2024-02,500000,Cotrimoxazole,Sulfonamide combination,Broad,1,664,21.83,76.35
Khandwa,2024-02,500000,Meropenem,Carbapenem,Very Broad,0,56,21.83,76.35
Khandwa,2024-03,500000,Amoxicillin,Penicillin,Narrow,0,1273,21.83,76.35
Khandwa,2024-03,500000,Amoxicillin-Clavulanate,Penicillin + beta-lactamase inhibitor,Broad,1,1988,21.83,76.35
Khandwa,2024-03,500000,Azithromycin,Macrolide,Broad,0,1581,21.83,76.35
Khandwa,2024-03,500000,Cefixime,Cephalosporin,Broad,0,1072,21.83,76.35
Khandwa,2024-03,500000,Ceftriaxone,Cephalosporin,Broad,0,506,21.83,76.35
Khandwa,2024-03,500000,Ciprofloxacin,Fluoroquinolone,Broad,0,1204,21.83,76.35
Khandwa,2024-03,500000,Doxycycline,Tetracycline,Broad,0,855,21.83,76.35
Khandwa,2024-03,500000,Metronidazole,Nitroimidazole,Narrow,0,945,21.83,76.35
Khandwa,2024-03,500000,Cotrimoxazole,Sulfonamide combination,Broad,1,815,21.83,76.35
Khandwa,2024-03,500000,Meropenem,Carbapenem,Very Broad,0,58,21.83,76.35
Khandwa,2024-04,500000,Amoxicillin,Penicillin,Narrow,0,1136,21.83,76.35
Khandwa,2024-04,500000,Amoxicillin-Clavulanate,Penicillin + beta-lactamase inhibitor,Broad,1,1881,21.83,76.35
Khandwa,2024-04,500000,Azithromycin,Macrolide,Broad,0,1331,21.83,76.35
Khandwa,2024-04,500000,Cefixime,Cephalosporin,Broad,0,1271,21.83,76.35
Khandwa,2024-04,500000,Ceftriaxone,Cephalosporin,Broad,0,492,21.83,76.35
Khandwa,2024-04,500000,Ciprofloxacin,Fluoroquinolone,Broad,0,1083,21.83,76.35
Khandwa,2024-04,500000,Doxycycline,Tetracycline,Broad,0,747,21.83,76.35
Khandwa,2024-04,500000,Metronidazole,Nitroimidazole,Narrow,0,790,21.83,76.35
Khandwa,2024-04,500000,Cotrimoxazole,Sulfonamide combination,Broad,1,785,21.83,76.35
Khandwa,2024-04,500000,Meropenem,Carbapenem,Very Broad,0,66,21.83,76.35
Khandwa,2024-05,500000,Amoxicillin,Penicillin,Narrow,0,1327,21.83,76.35
Khandwa,2024-05,500000,Amoxicillin-Clavulanate,Penicillin + beta-lactamase inhibitor,Broad,1,1927,21.83,76.35
Khandwa,2024-05,500000,Azithromycin,Macrolide,Broad,0,1556,21.83,76.35
Khandwa,2024-05,500000,Cefixime,Cephalosporin,Broad,0,1248,21.83,76.35
Khandwa,2024-05,500000,Ceftriaxone,Cephalosporin,Broad,0,464,21.83,76.35
Khandwa,2024-05,500000,Ciprofloxacin,Fluoroquinolone,Broad,0,1024,21.83,76.35
Khandwa,2024-05,500000,Doxycycline,Tetracycline,Broad,0,984,21.83,76.35
Khandwa,2024-05,500000,Metronidazole,Nitroimidazole,Narrow,0,909,21.83,76.35
Khandwa,2024-05,500000,Cotrimoxazole,Sulfonamide combination,Broad,1,849,21.83,76.35
Khandwa,2024-05,500000,Meropenem,Carbapenem,Very Broad,0,54,21.83,76.35
Khandwa,2024-06,500000,Amoxicillin,Penicillin,Narrow,0,1234,21.83,76.35
Khandwa,2024-06,500000,Amoxicillin-Clavulanate,Penicillin + beta-lactamase inhibitor,Broad,1,2045,21.83,76.35
Khandwa,2024-06,500000,Azithromycin,Macrolide,Broad,0,1516,21.83,76.35
Khandwa,2024-06,500000,Cefixime,Cephalosporin,Broad,0,1078,21.83,76.35
Khandwa,2024-06,500000,Ceftriaxone,Cephalosporin,Broad,0,467,21.83,76.35
Khandwa,2024-06,500000,Ciprofloxacin,Fluoroquinolone,Broad,0,1024,21.83,76.35
Khandwa,2024-06,500000,Doxycycline,Tetracycline,Broad,0,935,21.83,76.35
Khandwa,2024-06,500000,Metronidazole,Nitroimidazole,Narrow,0,866,21.83,76.35
Khandwa,2024-06,500000,Cotrimoxazole,Sulfonamide combination,Broad,1,691,21.83,76.35
Khandwa,2024-06,500000,Meropenem,Carbapenem,Very Broad,0,50,21.83,76.35
Khandwa,2024-07,500000,Amoxicillin,Penicillin,Narrow,0,1190,21.83,76.35
Khandwa,2024-07,500000,Amoxicillin-Clavulanate,Penicillin + beta-lactamase inhibitor,Broad,1,1598,21.83,76.35
Khandwa,2024-07,500000,Azithromycin,Macrolide,Broad,0,1396,21.83,76.35
Khandwa,2024-07,500000,Cefixime,Cephalosporin,Broad,0,1033,21.83,76.35
Khandwa,2024-07,500000,Ceftriaxone,Cephalosporin,Broad,0,424,21.83,76.35
Khandwa,2024-07,500000,Ciprofloxacin,Fluoroquinolone,Broad,0,998,21.83,76.35
Khandwa,2024-07,500000,Doxycycline,Tetracycline,Broad,0,805,21.83,76.35
Khandwa,2024-07,500000,Metronidazole,Nitroimidazole,Narrow,0,659,21.83,76.35
Khandwa,2024-07,500000,Cotrimoxazole,Sulfonamide combination,Broad,1,671,21.83,76.35
Khandwa,2024-07,500000,Meropenem,Carbapenem,Very Broad,0,52,21.83,76.35
Khandwa,2024-08,500000,Amoxicillin,Penicillin,Narrow,0,1226,21.83,76.35
Khandwa,2024-08,500000,Amoxicillin-Clavulanate,Penicillin + beta-lactamase inhibitor,Broad,1,1558,21.83,76.35
Khandwa,2024-08,500000,Azithromycin,Macrolide,Broad,0,1305,21.83,76.35
Khandwa,2024-08,500000,Cefixime,Cephalosporin,Broad,0,879,21.83,76.35
Khandwa,2024-08,500000,Ceftriaxone,Cephalosporin,Broad,0,462,21.83,76.35
Khandwa,2024-08,500000,Ciprofloxacin,Fluoroquinolone,Broad,0,1012,21.83,76.35
Khandwa,2024-08,500000,Doxycycline,Tetracycline,Broad,0,795,21.83,76.35
Khandwa,2024-08,500000,Metronidazole,Nitroimidazole,Narrow,0,801,21.83,76.35
Khandwa,2024-08,500000,Cotrimoxazole,Sulfonamide combination,Broad,1,752,21.83,76.35
Khandwa,2024-08,500000,Meropenem,Carbapenem,Very Broad,0,54,21.83,76.35
Khandwa,2024-09,500000,Amoxicillin,Penicillin,Narrow,0,1078,21.83,76.35
Khandwa,2024-09,500000,Amoxicillin-Clavulanate,Penicillin + beta-lactamase inhibitor,Broad,1,1590,21.83,76.35
Khandwa,2024-09,500000,Azithromycin,Macrolide,Broad,0,1370,21.83,76.35
Khandwa,2024-09,500000,Cefixime,Cephalosporin,Broad,0,1004,21.83,76.35
Khandwa,2024-09,500000,Ceftriaxone,Cephalosporin,Broad,0,388,21.83,76.35
Khandwa,2024-09,500000,Ciprofloxacin,Fluoroquinolone,Broad,0,870,21.83,76.35
Khandwa,2024-09,500000,Doxycycline,Tetracycline,Broad,0,798,21.83,76.35
Khandwa,2024-09,500000,Metronidazole,Nitroimidazole,Narrow,0,853,21.83,76.35
Khandwa,2024-09,500000,Cotrimoxazole,Sulfonamide combination,Broad,1,605,21.83,76.35
Khandwa,2024-09,500000,Meropenem,Carbapenem,Very Broad,0,46,21.83,76.35
Khandwa,2024-10,500000,Amoxicillin,Penicillin,Narrow,0,1062,21.83,76.35
Khandwa,2024-10,500000,Amoxicillin-Clavulanate,Penicillin + beta-lactamase inhibitor,Broad,1,1519,21.83,76.35
Khandwa,2024-10,500000,Azithromycin,Macrolide,Broad,0,1475,21.83,76.35
Khandwa,2024-10,500000,Cefixime,Cephalosporin,Broad,0,952,21.83,76.35
Khandwa,2024-10,500000,Ceftriaxone,Cephalosporin,Broad,0,400,21.83,76.35
Khandwa,2024-10,500000,Ciprofloxacin,Fluoroquinolone,Broad,0,986,21.83,76.35
Khandwa,2024-10,500000,Doxycycline,Tetracycline,Broad,0,693,21.83,76.35
Khandwa,2024-10,500000,Metronidazole,Nitroimidazole,Narrow,0,740,21.83,76.35
Khandwa,2024-10,500000,Cotrimoxazole,Sulfonamide combination,Broad,1,563,21.83,76.35
Khandwa,2024-10,500000,Meropenem,Carbapenem,Very Broad,0,45,21.83,76.35
Khandwa,2024-11,500000,Amoxicillin,Penicillin,Narrow,0,1094,21.83,76.35
Khandwa,2024-11,500000,Amoxicillin-Clavulanate,Penicillin + beta-lactamase inhibitor,Broad,1,1614,21.83,76.35
Khandwa,2024-11,500000,Azithromycin,Macrolide,Broad,0,1292,21.83,76.35
Khandwa,2024-11,500000,Cefixime,Cephalosporin,Broad,0,916,21.83,76.35
Khandwa,2024-11,500000,Ceftriaxone,Cephalosporin,Broad,0,407,21.83,76.35
Khandwa,2024-11,500000,Ciprofloxacin,Fluoroquinolone,Broad,0,798,21.83,76.35
Khandwa,2024-11,500000,Doxycycline,Tetracycline,Broad,0,729,21.83,76.35
Khandwa,2024-11,500000,Metronidazole,Nitroimidazole,Narrow,0,793,21.83,76.35
Khandwa,2024-11,500000,Cotrimoxazole,Sulfonamide combination,Broad,1,533,21.83,76.35
Khandwa,2024-11,500000,Meropenem,Carbapenem,Very Broad,0,47,21.83,76.35
Khandwa,2024-12,500000,Amoxicillin,Penicillin,Narrow,0,1070,21.83,76.35
Khandwa,2024-12,500000,Amoxicillin-Clavulanate,Penicillin + beta-lactamase inhibitor,Broad,1,1510,21.83,76.35
Khandwa,2024-12,500000,Azithromycin,Macrolide,Broad,0,1550,21.83,76.35
Khandwa,2024-12,500000,Cefixime,Cephalosporin,Broad,0,885,21.83,76.35
Khandwa,2024-12,500000,Ceftriaxone,Cephalosporin,Broad,0,354,21.83,76.35
Khandwa,2024-12,500000,Ciprofloxacin,Fluoroquinolone,Broad,0,925,21.83,76.35
Khandwa,2024-12,500000,Doxycycline,Tetracycline,Broad,0,730,21.83,76.35
Khandwa,2024-12,500000,Metronidazole,Nitroimidazole,Narrow,0,697,21.83,76.35
Khandwa,2024-12,500000,Cotrimoxazole,Sulfonamide combination,Broad,1,676,21.83,76.35
Khandwa,2024-12,500000,Meropenem,Carbapenem,Very Broad,0,40,21.83,76.35
Khandwa,2025-01,500000,Amoxicillin,Penicillin,Narrow,0,1094,21.83,76.35
Khandwa,2025-01,500000,Amoxicillin-Clavulanate,Penicillin + beta-lactamase inhibitor,Broad,1,1916,21.83,76.35
Khandwa,2025-01,500000,Azithromycin,Macrolide,Broad,0,1650,21.83,76.35
Khandwa,2025-01,500000,Cefixime,Cephalosporin,Broad,0,1128,21.83,76.35
Khandwa,2025-01,500000,Ceftriaxone,Cephalosporin,Broad,0,429,21.83,76.35
Khandwa,2025-01,500000,Ciprofloxacin,Fluoroquinolone,Broad,0,805,21.83,76.35
Khandwa,2025-01,500000,Doxycycline,Tetracycline,Broad,0,834,21.83,76.35
Khandwa,2025-01,500000,Metronidazole,Nitroimidazole,Narrow,0,923,21.83,76.35
Khandwa,2025-01,500000,Cotrimoxazole,Sulfonamide combination,Broad,1,776,21.83,76.35
Khandwa,2025-01,500000,Meropenem,Carbapenem,Very Broad,0,54,21.83,76.35
Khandwa,2025-02,500000,Amoxicillin,Penicillin,Narrow,0,1157,21.83,76.35
Khandwa,2025-02,500000,Amoxicillin-Clavulanate,Penicillin + beta-lactamase inhibitor,Broad,1,2222,21.83,76.35
Khandwa,2025-02,500000,Azithromycin,Macrolide,Broad,0,1415,21.83,76.35
Khandwa,2025-02,500000,Cefixime,Cephalosporin,Broad,0,1013,21.83,76.35
Khandwa,2025-02,500000,Ceftriaxone,Cephalosporin,Broad,0,494,21.83,76.35
Khandwa,2025-02,500000,Ciprofloxacin,Fluoroquinolone,Broad,0,1013,21.83,76.35
Khandwa,2025-02,500000,Doxycycline,Tetracycline,Broad,0,785,21.83,76.35
Khandwa,2025-02,500000,Metronidazole,Nitroimidazole,Narrow,0,977,21.83,76.35
Khandwa,2025-02,500000,Cotrimoxazole,Sulfonamide combination,Broad,1,789,21.83,76.35
Khandwa,2025-02,500000,Meropenem,Carbapenem,Very Broad,0,54,21.83,76.35
Khandwa,2025-03,500000,Amoxicillin,Penicillin,Narrow,0,1443,21.83,76.35
Khandwa,2025-03,500000,Amoxicillin-Clavulanate,Penicillin + beta-lactamase inhibitor,Broad,1,2045,21.83,76.35
Khandwa,2025-03,500000,Azithromycin,Macrolide,Broad,0,1800,21.83,76.35
Khandwa,2025-03,500000,Cefixime,Cephalosporin,Broad,0,1237,21.83,76.35
Khandwa,2025-03,500000,Ceftriaxone,Cephalosporin,Broad,0,464,21.83,76.35
Khandwa,2025-03,500000,Ciprofloxacin,Fluoroquinolone,Broad,0,1053,21.83,76.35
Khandwa,2025-03,500000,Doxycycline,Tetracycline,Broad,0,1000,21.83,76.35
Khandwa,2025-03,500000,Metronidazole,Nitroimidazole,Narrow,0,1009,21.83,76.35
Khandwa,2025-03,500000,Cotrimoxazole,Sulfonamide combination,Broad,1,691,21.83,76.35
Khandwa,2025-03,500000,Meropenem,Carbapenem,Very Broad,0,61,21.83,76.35
Khandwa,2025-04,500000,Amoxicillin,Penicillin,Narrow,0,1173,21.83,76.35
Khandwa,2025-04,500000,Amoxicillin-Clavulanate,Penicillin + beta-lactamase inhibitor,Broad,1,2172,21.83,76.35
Khandwa,2025-04,500000,Azithromycin,Macrolide,Broad,0,1478,21.83,76.35
Khandwa,2025-04,500000,Cefixime,Cephalosporin,Broad,0,1150,21.83,76.35
Khandwa,2025-04,500000,Ceftriaxone,Cephalosporin,Broad,0,467,21.83,76.35
Khandwa,2025-04,500000,Ciprofloxacin,Fluoroquinolone,Broad,0,1084,21.83,76.35
Khandwa,2025-04,500000,Doxycycline,Tetracycline,Broad,0,922,21.83,76.35
Khandwa,2025-04,500000,Metronidazole,Nitroimidazole,Narrow,0,854,21.83,76.35
Khandwa,2025-04,500000,Cotrimoxazole,Sulfonamide combination,Broad,1,936,21.83,76.35
Khandwa,2025-04,500000,Meropenem,Carbapenem,Very Broad,0,63,21.83,76.35
Khandwa,2025-05,500000,Amoxicillin,Penicillin,Narrow,0,1247,21.83,76.35
Khandwa,2025-05,500000,Amoxicillin-Clavulanate,Penicillin + beta-lactamase inhibitor,Broad,1,2082,21.83,76.35
Khandwa,2025-05,500000,Azithromycin,Macrolide,Broad,0,1839,21.83,76.35
Khandwa,2025-05,500000,Cefixime,Cephalosporin,Broad,0,1147,21.83,76.35
Khandwa,2025-05,500000,Ceftriaxone,Cephalosporin,Broad,0,493,21.83,76.35
Khandwa,2025-05,500000,Ciprofloxacin,Fluoroquinolone,Broad,0,1193,21.83,76.35
Khandwa,2025-05,500000,Doxycycline,Tetracycline,Broad,0,846,21.83,76.35
Khandwa,2025-05,500000,Metronidazole,Nitroimidazole,Narrow,0,967,21.83,76.35
Khandwa,2025-05,500000,Cotrimoxazole,Sulfonamide combination,Broad,1,890,21.83,76.35
Khandwa,2025-05,500000,Meropenem,Carbapenem,Very Broad,0,68,21.83,76.35
Khandwa,2025-06,500000,Amoxicillin,Penicillin,Narrow,0,1333,21.83,76.35
Khandwa,2025-06,500000,Amoxicillin-Clavulanate,Penicillin + beta-lactamase inhibitor,Broad,1,2023,21.83,76.35
Khandwa,2025-06,500000,Azithromycin,Macrolide,Broad,0,1428,21.83,76.35
Khandwa,2025-06,500000,Cefixime,Cephalosporin,Broad,0,1320,21.83,76.35
Khandwa,2025-06,500000,Ceftriaxone,Cephalosporin,Broad,0,421,21.83,76.35
Khandwa,2025-06,500000,Ciprofloxacin,Fluoroquinolone,Broad,0,961,21.83,76.35
Khandwa,2025-06,500000,Doxycycline,Tetracycline,Broad,0,924,21.83,76.35
Khandwa,2025-06,500000,Metronidazole,Nitroimidazole,Narrow,0,991,21.83,76.35
Khandwa,2025-06,500000,Cotrimoxazole,Sulfonamide combination,Broad,1,813,21.83,76.35
Khandwa,2025-06,500000,Meropenem,Carbapenem,Very Broad,0,63,21.83,76.35
Khandwa,2025-07,500000,Amoxicillin,Penicillin,Narrow,0,1101,21.83,76.35
Khandwa,2025-07,500000,Amoxicillin-Clavulanate,Penicillin + beta-lactamase inhibitor,Broad,1,1557,21.83,76.35
Khandwa,2025-07,500000,Azithromycin,Macrolide,Broad,0,1474,21.83,76.35
Khandwa,2025-07,500000,Cefixime,Cephalosporin,Broad,0,922,21.83,76.35
Khandwa,2025-07,500000,Ceftriaxone,Cephalosporin,Broad,0,393,21.83,76.35
Khandwa,2025-07,500000,Ciprofloxacin,Fluoroquinolone,Broad,0,1024,21.83,76.35
Khandwa,2025-07,500000,Doxycycline,Tetracycline,Broad,0,876,21.83,76.35
Khandwa,2025-07,500000,Metronidazole,Nitroimidazole,Narrow,0,822,21.83,76.35
Khandwa,2025-07,500000,Cotrimoxazole,Sulfonamide combination,Broad,1,742,21.83,76.35
Khandwa,2025-07,500000,Meropenem,Carbapenem,Very Broad,0,54,21.83,76.35
Khandwa,2025-08,500000,Amoxicillin,Penicillin,Narrow,0,1000,21.83,76.35
Khandwa,2025-08,500000,Amoxicillin-Clavulanate,Penicillin + beta-lactamase inhibitor,Broad,1,1819,21.83,76.35
Khandwa,2025-08,500000,Azithromycin,Macrolide,Broad,0,1406,21.83,76.35
Khandwa,2025-08,500000,Cefixime,Cephalosporin,Broad,0,1066,21.83,76.35
Khandwa,2025-08,500000,Ceftriaxone,Cephalosporin,Broad,0,426,21.83,76.35
Khandwa,2025-08,500000,Ciprofloxacin,Fluoroquinolone,Broad,0,861,21.83,76.35
Khandwa,2025-08,500000,Doxycycline,Tetracycline,Broad,0,817,21.83,76.35
Khandwa,2025-08,500000,Metronidazole,Nitroimidazole,Narrow,0,792,21.83,76.35
Khandwa,2025-08,500000,Cotrimoxazole,Sulfonamide combination,Broad,1,661,21.83,76.35
Khandwa,2025-08,500000,Meropenem,Carbapenem,Very Broad,0,49,21.83,76.35
Khandwa,2025-09,500000,Amoxicillin,Penicillin,Narrow,0,1113,21.83,76.35
Khandwa,2025-09,500000,Amoxicillin-Clavulanate,Penicillin + beta-lactamase inhibitor,Broad,1,1468,21.83,76.35
Khandwa,2025-09,500000,Azithromycin,Macrolide,Broad,0,1203,21.83,76.35
Khandwa,2025-09,500000,Cefixime,Cephalosporin,Broad,0,926,21.83,76.35
Khandwa,2025-09,500000,Ceftriaxone,Cephalosporin,Broad,0,443,21.83,76.35
Khandwa,2025-09,500000,Ciprofloxacin,Fluoroquinolone,Broad,0,967,21.83,76.35
Khandwa,2025-09,500000,Doxycycline,Tetracycline,Broad,0,647,21.83,76.35
Khandwa,2025-09,500000,Metronidazole,Nitroimidazole,Narrow,0,836,21.83,76.35
Khandwa,2025-09,500000,Cotrimoxazole,Sulfonamide combination,Broad,1,711,21.83,76.35
Khandwa,2025-09,500000,Meropenem,Carbapenem,Very Broad,0,43,21.83,76.35
Khandwa,2025-10,500000,Amoxicillin,Penicillin,Narrow,0,1017,21.83,76.35
Khandwa,2025-10,500000,Amoxicillin-Clavulanate,Penicillin + beta-lactamase inhibitor,Broad,1,1693,21.83,76.35
Khandwa,2025-10,500000,Azithromycin,Macrolide,Broad,0,1437,21.83,76.35
Khandwa,2025-10,500000,Cefixime,Cephalosporin,Broad,0,856,21.83,76.35
Khandwa,2025-10,500000,Ceftriaxone,Cephalosporin,Broad,0,432,21.83,76.35
Khandwa,2025-10,500000,Ciprofloxacin,Fluoroquinolone,Broad,0,721,21.83,76.35
Khandwa,2025-10,500000,Doxycycline,Tetracycline,Broad,0,693,21.83,76.35
Khandwa,2025-10,500000,Metronidazole,Nitroimidazole,Narrow,0,720,21.83,76.35
Khandwa,2025-10,500000,Cotrimoxazole,Sulfonamide combination,Broad,1,666,21.83,76.35
Khandwa,2025-10,500000,Meropenem,Carbapenem,Very Broad,0,49,21.83,76.35
Khandwa,2025-11,500000,Amoxicillin,Penicillin,Narrow,0,943,21.83,76.35
Khandwa,2025-11,500000,Amoxicillin-Clavulanate,Penicillin + beta-lactamase inhibitor,Broad,1,1814,21.83,76.35
Khandwa,2025-11,500000,Azithromycin,Macrolide,Broad,0,1437,21.83,76.35
Khandwa,2025-11,500000,Cefixime,Cephalosporin,Broad,0,848,21.83,76.35
Khandwa,2025-11,500000,Ceftriaxone,Cephalosporin,Broad,0,341,21.83,76.35
Khandwa,2025-11,500000,Ciprofloxacin,Fluoroquinolone,Broad,0,986,21.83,76.35
Khandwa,2025-11,500000,Doxycycline,Tetracycline,Broad,0,743,21.83,76.35
Khandwa,2025-11,500000,Metronidazole,Nitroimidazole,Narrow,0,690,21.83,76.35
Khandwa,2025-11,500000,Cotrimoxazole,Sulfonamide combination,Broad,1,659,21.83,76.35
Khandwa,2025-11,500000,Meropenem,Carbapenem,Very Broad,0,50,21.83,76.35
Khandwa,2025-12,500000,Amoxicillin,Penicillin,Narrow,0,965,21.83,76.35
Khandwa,2025-12,500000,Amoxicillin-Clavulanate,Penicillin + beta-lactamase inhibitor,Broad,1,2023,21.83,76.35
Khandwa,2025-12,500000,Azithromycin,Macrolide,Broad,0,1565,21.83,76.35
Khandwa,2025-12,500000,Cefixime,Cephalosporin,Broad,0,983,21.83,76.35
Khandwa,2025-12,500000,Ceftriaxone,Cephalosporin,Broad,0,411,21.83,76.35
Khandwa,2025-12,500000,Ciprofloxacin,Fluoroquinolone,Broad,0,978,21.83,76.35
Khandwa,2025-12,500000,Doxycycline,Tetracycline,Broad,0,718,21.83,76.35
Khandwa,2025-12,500000,Metronidazole,Nitroimidazole,Narrow,0,813,21.83,76.35
Khandwa,2025-12,500000,Cotrimoxazole,Sulfonamide combination,Broad,1,627,21.83,76.35
Khandwa,2025-12,500000,Meropenem,Carbapenem,Very Broad,0,50,21.83,76.35
Khargone,2024-01,450000,Amoxicillin,Penicillin,Narrow,0,933,21.82,75.61
Khargone,2024-01,450000,Amoxicillin-Clavulanate,Penicillin + beta-lactamase inhibitor,Broad,1,1712,21.82,75.61
Khargone,2024-01,450000,Azithromycin,Macrolide,Broad,0,1310,21.82,75.61
Khargone,2024-01,450000,Cefixime,Cephalosporin,Broad,0,918,21.82,75.61
Khargone,2024-01,450000,Ceftriaxone,Cephalosporin,Broad,0,320,21.82,75.61
Khargone,2024-01,450000,Ciprofloxacin,Fluoroquinolone,Broad,0,815,21.82,75.61
Khargone,2024-01,450000,Doxycycline,Tetracycline,Broad,0,727,21.82,75.61
Khargone,2024-01,450000,Metronidazole,Nitroimidazole,Narrow,0,752,21.82,75.61
Khargone,2024-01,450000,Cotrimoxazole,Sulfonamide combination,Broad,1,502,21.82,75.61
Khargone,2024-01,450000,Meropenem,Carbapenem,Very Broad,0,44,21.82,75.61
Khargone,2024-02,450000,Amoxicillin,Penicillin,Narrow,0,1182,21.82,75.61
Khargone,2024-02,450000,Amoxicillin-Clavulanate,Penicillin + beta-lactamase inhibitor,Broad,1,1606,21.82,75.61
Khargone,2024-02,450000,Azithromycin,Macrolide,Broad,0,1162,21.82,75.61
Khargone,2024-02,450000,Cefixime,Cephalosporin,Broad,0,905,21.82,75.61
Khargone,2024-02,450000,Ceftriaxone,Cephalosporin,Broad,0,374,21.82,75.61
Khargone,2024-02,450000,Ciprofloxacin,Fluoroquinolone,Broad,0,975,21.82,75.61
Khargone,2024-02,450000,Doxycycline,Tetracycline,Broad,0,606,21.82,75.61
Khargone,2024-02,450000,Metronidazole,Nitroimidazole,Narrow,0,758,21.82,75.61
Khargone,2024-02,450000,Cotrimoxazole,Sulfonamide combination,Broad,1,734,21.82,75.61
Khargone,2024-02,450000,Meropenem,Carbapenem,Very Broad,0,48,21.82,75.61
Khargone,2024-03,450000,Amoxicillin,Penicillin,Narrow,0,983,21.82,75.61
Khargone,2024-03,450000,Amoxicillin-Clavulanate,Penicillin + beta-lactamase inhibitor,Broad,1,1582,21.82,75.61
Khargone,2024-03,450000,Azithromycin,Macrolide,Broad,0,1602,21.82,75.61
Khargone,2024-03,450000,Cefixime,Cephalosporin,Broad,0,1037,21.82,75.61
Khargone,2024-03,450000,Ceftriaxone,Cephalosporin,Broad,0,432,21.82,75.61
Khargone,2024-03,450000,Ciprofloxacin,Fluoroquinolone,Broad,0,890,21.82,75.61
Khargone,2024-03,450000,Doxycycline,Tetracycline,Broad,0,806,21.82,75.61
Khargone,2024-03,450000,Metronidazole,Nitroimidazole,Narrow,0,745,21.82,75.61
Khargone,2024-03,450000,Cotrimoxazole,Sulfonamide combination,Broad,1,769,21.82,75.61
Khargone,2024-03,450000,Meropenem,Carbapenem,Very Broad,0,62,21.82,75.61
Khargone,2024-04,450000,Amoxicillin,Penicillin,Narrow,0,1081,21.82,75.61
Khargone,2024-04,450000,Amoxicillin-Clavulanate,Penicillin + beta-lactamase inhibitor,Broad,1,1477,21.82,75.61
Khargone,2024-04,450000,Azithromycin,Macrolide,Broad,0,1256,21.82,75.61
Khargone,2024-04,450000,Cefixime,Cephalosporin,Broad,0,1164,21.82,75.61
Khargone,2024-04,450000,Ceftriaxone,Cephalosporin,Broad,0,401,21.82,75.61
Khargone,2024-04,450000,Ciprofloxacin,Fluoroquinolone,Broad,0,957,21.82,75.61
Khargone,2024-04,450000,Doxycycline,Tetracycline,Broad,0,851,21.82,75.61
Khargone,2024-04,450000,Metronidazole,Nitroimidazole,Narrow,0,917,21.82,75.61
Khargone,2024-04,450000,Cotrimoxazole,Sulfonamide combination,Broad,1,705,21.82,75.61
Khargone,2024-04,450000,Meropenem,Carbapenem,Very Broad,0,51,21.82,75.61
Khargone,2024-05,450000,Amoxicillin,Penicillin,Narrow,0,1067,21.82,75.61
Khargone,2024-05,450000,Amoxicillin-Clavulanate,Penicillin + beta-lactamase inhibitor,Broad,1,1706,21.82,75.61
Khargone,2024-05,450000,Azithromycin,Macrolide,Broad,0,1430,21.82,75.61
Khargone,2024-05,450000,Cefixime,Cephalosporin,Broad,0,1038,21.82,75.61
Khargone,2024-05,450000,Ceftriaxone,Cephalosporin,Broad,0,495,21.82,75.61
Khargone,2024-05,450000,Ciprofloxacin,Fluoroquinolone,Broad,0,999,21.82,75.61
Khargone,2024-05,450000,Doxycycline,Tetracycline,Broad,0,865,21.82,75.61
Khargone,2024-05,450000,Metronidazole,Nitroimidazole,Narrow,0,749,21.82,75.61
Khargone,2024-05,450000,Cotrimoxazole,Sulfonamide combination,Broad,1,728,21.82,75.61
Khargone,2024-05,450000,Meropenem,Carbapenem,Very Broad,0,48,21.82,75.61
Khargone,2024-06,450000,Amoxicillin,Penicillin,Narrow,0,1137,21.82,75.61
Khargone,2024-06,450000,Amoxicillin-Clavulanate,Penicillin + beta-lactamase inhibitor,Broad,1,1717,21.82,75.61
Khargone,2024-06,450000,Azithromycin,Macrolide,Broad,0,1558,21.82,75.61
Khargone,2024-06,450000,Cefixime,Cephalosporin,Broad,0,1091,21.82,75.61
Khargone,2024-06,450000,Ceftriaxone,Cephalosporin,Broad,0,447,21.82,75.61
Khargone,2024-06,450000,Ciprofloxacin,Fluoroquinolone,Broad,0,984,21.82,75.61
Khargone,2024-06,450000,Doxycycline,Tetracycline,Broad,0,868,21.82,75.61
Khargone,2024-06,450000,Metronidazole,Nitroimidazole,Narrow,0,701,21.82,75.61
Khargone,2024-06,450000,Cotrimoxazole,Sulfonamide combination,Broad,1,741,21.82,75.61
Khargone,2024-06,450000,Meropenem,Carbapenem,Very Broad,0,45,21.82,75.61
Khargone,2024-07,450000,Amoxicillin,Penicillin,Narrow,0,1066,21.82,75.61
Khargone,2024-07,450000,Amoxicillin-Clavulanate,Penicillin + beta-lactamase inhibitor,Broad,1,1715,21.82,75.61
Khargone,2024-07,450000,Azithromycin,Macrolide,Broad,0,1121,21.82,75.61
Khargone,2024-07,450000,Cefixime,Cephalosporin,Broad,0,884,21.82,75.61
Khargone,2024-07,450000,Ceftriaxone,Cephalosporin,Broad,0,386,21.82,75.61
Khargone,2024-07,450000,Ciprofloxacin,Fluoroquinolone,Broad,0,856,21.82,75.61
Khargone,2024-07,450000,Doxycycline,Tetracycline,Broad,0,761,21.82,75.61
Khargone,2024-07,450000,Metronidazole,Nitroimidazole,Narrow,0,936,21.82,75.61
Khargone,2024-07,450000,Cotrimoxazole,Sulfonamide combination,Broad,1,636,21.82,75.61
Khargone,2024-07,450000,Meropenem,Carbapenem,Very Broad,0,43,21.82,75.61
Khargone,2024-08,450000,Amoxicillin,Penicillin,Narrow,0,944,21.82,75.61
Khargone,2024-08,450000,Amoxicillin-Clavulanate,Penicillin + beta-lactamase inhibitor,Broad,1,1341,21.82,75.61
Khargone,2024-08,450000,Azithromycin,Macrolide,Broad,0,1193,21.82,75.61
Khargone,2024-08,450000,Cefixime,Cephalosporin,Broad,0,886,21.82,75.61
Khargone,2024-08,450000,Ceftriaxone,Cephalosporin,Broad,0,345,21.82,75.61
Khargone,2024-08,450000,Ciprofloxacin,Fluoroquinolone,Broad,0,930,21.82,75.61
Khargone,2024-08,450000,Doxycycline,Tetracycline,Broad,0,630,21.82,75.61
Khargone,2024-08,450000,Metronidazole,Nitroimidazole,Narrow,0,697,21.82,75.61
Khargone,2024-08,450000,Cotrimoxazole,Sulfonamide combination,Broad,1,594,21.82,75.61
Khargone,2024-08,450000,Meropenem,Carbapenem,Very Broad,0,44,21.82,75.61
Khargone,2024-09,450000,Amoxicillin,Penicillin,Narrow,0,965,21.82,75.61
Khargone,2024-09,450000,Amoxicillin-Clavulanate,Penicillin + beta-lactamase inhibitor,Broad,1,1550,21.82,75.61
Khargone,2024-09,450000,Azithromycin,Macrolide,Broad,0,1094,21.82,75.61
Khargone,2024-09,450000,Cefixime,Cephalosporin,Broad,0,898,21.82,75.61
Khargone,2024-09,450000,Ceftriaxone,Cephalosporin,Broad,0,374,21.82,75.61
Khargone,2024-09,450000,Ciprofloxacin,Fluoroquinolone,Broad,0,884,21.82,75.61
Khargone,2024-09,450000,Doxycycline,Tetracycline,Broad,0,572,21.82,75.61
Khargone,2024-09,450000,Metronidazole,Nitroimidazole,Narrow,0,634,21.82,75.61
Khargone,2024-09,450000,Cotrimoxazole,Sulfonamide combination,Broad,1,599,21.82,75.61
Khargone,2024-09,450000,Meropenem,Carbapenem,Very Broad,0,33,21.82,75.61
Khargone,2024-10,450000,Amoxicillin,Penicillin,Narrow,0,992,21.82,75.61
Khargone,2024-10,450000,Amoxicillin-Clavulanate,Penicillin + beta-lactamase inhibitor,Broad,1,1331,21.82,75.61
Khargone,2024-10,450000,Azithromycin,Macrolide,Broad,0,1111,21.82,75.61
Khargone,2024-10,450000,Cefixime,Cephalosporin,Broad,0,754,21.82,75.61
Khargone,2024-10,450000,Ceftriaxone,Cephalosporin,Broad,0,328,21.82,75.61
Khargone,2024-10,450000,Ciprofloxacin,Fluoroquinolone,Broad,0,746,21.82,75.61
Khargone,2024-10,450000,Doxycycline,Tetracycline,Broad,0,605,21.82,75.61
Khargone,2024-10,450000,Metronidazole,Nitroimidazole,Narrow,0,631,21.82,75.61
Khargone,2024-10,450000,Cotrimoxazole,Sulfonamide combination,Broad,1,535,21.82,75.61
Khargone,2024-10,450000,Meropenem,Carbapenem,Very Broad,0,39,21.82,75.61
Khargone,2024-11,450000,Amoxicillin,Penicillin,Narrow,0,910,21.82,75.61
Khargone,2024-11,450000,Amoxicillin-Clavulanate,Penicillin + beta-lactamase inhibitor,Broad,1,1499,21.82,75.61
Khargone,2024-11,450000,Azithromycin,Macrolide,Broad,0,1160,21.82,75.61
Khargone,2024-11,450000,Cefixime,Cephalosporin,Broad,0,811,21.82,75.61
Khargone,2024-11,450000,Ceftriaxone,Cephalosporin,Broad,0,308,21.82,75.61
Khargone,2024-11,450000,Ciprofloxacin,Fluoroquinolone,Broad,0,707,21.82,75.61
Khargone,2024-11,450000,Doxycycline,Tetracycline,Broad,0,600,21.82,75.61
Khargone,2024-11,450000,Metronidazole,Nitroimidazole,Narrow,0,691,21.82,75.61
Khargone,2024-11,450000,Cotrimoxazole,Sulfonamide combination,Broad,1,620,21.82,75.61
Khargone,2024-11,450000,Meropenem,Carbapenem,Very Broad,0,36,21.82,75.61
Khargone,2024-12,450000,Amoxicillin,Penicillin,Narrow,0,872,21.82,75.61
Khargone,2024-12,450000,Amoxicillin-Clavulanate,Penicillin + beta-lactamase inhibitor,Broad,1,1452,21.82,75.61
Khargone,2024-12,450000,Azithromycin,Macrolide,Broad,0,1357,21.82,75.61
Khargone,2024-12,450000,Cefixime,Cephalosporin,Broad,0,841,21.82,75.61
Khargone,2024-12,450000,Ceftriaxone,Cephalosporin,Broad,0,361,21.82,75.61
Khargone,2024-12,450000,Ciprofloxacin,Fluoroquinolone,Broad,0,911,21.82,75.61
Khargone,2024-12,450000,Doxycycline,Tetracycline,Broad,0,700,21.82,75.61
Khargone,2024-12,450000,Metronidazole,Nitroimidazole,Narrow,0,666,21.82,75.61
Khargone,2024-12,450000,Cotrimoxazole,Sulfonamide combination,Broad,1,589,21.82,75.61
Khargone,2024-12,450000,Meropenem,Carbapenem,Very Broad,0,40,21.82,75.61
Khargone,2025-01,450000,Amoxicillin,Penicillin,Narrow,0,1069,21.82,75.61
Khargone,2025-01,450000,Amoxicillin-Clavulanate,Penicillin + beta-lactamase inhibitor,Broad,1,1461,21.82,75.61
Khargone,2025-01,450000,Azithromycin,Macrolide,Broad,0,1372,21.82,75.61
Khargone,2025-01,450000,Cefixime,Cephalosporin,Broad,0,930,21.82,75.61
Khargone,2025-01,450000,Ceftriaxone,Cephalosporin,Broad,0,407,21.82,75.61
Khargone,2025-01,450000,Ciprofloxacin,Fluoroquinolone,Broad,0,941,21.82,75.61
Khargone,2025-01,450000,Doxycycline,Tetracycline,Broad,0,756,21.82,75.61
Khargone,2025-01,450000,Metronidazole,Nitroimidazole,Narrow,0,731,21.82,75.61
Khargone,2025-01,450000,Cotrimoxazole,Sulfonamide combination,Broad,1,684,21.82,75.61
Khargone,2025-01,450000,Meropenem,Carbapenem,Very Broad,0,44,21.82,75.61
Khargone,2025-02,450000,Amoxicillin,Penicillin,Narrow,0,821,21.82,75.61
Khargone,2025-02,450000,Amoxicillin-Clavulanate,Penicillin + beta-lactamase inhibitor,Broad,1,1689,21.82,75.61
Khargone,2025-02,450000,Azithromycin,Macrolide,Broad,0,1315,21.82,75.61
Khargone,2025-02,450000,Cefixime,Cephalosporin,Broad,0,1011,21.82,75.61
Khargone,2025-02,450000,Ceftriaxone,Cephalosporin,Broad,0,348,21.82,75.61
Khargone,2025-02,450000,Ciprofloxacin,Fluoroquinolone,Broad,0,882,21.82,75.61
Khargone,2025-02,450000,Doxycycline,Tetracycline,Broad,0,790,21.82,75.61
Khargone,2025-02,450000,Metronidazole,Nitroimidazole,Narrow,0,724,21.82,75.61
Khargone,2025-02,450000,Cotrimoxazole,Sulfonamide combination,Broad,1,687,21.82,75.61
Khargone,2025-02,450000,Meropenem,Carbapenem,Very Broad,0,47,21.82,75.61
Khargone,2025-03,450000,Amoxicillin,Penicillin,Narrow,0,1175,21.82,75.61
Khargone,2025-03,450000,Amoxicillin-Clavulanate,Penicillin + beta-lactamase inhibitor,Broad,1,1963,21.82,75.61
Khargone,2025-03,450000,Azithromycin,Macrolide,Broad,0,1472,21.82,75.61
Khargone,2025-03,450000,Cefixime,Cephalosporin,Broad,0,977,21.82,75.61
Khargone,2025-03,450000,Ceftriaxone,Cephalosporin,Broad,0,418,21.82,75.61
Khargone,2025-03,450000,Ciprofloxacin,Fluoroquinolone,Broad,0,1029,21.82,75.61
Khargone,2025-03,450000,Doxycycline,Tetracycline,Broad,0,747,21.82,75.61
Khargone,2025-03,450000,Metronidazole,Nitroimidazole,Narrow,0,807,21.82,75.61
Khargone,2025-03,450000,Cotrimoxazole,Sulfonamide combination,Broad,1,699,21.82,75.61
Khargone,2025-03,450000,Meropenem,Carbapenem,Very Broad,0,52,21.82,75.61
Khargone,2025-04,450000,Amoxicillin,Penicillin,Narrow,0,979,21.82,75.61
Khargone,2025-04,450000,Amoxicillin-Clavulanate,Penicillin + beta-lactamase inhibitor,Broad,1,1911,21.82,75.61
Khargone,2025-04,450000,Azithromycin,Macrolide,Broad,0,1549,21.82,75.61
Khargone,2025-04,450000,Cefixime,Cephalosporin,Broad,0,907,21.82,75.61
Khargone,2025-04,450000,Ceftriaxone,Cephalosporin,Broad,0,449,21.82,75.61
Khargone,2025-04,450000,Ciprofloxacin,Fluoroquinolone,Broad,0,1070,21.82,75.61
Khargone,2025-04,450000,Doxycycline,Tetracycline,Broad,0,851,21.82,75.61
Khargone,2025-04,450000,Metronidazole,Nitroimidazole,Narrow,0,801,21.82,75.61
Khargone,2025-04,450000,Cotrimoxazole,Sulfonamide combination,Broad,1,671,21.82,75.61
Khargone,2025-04,450000,Meropenem,Carbapenem,Very Broad,0,53,21.82,75.61
Khargone,2025-05,450000,Amoxicillin,Penicillin,Narrow,0,1135,21.82,75.61
Khargone,2025-05,450000,Amoxicillin-Clavulanate,Penicillin + beta-lactamase inhibitor,Broad,1,1827,21.82,75.61
Khargone,2025-05,450000,Azithromycin,Macrolide,Broad,0,1303,21.82,75.61
Khargone,2025-05,450000,Cefixime,Cephalosporin,Broad,0,1080,21.82,75.61
Khargone,2025-05,450000,Ceftriaxone,Cephalosporin,Broad,0,451,21.82,75.61
Khargone,2025-05,450000,Ciprofloxacin,Fluoroquinolone,Broad,0,1003,21.82,75.61
Khargone,2025-05,450000,Doxycycline,Tetracycline,Broad,0,821,21.82,75.61
Khargone,2025-05,450000,Metronidazole,Nitroimidazole,Narrow,0,923,21.82,75.61
Khargone,2025-05,450000,Cotrimoxazole,Sulfonamide combination,Broad,1,694,21.82,75.61
Khargone,2025-05,450000,Meropenem,Carbapenem,Very Broad,0,58,21.82,75.61
Khargone,2025-06,450000,Amoxicillin,Penicillin,Narrow,0,1173,21.82,75.61
Khargone,2025-06,450000,Amoxicillin-Clavulanate,Penicillin + beta-lactamase inhibitor,Broad,1,1897,21.82,75.61
Khargone,2025-06,450000,Azithromycin,Macrolide,Broad,0,1302,21.82,75.61
Khargone,2025-06,450000,Cefixime,Cephalosporin,Broad,0,1118,21.82,75.61
Khargone,2025-06,450000,Ceftriaxone,Cephalosporin,Broad,0,429,21.82,75.61
Khargone,2025-06,450000,Ciprofloxacin,Fluoroquinolone,Broad,0,877,21.82,75.61
Khargone,2025-06,450000,Doxycycline,Tetracycline,Broad,0,751,21.82,75.61
Khargone,2025-06,450000,Metronidazole,Nitroimidazole,Narrow,0,855,21.82,75.61
Khargone,2025-06,450000,Cotrimoxazole,Sulfonamide combination,Broad,1,729,21.82,75.61
Khargone,2025-06,450000,Meropenem,Carbapenem,Very Broad,0,46,21.82,75.61
Khargone,2025-07,450000,Amoxicillin,Penicillin,Narrow,0,1046,21.82,75.61
Khargone,2025-07,450000,Amoxicillin-Clavulanate,Penicillin + beta-lactamase inhibitor,Broad,1,1578,21.82,75.61
Khargone,2025-07,450000,Azithromycin,Macrolide,Broad,0,1480,21.82,75.61
Khargone,2025-07,450000,Cefixime,Cephalosporin,Broad,0,959,21.82,75.61
Khargone,2025-07,450000,Ceftriaxone,Cephalosporin,Broad,0,391,21.82,75.61
Khargone,2025-07,450000,Ciprofloxacin,Fluoroquinolone,Broad,0,970,21.82,75.61
Khargone,2025-07,450000,Doxycycline,Tetracycline,Broad,0,713,21.82,75.61
Khargone,2025-07,450000,Metronidazole,Nitroimidazole,Narrow,0,806,21.82,75.61
Khargone,2025-07,450000,Cotrimoxazole,Sulfonamide combination,Broad,1,564,21.82,75.61
Khargone,2025-07,450000,Meropenem,Carbapenem,Very Broad,0,45,21.82,75.61
Khargone,2025-08,450000,Amoxicillin,Penicillin,Narrow,0,1095,21.82,75.61
Khargone,2025-08,450000,Amoxicillin-Clavulanate,Penicillin + beta-lactamase inhibitor,Broad,1,1472,21.82,75.61
Khargone,2025-08,450000,Azithromycin,Macrolide,Broad,0,1126,21.82,75.61
Khargone,2025-08,450000,Cefixime,Cephalosporin,Broad,0,935,21.82,75.61
Khargone,2025-08,450000,Ceftriaxone,Cephalosporin,Broad,0,356,21.82,75.61
Khargone,2025-08,450000,Ciprofloxacin,Fluoroquinolone,Broad,0,830,21.82,75.61
Khargone,2025-08,450000,Doxycycline,Tetracycline,Broad,0,743,21.82,75.61
Khargone,2025-08,450000,Metronidazole,Nitroimidazole,Narrow,0,683,21.82,75.61
Khargone,2025-08,450000,Cotrimoxazole,Sulfonamide combination,Broad,1,523,21.82,75.61
Khargone,2025-08,450000,Meropenem,Carbapenem,Very Broad,0,40,21.82,75.61
Khargone,2025-09,450000,Amoxicillin,Penicillin,Narrow,0,806,21.82,75.61
Khargone,2025-09,450000,Amoxicillin-Clavulanate,Penicillin + beta-lactamase inhibitor,Broad,1,1423,21.82,75.61
Khargone,2025-09,450000,Azithromycin,Macrolide,Broad,0,1038,21.82,75.61
Khargone,2025-09,450000,Cefixime,Cephalosporin,Broad,0,951,21.82,75.61
Khargone,2025-09,450000,Ceftriaxone,Cephalosporin,Broad,0,410,21.82,75.61
Khargone,2025-09,450000,Ciprofloxacin,Fluoroquinolone,Broad,0,736,21.82,75.61
Khargone,2025-09,450000,Doxycycline,Tetracycline,Broad,0,671,21.82,75.61
Khargone,2025-09,450000,Metronidazole,Nitroimidazole,Narrow,0,632,21.82,75.61
Khargone,2025-09,450000,Cotrimoxazole,Sulfonamide combination,Broad,1,558,21.82,75.61
Khargone,2025-09,450000,Meropenem,Carbapenem,Very Broad,0,47,21.82,75.61
Khargone,2025-10,450000,Amoxicillin,Penicillin,Narrow,0,902,21.82,75.61
Khargone,2025-10,450000,Amoxicillin-Clavulanate,Penicillin + beta-lactamase inhibitor,Broad,1,1317,21.82,75.61
Khargone,2025-10,450000,Azithromycin,Macrolide,Broad,0,1261,21.82,75.61
Khargone,2025-10,450000,Cefixime,Cephalosporin,Broad,0,626,21.82,75.61
Khargone,2025-10,450000,Ceftriaxone,Cephalosporin,Broad,0,334,21.82,75.61
Khargone,2025-10,450000,Ciprofloxacin,Fluoroquinolone,Broad,0,780,21.82,75.61
Khargone,2025-10,450000,Doxycycline,Tetracycline,Broad,0,613,21.82,75.61
Khargone,2025-10,450000,Metronidazole,Nitroimidazole,Narrow,0,714,21.82,75.61
Khargone,2025-10,450000,Cotrimoxazole,Sulfonamide combination,Broad,1,607,21.82,75.61
Khargone,2025-10,450000,Meropenem,Carbapenem,Very Broad,0,36,21.82,75.61
Khargone,2025-11,450000,Amoxicillin,Penicillin,Narrow,0,843,21.82,75.61
Khargone,2025-11,450000,Amoxicillin-Clavulanate,Penicillin + beta-lactamase inhibitor,Broad,1,1668,21.82,75.61
Khargone,2025-11,450000,Azithromycin,Macrolide,Broad,0,1254,21.82,75.61
Khargone,2025-11,450000,Cefixime,Cephalosporin,Broad,0,835,21.82,75.61
Khargone,2025-11,450000,Ceftriaxone,Cephalosporin,Broad,0,351,21.82,75.61
Khargone,2025-11,450000,Ciprofloxacin,Fluoroquinolone,Broad,0,818,21.82,75.61
Khargone,2025-11,450000,Doxycycline,Tetracycline,Broad,0,686,21.82,75.61
Khargone,2025-11,450000,Metronidazole,Nitroimidazole,Narrow,0,639,21.82,75.61
Khargone,2025-11,450000,Cotrimoxazole,Sulfonamide combination,Broad,1,587,21.82,75.61
Khargone,2025-11,450000,Meropenem,Carbapenem,Very Broad,0,41,21.82,75.61
Khargone,2025-12,450000,Amoxicillin,Penicillin,Narrow,0,915,21.82,75.61
Khargone,2025-12,450000,Amoxicillin-Clavulanate,Penicillin + beta-lactamase inhibitor,Broad,1,1387,21.82,75.61
Khargone,2025-12,450000,Azithromycin,Macrolide,Broad,0,1233,21.82,75.61
Khargone,2025-12,450000,Cefixime,Cephalosporin,Broad,0,910,21.82,75.61
Khargone,2025-12,450000,Ceftriaxone,Cephalosporin,Broad,0,371,21.82,75.61
Khargone,2025-12,450000,Ciprofloxacin,Fluoroquinolone,Broad,0,956,21.82,75.61
Khargone,2025-12,450000,Doxycycline,Tetracycline,Broad,0,572,21.82,75.61
Khargone,2025-12,450000,Metronidazole,Nitroimidazole,Narrow,0,734,21.82,75.61
Khargone,2025-12,450000,Cotrimoxazole,Sulfonamide combination,Broad,1,597,21.82,75.61
Khargone,2025-12,450000,Meropenem,Carbapenem,Very Broad,0,46,21.82,75.61
