Location,Month,Antibiotic,Resistance_Rate
Delhi,2024-01,Amoxicillin,24.54
Delhi,2024-01,Amoxicillin-Clavulanate,23.0
Delhi,2024-01,Azithromycin,22.89
Delhi,2024-01,Cefixime,22.53
Delhi,2024-01,Ceftriaxone,24.34
Delhi,2024-01,Ciprofloxacin,21.28
Delhi,2024-01,Doxycycline,23.39
Delhi,2024-01,Metronidazole,22.35
Delhi,2024-01,Cotrimoxazole,22.41
Delhi,2024-01,Meropenem,21.88
Delhi,2024-02,Amoxicillin,23.66
Delhi,2024-02,Amoxicillin-Clavulanate,24.7
Delhi,2024-02,Azithromycin,26.34
Delhi,2024-02,Cefixime,24.77
Delhi,2024-02,Ceftriaxone,23.13
Delhi,2024-02,Ciprofloxacin,24.12
Delhi,2024-02,Doxycycline,23.36
Delhi,2024-02,Metronidazole,21.44
Delhi,2024-02,Cotrimoxazole,21.64
Delhi,2024-02,Meropenem,22.15
Delhi,2024-03,Amoxicillin,24.98
Delhi,2024-03,Amoxicillin-Clavulanate,21.75
Delhi,2024-03,Azithromycin,22.24
Delhi,2024-03,Cefixime,24.32
Delhi,2024-03,Ceftriaxone,24.06
Delhi,2024-03,Ciprofloxacin,25.24
Delhi,2024-03,Doxycycline,21.32
Delhi,2024-03,Metronidazole,25.29
Delhi,2024-03,Cotrimoxazole,21.59
Delhi,2024-03,Meropenem,20.23
Delhi,2024-04,Amoxicillin,24.31
Delhi,2024-04,Amoxicillin-Clavulanate,22.55
Delhi,2024-04,Azithromycin,23.26
Delhi,2024-04,Cefixime,23.89
Delhi,2024-04,Ceftriaxone,24.08
Delhi,2024-04,Ciprofloxacin,23.04
Delhi,2024-04,Doxycycline,23.62
Delhi,2024-04,Metronidazole,22.63
Delhi,2024-04,Cotrimoxazole,24.77
Delhi,2024-04,Meropenem,22.53
Delhi,2024-05,Amoxicillin,23.71
Delhi,2024-05,Amoxicillin-Clavulanate,22.32
Delhi,2024-05,Azithromycin,23.48
Delhi,2024-05,Cefixime,22.95
Delhi,2024-05,Ceftriaxone,23.2
Delhi,2024-05,Ciprofloxacin,24.93
Delhi,2024-05,Doxycycline,21.55
Delhi,2024-05,Metronidazole,24.89
Delhi,2024-05,Cotrimoxazole,24.1
Delhi,2024-05,Meropenem,23.03
Delhi,2024-06,Amoxicillin,23.91
Delhi,2024-06,Amoxicillin-Clavulanate,25.29
Delhi,2024-06,Azithromycin,23.94
Delhi,2024-06,Cefixime,23.87
Delhi,2024-06,Ceftriaxone,25.18
Delhi,2024-06,Ciprofloxacin,22.77
Delhi,2024-06,Doxycycline,21.97
Delhi,2024-06,Metronidazole,22.37
Delhi,2024-06,Cotrimoxazole,24.58
Delhi,2024-06,Meropenem,23.34
Delhi,2024-07,Amoxicillin,26.68
Delhi,2024-07,Amoxicillin-Clavulanate,23.91
Delhi,2024-07,Azithromycin,25.03
Delhi,2024-07,Cefixime,24.97
Delhi,2024-07,Ceftriaxone,24.41
Delhi,2024-07,Ciprofloxacin,25.52
Delhi,2024-07,Doxycycline,24.15
Delhi,2024-07,Metronidazole,23.36
Delhi,2024-07,Cotrimoxazole,24.7
Delhi,2024-07,Meropenem,23.64
Delhi,2024-08,Amoxicillin,25.72
Delhi,2024-08,Amoxicillin-Clavulanate,24.81
Delhi,2024-08,Azithromycin,23.3
Delhi,2024-08,Cefixime,25.52
Delhi,2024-08,Ceftriaxone,24.91
Delhi,2024-08,Ciprofloxacin,24.32
Delhi,2024-08,Doxycycline,24.29
Delhi,2024-08,Metronidazole,25.19
Delhi,2024-08,Cotrimoxazole,25.2
Delhi,2024-08,Meropenem,23.53
Delhi,2024-09,Amoxicillin,25.34
Delhi,2024-09,Amoxicillin-Clavulanate,26.04
Delhi,2024-09,Azithromycin,22.18
Delhi,2024-09,Cefixime,26.4
Delhi,2024-09,Ceftriaxone,23.81
Delhi,2024-09,Ciprofloxacin,23.96
Delhi,2024-09,Doxycycline,24.07
Delhi,2024-09,Metronidazole,26.85
Delhi,2024-09,Cotrimoxazole,26.92
Delhi,2024-09,Meropenem,24.97
Delhi,2024-10,Amoxicillin,26.88
Delhi,2024-10,Amoxicillin-Clavulanate,23.8
Delhi,2024-10,Azithromycin,25.48
Delhi,2024-10,Cefixime,25.43
Delhi,2024-10,Ceftriaxone,25.5
Delhi,2024-10,Ciprofloxacin,26.2
Delhi,2024-10,Doxycycline,24.61
Delhi,2024-10,Metronidazole,25.9
Delhi,2024-10,Cotrimoxazole,23.45
Delhi,2024-10,Meropenem,24.75
Delhi,2024-11,Amoxicillin,25.32
Delhi,2024-11,Amoxicillin-Clavulanate,25.21
Delhi,2024-11,Azithromycin,25.46
Delhi,2024-11,Cefixime,24.62
Delhi,2024-11,Ceftriaxone,26.38
Delhi,2024-11,Ciprofloxacin,25.61
Delhi,2024-11,Doxycycline,24.22
Delhi,2024-11,Metronidazole,24.25
Delhi,2024-11,Cotrimoxazole,25.23
Delhi,2024-11,Meropenem,23.66
Delhi,2024-12,Amoxicillin,26.15
Delhi,2024-12,Amoxicillin-Clavulanate,25.22
Delhi,2024-12,Azithromycin,24.32
Delhi,2024-12,Cefixime,27.45
Delhi,2024-12,Ceftriaxone,26.51
Delhi,2024-12,Ciprofloxacin,25.28
Delhi,2024-12,Doxycycline,24.98
Delhi,2024-12,Metronidazole,23.51
Delhi,2024-12,Cotrimoxazole,24.78
Delhi,2024-12,Meropenem,24.02
Delhi,2025-01,Amoxicillin,24.75
Delhi,2025-01,Amoxicillin-Clavulanate,25.93
Delhi,2025-01,Azithromycin,24.43
Delhi,2025-01,Cefixime,25.29
Delhi,2025-01,Ceftriaxone,25.41
Delhi,2025-01,Ciprofloxacin,28.94
Delhi,2025-01,Doxycycline,24.08
Delhi,2025-01,Metronidazole,22.36
Delhi,2025-01,Cotrimoxazole,23.49
Delhi,2025-01,Meropenem,25.2
Delhi,2025-02,Amoxicillin,28.04
Delhi,2025-02,Amoxicillin-Clavulanate,25.19
Delhi,2025-02,Azithromycin,26.81
Delhi,2025-02,Cefixime,26.94
Delhi,2025-02,Ceftriaxone,26.27
Delhi,2025-02,Ciprofloxacin,25.83
Delhi,2025-02,Doxycycline,25.42
Delhi,2025-02,Metronidazole,26.01
Delhi,2025-02,Cotrimoxazole,26.11
Delhi,2025-02,Meropenem,24.03
Delhi,2025-03,Amoxicillin,26.41
Delhi,2025-03,Amoxicillin-Clavulanate,28.15
Delhi,2025-03,Azithromycin,25.72
Delhi,2025-03,Cefixime,27.11
Delhi,2025-03,Ceftriaxone,27.1
Delhi,2025-03,Ciprofloxacin,26.45
Delhi,2025-03,Doxycycline,25.38
Delhi,2025-03,Metronidazole,26.07
Delhi,2025-03,Cotrimoxazole,26.5
Delhi,2025-03,Meropenem,25.11
Delhi,2025-04,Amoxicillin,26.47
Delhi,2025-04,Amoxicillin-Clavulanate,27.01
Delhi,2025-04,Azithromycin,25.96
Delhi,2025-04,Cefixime,26.43
Delhi,2025-04,Ceftriaxone,30.08
Delhi,2025-04,Ciprofloxacin,25.08
Delhi,2025-04,Doxycycline,26.9
Delhi,2025-04,Metronidazole,24.72
Delhi,2025-04,Cotrimoxazole,26.45
Delhi,2025-04,Meropenem,28.22
Delhi,2025-05,Amoxicillin,26.85
Delhi,2025-05,Amoxicillin-Clavulanate,26.45
Delhi,2025-05,Azithromycin,26.66
Delhi,2025-05,Cefixime,26.5
Delhi,2025-05,Ceftriaxone,28.79
Delhi,2025-05,Ciprofloxacin,26.85
Delhi,2025-05,Doxycycline,27.2
Delhi,2025-05,Metronidazole,24.83
Delhi,2025-05,Cotrimoxazole,24.97
Delhi,2025-05,Meropenem,25.76
Delhi,2025-06,Amoxicillin,26.79
Delhi,2025-06,Amoxicillin-Clavulanate,29.5
Delhi,2025-06,Azithromycin,25.56
Delhi,2025-06,Cefixime,26.88
Delhi,2025-06,Ceftriaxone,28.87
Delhi,2025-06,Ciprofloxacin,27.38
Delhi,2025-06,Doxycycline,25.38
Delhi,2025-06,Metronidazole,29.1
Delhi,2025-06,Cotrimoxazole,26.44
Delhi,2025-06,Meropenem,26.35
Delhi,2025-07,Amoxicillin,28.62
Delhi,2025-07,Amoxicillin-Clavulanate,28.94
Delhi,2025-07,Azithromycin,28.07
Delhi,2025-07,Cefixime,27.44
Delhi,2025-07,Ceftriaxone,28.39
Delhi,2025-07,Ciprofloxacin,28.1
Delhi,2025-07,Doxycycline,28.19
Delhi,2025-07,Metronidazole,25.88
Delhi,2025-07,Cotrimoxazole,30.08
Delhi,2025-07,Meropenem,26.03
Delhi,2025-08,Amoxicillin,28.98
Delhi,2025-08,Amoxicillin-Clavulanate,27.02
Delhi,2025-08,Azithromycin,26.27
Delhi,2025-08,Cefixime,27.53
Delhi,2025-08,Ceftriaxone,27.82
Delhi,2025-08,Ciprofloxacin,28.04
Delhi,2025-08,Doxycycline,26.42
Delhi,2025-08,Metronidazole,28.07
Delhi,2025-08,Cotrimoxazole,27.14
Delhi,2025-08,Meropenem,26.02
Delhi,2025-09,Amoxicillin,28.81
Delhi,2025-09,Amoxicillin-Clavulanate,29.63
Delhi,2025-09,Azithromycin,28.18
Delhi,2025-09,Cefixime,28.63
Delhi,2025-09,Ceftriaxone,27.56
Delhi,2025-09,Ciprofloxacin,27.48
Delhi,2025-09,Doxycycline,26.33
Delhi,2025-09,Metronidazole,28.98
Delhi,2025-09,Cotrimoxazole,28.82
Delhi,2025-09,Meropenem,26.29
Delhi,2025-10,Amoxicillin,28.67
Delhi,2025-10,Amoxicillin-Clavulanate,27.68
Delhi,2025-10,Azithromycin,27.01
Delhi,2025-10,Cefixime,29.29
Delhi,2025-10,Ceftriaxone,28.87
Delhi,2025-10,Ciprofloxacin,31.08
Delhi,2025-10,Doxycycline,29.16
Delhi,2025-10,Metronidazole,29.03
Delhi,2025-10,Cotrimoxazole,29.03
Delhi,2025-10,Meropenem,26.83
Delhi,2025-11,Amoxicillin,30.03
Delhi,2025-11,Amoxicillin-Clavulanate,28.29
Delhi,2025-11,Azithromycin,29.87
Delhi,2025-11,Cefixime,29.32
Delhi,2025-11,Ceftriaxone,29.56
Delhi,2025-11,Ciprofloxacin,29.01
Delhi,2025-11,Doxycycline,29.79
Delhi,2025-11,Metronidazole,26.1
Delhi,2025-11,Cotrimoxazole,30.4
Delhi,2025-11,Meropenem,27.17
Delhi,2025-12,Amoxicillin,27.91
Delhi,2025-12,Amoxicillin-Clavulanate,27.93
Delhi,2025-12,Azithromycin,26.35
Delhi,2025-12,Cefixime,29.68
Delhi,2025-12,Ceftriaxone,28.22
Delhi,2025-12,Ciprofloxacin,29.15
Delhi,2025-12,Doxycycline,29.21
Delhi,2025-12,Metronidazole,27.02
Delhi,2025-12,Cotrimoxazole,28.17
Delhi,2025-12,Meropenem,26.03
Mumbai,2024-01,Amoxicillin,24.0
Mumbai,2024-01,Amoxicillin-Clavulanate,26.67
Mumbai,2024-01,Azithromycin,24.19
Mumbai,2024-01,Cefixime,23.71
Mumbai,2024-01,Ceftriaxone,23.67
Mumbai,2024-01,Ciprofloxacin,23.96
Mumbai,2024-01,Doxycycline,23.31
Mumbai,2024-01,Metronidazole,22.53
Mumbai,2024-01,Cotrimoxazole,24.17
Mumbai,2024-01,Meropenem,21.69
Mumbai,2024-02,Amoxicillin,23.46
Mumbai,2024-02,Amoxicillin-Clavulanate,24.33
Mumbai,2024-02,Azithromycin,22.13
Mumbai,2024-02,Cefixime,24.89
Mumbai,2024-02,Ceftriaxone,24.41
Mumbai,2024-02,Ciprofloxacin,22.08
Mumbai,2024-02,Doxycycline,23.37
Mumbai,2024-02,Metronidazole,21.23
Mumbai,2024-02,Cotrimoxazole,24.43
Mumbai,2024-02,Meropenem,22.56
Mumbai,2024-03,Amoxicillin,26.79
Mumbai,2024-03,Amoxicillin-Clavulanate,25.33
Mumbai,2024-03,Azithromycin,22.48
Mumbai,2024-03,Cefixime,22.1
Mumbai,2024-03,Ceftriaxone,23.83
Mumbai,2024-03,Ciprofloxacin,22.98
Mumbai,2024-03,Doxycycline,25.48
Mumbai,2024-03,Metronidazole,23.29
Mumbai,2024-03,Cotrimoxazole,24.93
Mumbai,2024-03,Meropenem,22.74
Mumbai,2024-04,Amoxicillin,24.9
Mumbai,2024-04,Amoxicillin-Clavulanate,24.46
Mumbai,2024-04,Azithromycin,25.19
Mumbai,2024-04,Cefixime,25.01
Mumbai,2024-04,Ceftriaxone,23.85
Mumbai,2024-04,Ciprofloxacin,26.45
Mumbai,2024-04,Doxycycline,23.48
Mumbai,2024-04,Metronidazole,23.13
Mumbai,2024-04,Cotrimoxazole,21.12
Mumbai,2024-04,Meropenem,24.07
Mumbai,2024-05,Amoxicillin,25.65
Mumbai,2024-05,Amoxicillin-Clavulanate,25.03
Mumbai,2024-05,Azithromycin,23.95
Mumbai,2024-05,Cefixime,24.47
Mumbai,2024-05,Ceftriaxone,25.05
Mumbai,2024-05,Ciprofloxacin,25.61
Mumbai,2024-05,Doxycycline,24.92
Mumbai,2024-05,Metronidazole,23.79
Mumbai,2024-05,Cotrimoxazole,25.7
Mumbai,2024-05,Meropenem,23.69
Mumbai,2024-06,Amoxicillin,25.15
Mumbai,2024-06,Amoxicillin-Clavulanate,25.3
Mumbai,2024-06,Azithromycin,23.06
Mumbai,2024-06,Cefixime,25.52
Mumbai,2024-06,Ceftriaxone,23.92
Mumbai,2024-06,Ciprofloxacin,24.13
Mumbai,2024-06,Doxycycline,22.15
Mumbai,2024-06,Metronidazole,24.0
Mumbai,2024-06,Cotrimoxazole,26.59
Mumbai,2024-06,Meropenem,23.8
Mumbai,2024-07,Amoxicillin,26.84
Mumbai,2024-07,Amoxicillin-Clavulanate,28.09
Mumbai,2024-07,Azithromycin,25.41
Mumbai,2024-07,Cefixime,24.84
Mumbai,2024-07,Ceftriaxone,25.36
Mumbai,2024-07,Ciprofloxacin,25.69
Mumbai,2024-07,Doxycycline,24.09
Mumbai,2024-07,Metronidazole,23.99
Mumbai,2024-07,Cotrimoxazole,26.32
Mumbai,2024-07,Meropenem,25.46
Mumbai,2024-08,Amoxicillin,24.69
Mumbai,2024-08,Amoxicillin-Clavulanate,24.96
Mumbai,2024-08,Azithromycin,24.8
Mumbai,2024-08,Cefixime,26.7
Mumbai,2024-08,Ceftriaxone,27.67
Mumbai,2024-08,Ciprofloxacin,29.01
Mumbai,2024-08,Doxycycline,24.61
Mumbai,2024-08,Metronidazole,24.48
Mumbai,2024-08,Cotrimoxazole,26.23
Mumbai,2024-08,Meropenem,23.92
Mumbai,2024-09,Amoxicillin,26.26
Mumbai,2024-09,Amoxicillin-Clavulanate,25.32
Mumbai,2024-09,Azithromycin,22.35
Mumbai,2024-09,Cefixime,26.09
Mumbai,2024-09,Ceftriaxone,26.12
Mumbai,2024-09,Ciprofloxacin,27.36
Mumbai,2024-09,Doxycycline,25.06
Mumbai,2024-09,Metronidazole,23.49
Mumbai,2024-09,Cotrimoxazole,25.22
Mumbai,2024-09,Meropenem,22.3
Mumbai,2024-10,Amoxicillin,25.42
Mumbai,2024-10,Amoxicillin-Clavulanate,26.8
Mumbai,2024-10,Azithromycin,25.28
Mumbai,2024-10,Cefixime,27.3
Mumbai,2024-10,Ceftriaxone,24.49
Mumbai,2024-10,Ciprofloxacin,26.02
Mumbai,2024-10,Doxycycline,24.84
Mumbai,2024-10,Metronidazole,26.23
Mumbai,2024-10,Cotrimoxazole,26.57
Mumbai,2024-10,Meropenem,25.61
Mumbai,2024-11,Amoxicillin,28.38
Mumbai,2024-11,Amoxicillin-Clavulanate,25.64
Mumbai,2024-11,Azithromycin,26.96
Mumbai,2024-11,Cefixime,25.07
Mumbai,2024-11,Ceftriaxone,25.4
Mumbai,2024-11,Ciprofloxacin,27.05
Mumbai,2024-11,Doxycycline,23.65
Mumbai,2024-11,Metronidazole,25.76
Mumbai,2024-11,Cotrimoxazole,25.88
Mumbai,2024-11,Meropenem,26.03
Mumbai,2024-12,Amoxicillin,26.61
Mumbai,2024-12,Amoxicillin-Clavulanate,26.1
Mumbai,2024-12,Azithromycin,26.06
Mumbai,2024-12,Cefixime,25.5
Mumbai,2024-12,Ceftriaxone,25.81
Mumbai,2024-12,Ciprofloxacin,26.75
Mumbai,2024-12,Doxycycline,25.28
Mumbai,2024-12,Metronidazole,24.69
Mumbai,2024-12,Cotrimoxazole,25.68
Mumbai,2024-12,Meropenem,26.62
Mumbai,2025-01,Amoxicillin,26.28
Mumbai,2025-01,Amoxicillin-Clavulanate,25.61
Mumbai,2025-01,Azithromycin,23.71
Mumbai,2025-01,Cefixime,26.26
Mumbai,2025-01,Ceftriaxone,27.4
Mumbai,2025-01,Ciprofloxacin,27.23
Mumbai,2025-01,Doxycycline,25.52
Mumbai,2025-01,Metronidazole,26.27
Mumbai,2025-01,Cotrimoxazole,26.66
Mumbai,2025-01,Meropenem,26.17
Mumbai,2025-02,Amoxicillin,28.54
Mumbai,2025-02,Amoxicillin-Clavulanate,28.52
Mumbai,2025-02,Azithromycin,26.05
Mumbai,2025-02,Cefixime,25.53
Mumbai,2025-02,Ceftriaxone,28.09
Mumbai,2025-02,Ciprofloxacin,27.84
Mumbai,2025-02,Doxycycline,27.77
Mumbai,2025-02,Metronidazole,27.27
Mumbai,2025-02,Cotrimoxazole,28.66
Mumbai,2025-02,Meropenem,26.26
Mumbai,2025-03,Amoxicillin,27.73
Mumbai,2025-03,Amoxicillin-Clavulanate,25.3
Mumbai,2025-03,Azithromycin,26.6
Mumbai,2025-03,Cefixime,26.41
Mumbai,2025-03,Ceftriaxone,27.62
Mumbai,2025-03,Ciprofloxacin,27.07
Mumbai,2025-03,Doxycycline,26.6
Mumbai,2025-03,Metronidazole,25.78
Mumbai,2025-03,Cotrimoxazole,27.57
Mumbai,2025-03,Meropenem,22.61
Mumbai,2025-04,Amoxicillin,28.32
Mumbai,2025-04,Amoxicillin-Clavulanate,28.76
Mumbai,2025-04,Azithromycin,28.92
Mumbai,2025-04,Cefixime,28.44
Mumbai,2025-04,Ceftriaxone,29.87
Mumbai,2025-04,Ciprofloxacin,27.82
Mumbai,2025-04,Doxycycline,26.67
Mumbai,2025-04,Metronidazole,27.06
Mumbai,2025-04,Cotrimoxazole,27.14
Mumbai,2025-04,Meropenem,25.32
Mumbai,2025-05,Amoxicillin,27.99
Mumbai,2025-05,Amoxicillin-Clavulanate,26.64
Mumbai,2025-05,Azithromycin,27.86
Mumbai,2025-05,Cefixime,28.08
Mumbai,2025-05,Ceftriaxone,28.06
Mumbai,2025-05,Ciprofloxacin,27.44
Mumbai,2025-05,Doxycycline,27.64
Mumbai,2025-05,Metronidazole,27.74
Mumbai,2025-05,Cotrimoxazole,26.33
Mumbai,2025-05,Meropenem,25.17
Mumbai,2025-06,Amoxicillin,29.97
Mumbai,2025-06,Amoxicillin-Clavulanate,26.71
Mumbai,2025-06,Azithromycin,28.23
Mumbai,2025-06,Cefixime,30.2
Mumbai,2025-06,Ceftriaxone,30.6
Mumbai,2025-06,Ciprofloxacin,29.23
Mumbai,2025-06,Doxycycline,28.2
Mumbai,2025-06,Metronidazole,29.7
Mumbai,2025-06,Cotrimoxazole,25.35
Mumbai,2025-06,Meropenem,26.41
Mumbai,2025-07,Amoxicillin,29.94
Mumbai,2025-07,Amoxicillin-Clavulanate,27.94
Mumbai,2025-07,Azithromycin,29.07
Mumbai,2025-07,Cefixime,28.46
Mumbai,2025-07,Ceftriaxone,29.05
Mumbai,2025-07,Ciprofloxacin,28.21
Mumbai,2025-07,Doxycycline,26.94
Mumbai,2025-07,Metronidazole,26.71
Mumbai,2025-07,Cotrimoxazole,28.31
Mumbai,2025-07,Meropenem,26.16
Mumbai,2025-08,Amoxicillin,30.2
Mumbai,2025-08,Amoxicillin-Clavulanate,29.17
Mumbai,2025-08,Azithromycin,29.06
Mumbai,2025-08,Cefixime,27.41
Mumbai,2025-08,Ceftriaxone,27.18
Mumbai,2025-08,Ciprofloxacin,28.65
Mumbai,2025-08,Doxycycline,30.84
Mumbai,2025-08,Metronidazole,28.85
Mumbai,2025-08,Cotrimoxazole,27.54
Mumbai,2025-08,Meropenem,27.62
Mumbai,2025-09,Amoxicillin,30.04
Mumbai,2025-09,Amoxicillin-Clavulanate,27.03
Mumbai,2025-09,Azithromycin,29.45
Mumbai,2025-09,Cefixime,28.55
Mumbai,2025-09,Ceftriaxone,29.04
Mumbai,2025-09,Ciprofloxacin,28.77
Mumbai,2025-09,Doxycycline,29.0
Mumbai,2025-09,Metronidazole,26.71
Mumbai,2025-09,Cotrimoxazole,26.36
Mumbai,2025-09,Meropenem,27.59
Mumbai,2025-10,Amoxicillin,27.08
Mumbai,2025-10,Amoxicillin-Clavulanate,28.29
Mumbai,2025-10,Azithromycin,29.33
Mumbai,2025-10,Cefixime,29.46
Mumbai,2025-10,Ceftriaxone,30.37
Mumbai,2025-10,Ciprofloxacin,29.51
Mumbai,2025-10,Doxycycline,30.48
Mumbai,2025-10,Metronidazole,26.98
Mumbai,2025-10,Cotrimoxazole,28.76
Mumbai,2025-10,Meropenem,26.84
Mumbai,2025-11,Amoxicillin,30.47
Mumbai,2025-11,Amoxicillin-Clavulanate,28.65
Mumbai,2025-11,Azithromycin,30.0
Mumbai,2025-11,Cefixime,28.33
Mumbai,2025-11,Ceftriaxone,30.86
Mumbai,2025-11,Ciprofloxacin,29.57
Mumbai,2025-11,Doxycycline,27.88
Mumbai,2025-11,Metronidazole,28.31
Mumbai,2025-11,Cotrimoxazole,28.7
Mumbai,2025-11,Meropenem,27.8
Mumbai,2025-12,Amoxicillin,29.27
Mumbai,2025-12,Amoxicillin-Clavulanate,28.03
Mumbai,2025-12,Azithromycin,27.83
Mumbai,2025-12,Cefixime,27.15
Mumbai,2025-12,Ceftriaxone,30.33
Mumbai,2025-12,Ciprofloxacin,27.64
Mumbai,2025-12,Doxycycline,27.76
Mumbai,2025-12,Metronidazole,28.51
Mumbai,2025-12,Cotrimoxazole,29.42
Mumbai,2025-12,Meropenem,25.55
Bengaluru,2024-01,Amoxicillin,20.32
Bengaluru,2024-01,Amoxicillin-Clavulanate,20.48
Bengaluru,2024-01,Azithromycin,19.65
Bengaluru,2024-01,Cefixime,21.58
Bengaluru,2024-01,Ceftriaxone,19.45
Bengaluru,2024-01,Ciprofloxacin,17.84
Bengaluru,2024-01,Doxycycline,20.35
Bengaluru,2024-01,Metronidazole,18.74
Bengaluru,2024-01,Cotrimoxazole,17.85
Bengaluru,2024-01,Meropenem,18.97
Bengaluru,2024-02,Amoxicillin,21.86
Bengaluru,2024-02,Amoxicillin-Clavulanate,18.67
Bengaluru,2024-02,Azithromycin,22.25
Bengaluru,2024-02,Cefixime,19.26
Bengaluru,2024-02,Ceftriaxone,20.54
Bengaluru,2024-02,Ciprofloxacin,18.84
Bengaluru,2024-02,Doxycycline,19.59
Bengaluru,2024-02,Metronidazole,19.27
Bengaluru,2024-02,Cotrimoxazole,18.23
Bengaluru,2024-02,Meropenem,22.34
Bengaluru,2024-03,Amoxicillin,20.2
Bengaluru,2024-03,Amoxicillin-Clavulanate,19.75
Bengaluru,2024-03,Azithromycin,20.97
Bengaluru,2024-03,Cefixime,22.42
Bengaluru,2024-03,Ceftriaxone,21.92
Bengaluru,2024-03,Ciprofloxacin,19.1
Bengaluru,2024-03,Doxycycline,20.01
Bengaluru,2024-03,Metronidazole,17.58
Bengaluru,2024-03,Cotrimoxazole,21.09
Bengaluru,2024-03,Meropenem,17.66
Bengaluru,2024-04,Amoxicillin,20.25
Bengaluru,2024-04,Amoxicillin-Clavulanate,20.67
Bengaluru,2024-04,Azithromycin,20.76
Bengaluru,2024-04,Cefixime,20.51
Bengaluru,2024-04,Ceftriaxone,22.74
Bengaluru,2024-04,Ciprofloxacin,21.6
Bengaluru,2024-04,Doxycycline,20.85
Bengaluru,2024-04,Metronidazole,18.66
Bengaluru,2024-04,Cotrimoxazole,22.34
Bengaluru,2024-04,Meropenem,18.93
Bengaluru,2024-05,Amoxicillin,23.45
Bengaluru,2024-05,Amoxicillin-Clavulanate,23.29
Bengaluru,2024-05,Azithromycin,21.22
Bengaluru,2024-05,Cefixime,22.33
Bengaluru,2024-05,Ceftriaxone,18.08
Bengaluru,2024-05,Ciprofloxacin,20.98
Bengaluru,2024-05,Doxycycline,21.73
Bengaluru,2024-05,Metronidazole,21.4
Bengaluru,2024-05,Cotrimoxazole,19.52
Bengaluru,2024-05,Meropenem,19.86
Bengaluru,2024-06,Amoxicillin,18.95
Bengaluru,2024-06,Amoxicillin-Clavulanate,21.72
Bengaluru,2024-06,Azithromycin,18.78
Bengaluru,2024-06,Cefixime,22.64
Bengaluru,2024-06,Ceftriaxone,22.97
Bengaluru,2024-06,Ciprofloxacin,20.88
Bengaluru,2024-06,Doxycycline,21.29
Bengaluru,2024-06,Metronidazole,20.34
Bengaluru,2024-06,Cotrimoxazole,21.32
Bengaluru,2024-06,Meropenem,19.11
Bengaluru,2024-07,Amoxicillin,22.64
Bengaluru,2024-07,Amoxicillin-Clavulanate,19.66
Bengaluru,2024-07,Azithromycin,19.04
Bengaluru,2024-07,Cefixime,21.47
Bengaluru,2024-07,Ceftriaxone,21.65
Bengaluru,2024-07,Ciprofloxacin,21.91
Bengaluru,2024-07,Doxycycline,20.2
Bengaluru,2024-07,Metronidazole,22.86
Bengaluru,2024-07,Cotrimoxazole,21.44
Bengaluru,2024-07,Meropenem,20.83
Bengaluru,2024-08,Amoxicillin,22.39
Bengaluru,2024-08,Amoxicillin-Clavulanate,22.79
Bengaluru,2024-08,Azithromycin,21.9
Bengaluru,2024-08,Cefixime,22.31
Bengaluru,2024-08,Ceftriaxone,22.92
Bengaluru,2024-08,Ciprofloxacin,19.82
Bengaluru,2024-08,Doxycycline,19.17
Bengaluru,2024-08,Metronidazole,20.91
Bengaluru,2024-08,Cotrimoxazole,21.26
Bengaluru,2024-08,Meropenem,21.42
Bengaluru,2024-09,Amoxicillin,22.17
Bengaluru,2024-09,Amoxicillin-Clavulanate,22.3
Bengaluru,2024-09,Azithromycin,19.88
Bengaluru,2024-09,Cefixime,21.79
Bengaluru,2024-09,Ceftriaxone,20.6
Bengaluru,2024-09,Ciprofloxacin,22.23
Bengaluru,2024-09,Doxycycline,19.04
Bengaluru,2024-09,Metronidazole,21.36
Bengaluru,2024-09,Cotrimoxazole,19.84
Bengaluru,2024-09,Meropenem,20.34
Bengaluru,2024-10,Amoxicillin,22.79
Bengaluru,2024-10,Amoxicillin-Clavulanate,21.59
Bengaluru,2024-10,Azithromycin,19.13
Bengaluru,2024-10,Cefixime,20.73
Bengaluru,2024-10,Ceftriaxone,20.09
Bengaluru,2024-10,Ciprofloxacin,19.61
Bengaluru,2024-10,Doxycycline,20.93
Bengaluru,2024-10,Metronidazole,21.29
Bengaluru,2024-10,Cotrimoxazole,21.62
Bengaluru,2024-10,Meropenem,21.13
Bengaluru,2024-11,Amoxicillin,21.65
Bengaluru,2024-11,Amoxicillin-Clavulanate,20.9
Bengaluru,2024-11,Azithromycin,19.63
Bengaluru,2024-11,Cefixime,20.85
Bengaluru,2024-11,Ceftriaxone,20.14
Bengaluru,2024-11,Ciprofloxacin,20.4
Bengaluru,2024-11,Doxycycline,20.78
Bengaluru,2024-11,Metronidazole,20.42
Bengaluru,2024-11,Cotrimoxazole,24.38
Bengaluru,2024-11,Meropenem,18.87
Bengaluru,2024-12,Amoxicillin,21.76
Bengaluru,2024-12,Amoxicillin-Clavulanate,19.86
Bengaluru,2024-12,Azithromycin,20.61
Bengaluru,2024-12,Cefixime,21.18
Bengaluru,2024-12,Ceftriaxone,22.76
Bengaluru,2024-12,Ciprofloxacin,21.07
Bengaluru,2024-12,Doxycycline,20.69
Bengaluru,2024-12,Metronidazole,20.29
Bengaluru,2024-12,Cotrimoxazole,19.69
Bengaluru,2024-12,Meropenem,19.85
Bengaluru,2025-01,Amoxicillin,21.59
Bengaluru,2025-01,Amoxicillin-Clavulanate,21.63
Bengaluru,2025-01,Azithromycin,21.76
Bengaluru,2025-01,Cefixime,21.42
Bengaluru,2025-01,Ceftriaxone,21.67
Bengaluru,2025-01,Ciprofloxacin,19.79
Bengaluru,2025-01,Doxycycline,21.61
Bengaluru,2025-01,Metronidazole,20.11
Bengaluru,2025-01,Cotrimoxazole,22.17
Bengaluru,2025-01,Meropenem,22.13
Bengaluru,2025-02,Amoxicillin,22.27
Bengaluru,2025-02,Amoxicillin-Clavulanate,20.88
Bengaluru,2025-02,Azithromycin,21.57
Bengaluru,2025-02,Cefixime,22.52
Bengaluru,2025-02,Ceftriaxone,22.06
Bengaluru,2025-02,Ciprofloxacin,21.52
Bengaluru,2025-02,Doxycycline,22.07
Bengaluru,2025-02,Metronidazole,21.86
Bengaluru,2025-02,Cotrimoxazole,21.41
Bengaluru,2025-02,Meropenem,19.29
Bengaluru,2025-03,Amoxicillin,23.64
Bengaluru,2025-03,Amoxicillin-Clavulanate,21.8
Bengaluru,2025-03,Azithromycin,22.45
Bengaluru,2025-03,Cefixime,22.95
Bengaluru,2025-03,Ceftriaxone,20.99
Bengaluru,2025-03,Ciprofloxacin,22.87
Bengaluru,2025-03,Doxycycline,22.64
Bengaluru,2025-03,Metronidazole,22.63
Bengaluru,2025-03,Cotrimoxazole,22.56
Bengaluru,2025-03,Meropenem,19.54
Bengaluru,2025-04,Amoxicillin,25.4
Bengaluru,2025-04,Amoxicillin-Clavulanate,23.92
Bengaluru,2025-04,Azithromycin,21.69
Bengaluru,2025-04,Cefixime,22.75
Bengaluru,2025-04,Ceftriaxone,24.17
Bengaluru,2025-04,Ciprofloxacin,24.36
Bengaluru,2025-04,Doxycycline,22.33
Bengaluru,2025-04,Metronidazole,23.62
Bengaluru,2025-04,Cotrimoxazole,21.27
Bengaluru,2025-04,Meropenem,21.34
Bengaluru,2025-05,Amoxicillin,22.21
Bengaluru,2025-05,Amoxicillin-Clavulanate,22.95
Bengaluru,2025-05,Azithromycin,25.13
Bengaluru,2025-05,Cefixime,26.36
Bengaluru,2025-05,Ceftriaxone,24.66
Bengaluru,2025-05,Ciprofloxacin,23.39
Bengaluru,2025-05,Doxycycline,23.07
Bengaluru,2025-05,Metronidazole,23.68
Bengaluru,2025-05,Cotrimoxazole,21.99
Bengaluru,2025-05,Meropenem,22.3
Bengaluru,2025-06,Amoxicillin,26.53
Bengaluru,2025-06,Amoxicillin-Clavulanate,23.24
Bengaluru,2025-06,Azithromycin,23.09
Bengaluru,2025-06,Cefixime,24.57
Bengaluru,2025-06,Ceftriaxone,25.18
Bengaluru,2025-06,Ciprofloxacin,23.87
Bengaluru,2025-06,Doxycycline,23.84
Bengaluru,2025-06,Metronidazole,24.27
Bengaluru,2025-06,Cotrimoxazole,26.31
Bengaluru,2025-06,Meropenem,23.22
Bengaluru,2025-07,Amoxicillin,25.22
Bengaluru,2025-07,Amoxicillin-Clavulanate,26.38
Bengaluru,2025-07,Azithromycin,23.62
Bengaluru,2025-07,Cefixime,23.41
Bengaluru,2025-07,Ceftriaxone,25.46
Bengaluru,2025-07,Ciprofloxacin,26.05
Bengaluru,2025-07,Doxycycline,24.46
Bengaluru,2025-07,Metronidazole,23.79
Bengaluru,2025-07,Cotrimoxazole,22.87
Bengaluru,2025-07,Meropenem,23.59
Bengaluru,2025-08,Amoxicillin,26.75
Bengaluru,2025-08,Amoxicillin-Clavulanate,23.47
Bengaluru,2025-08,Azithromycin,24.08
Bengaluru,2025-08,Cefixime,24.57
Bengaluru,2025-08,Ceftriaxone,24.55
Bengaluru,2025-08,Ciprofloxacin,25.27
Bengaluru,2025-08,Doxycycline,24.67
Bengaluru,2025-08,Metronidazole,24.5
Bengaluru,2025-08,Cotrimoxazole,23.52
Bengaluru,2025-08,Meropenem,21.97
Bengaluru,2025-09,Amoxicillin,25.33
Bengaluru,2025-09,Amoxicillin-Clavulanate,23.94
Bengaluru,2025-09,Azithromycin,26.05
Bengaluru,2025-09,Cefixime,26.73
Bengaluru,2025-09,Ceftriaxone,27.16
Bengaluru,2025-09,Ciprofloxacin,23.62
Bengaluru,2025-09,Doxycycline,24.49
Bengaluru,2025-09,Metronidazole,24.67
Bengaluru,2025-09,Cotrimoxazole,25.09
Bengaluru,2025-09,Meropenem,23.09
Bengaluru,2025-10,Amoxicillin,26.19
Bengaluru,2025-10,Amoxicillin-Clavulanate,24.25
Bengaluru,2025-10,Azithromycin,23.93
Bengaluru,2025-10,Cefixime,22.71
Bengaluru,2025-10,Ceftriaxone,25.42
Bengaluru,2025-10,Ciprofloxacin,24.11
Bengaluru,2025-10,Doxycycline,24.14
Bengaluru,2025-10,Metronidazole,23.74
Bengaluru,2025-10,Cotrimoxazole,24.21
Bengaluru,2025-10,Meropenem,23.2
Bengaluru,2025-11,Amoxicillin,25.67
Bengaluru,2025-11,Amoxicillin-Clavulanate,24.05
Bengaluru,2025-11,Azithromycin,22.21
Bengaluru,2025-11,Cefixime,25.05
Bengaluru,2025-11,Ceftriaxone,23.84
Bengaluru,2025-11,Ciprofloxacin,22.97
Bengaluru,2025-11,Doxycycline,22.53
Bengaluru,2025-11,Metronidazole,23.82
Bengaluru,2025-11,Cotrimoxazole,23.93
Bengaluru,2025-11,Meropenem,20.93
Bengaluru,2025-12,Amoxicillin,24.28
Bengaluru,2025-12,Amoxicillin-Clavulanate,25.46
Bengaluru,2025-12,Azithromycin,23.23
Bengaluru,2025-12,Cefixime,24.14
Bengaluru,2025-12,Ceftriaxone,25.77
Bengaluru,2025-12,Ciprofloxacin,25.2
Bengaluru,2025-12,Doxycycline,24.69
Bengaluru,2025-12,Metronidazole,20.37
Bengaluru,2025-12,Cotrimoxazole,25.85
Bengaluru,2025-12,Meropenem,23.89
Hyderabad,2024-01,Amoxicillin,22.14
Hyderabad,2024-01,Amoxicillin-Clavulanate,18.16
Hyderabad,2024-01,Azithromycin,16.73
Hyderabad,2024-01,Cefixime,19.15
Hyderabad,2024-01,Ceftriaxone,19.07
Hyderabad,2024-01,Ciprofloxacin,19.86
Hyderabad,2024-01,Doxycycline,19.74
Hyderabad,2024-01,Metronidazole,18.34
Hyderabad,2024-01,Cotrimoxazole,18.58
Hyderabad,2024-01,Meropenem,18.84
Hyderabad,2024-02,Amoxicillin,19.24
Hyderabad,2024-02,Amoxicillin-Clavulanate,18.74
Hyderabad,2024-02,Azithromycin,19.9
Hyderabad,2024-02,Cefixime,20.61
Hyderabad,2024-02,Ceftriaxone,20.66
Hyderabad,2024-02,Ciprofloxacin,19.04
Hyderabad,2024-02,Doxycycline,16.29
Hyderabad,2024-02,Metronidazole,18.36
Hyderabad,2024-02,Cotrimoxazole,18.1
Hyderabad,2024-02,Meropenem,18.21
Hyderabad,2024-03,Amoxicillin,19.27
Hyderabad,2024-03,Amoxicillin-Clavulanate,19.56
Hyderabad,2024-03,Azithromycin,18.07
Hyderabad,2024-03,Cefixime,18.29
Hyderabad,2024-03,Ceftriaxone,21.29
Hyderabad,2024-03,Ciprofloxacin,18.63
Hyderabad,2024-03,Doxycycline,19.09
Hyderabad,2024-03,Metronidazole,20.02
Hyderabad,2024-03,Cotrimoxazole,20.4
Hyderabad,2024-03,Meropenem,19.66
Hyderabad,2024-04,Amoxicillin,21.06
Hyderabad,2024-04,Amoxicillin-Clavulanate,21.07
Hyderabad,2024-04,Azithromycin,21.41
Hyderabad,2024-04,Cefixime,20.87
Hyderabad,2024-04,Ceftriaxone,18.64
Hyderabad,2024-04,Ciprofloxacin,19.82
Hyderabad,2024-04,Doxycycline,20.53
Hyderabad,2024-04,Metronidazole,18.95
Hyderabad,2024-04,Cotrimoxazole,21.87
Hyderabad,2024-04,Meropenem,19.38
Hyderabad,2024-05,Amoxicillin,21.03
Hyderabad,2024-05,Amoxicillin-Clavulanate,21.72
Hyderabad,2024-05,Azithromycin,19.9
Hyderabad,2024-05,Cefixime,20.81
Hyderabad,2024-05,Ceftriaxone,21.86
Hyderabad,2024-05,Ciprofloxacin,18.99
Hyderabad,2024-05,Doxycycline,19.65
Hyderabad,2024-05,Metronidazole,20.75
Hyderabad,2024-05,Cotrimoxazole,20.36
Hyderabad,2024-05,Meropenem,21.26
Hyderabad,2024-06,Amoxicillin,19.41
Hyderabad,2024-06,Amoxicillin-Clavulanate,18.83
Hyderabad,2024-06,Azithromycin,21.15
Hyderabad,2024-06,Cefixime,21.77
Hyderabad,2024-06,Ceftriaxone,20.87
Hyderabad,2024-06,Ciprofloxacin,21.26
Hyderabad,2024-06,Doxycycline,20.99
Hyderabad,2024-06,Metronidazole,19.14
Hyderabad,2024-06,Cotrimoxazole,19.72
Hyderabad,2024-06,Meropenem,20.05
Hyderabad,2024-07,Amoxicillin,22.73
Hyderabad,2024-07,Amoxicillin-Clavulanate,19.97
Hyderabad,2024-07,Azithromycin,20.63
Hyderabad,2024-07,Cefixime,21.12
Hyderabad,2024-07,Ceftriaxone,22.12
Hyderabad,2024-07,Ciprofloxacin,21.38
Hyderabad,2024-07,Doxycycline,20.11
Hyderabad,2024-07,Metronidazole,21.95
Hyderabad,2024-07,Cotrimoxazole,20.46
Hyderabad,2024-07,Meropenem,20.05
Hyderabad,2024-08,Amoxicillin,20.35
Hyderabad,2024-08,Amoxicillin-Clavulanate,20.83
Hyderabad,2024-08,Azithromycin,21.77
Hyderabad,2024-08,Cefixime,22.11
Hyderabad,2024-08,Ceftriaxone,22.69
Hyderabad,2024-08,Ciprofloxacin,22.36
Hyderabad,2024-08,Doxycycline,23.36
Hyderabad,2024-08,Metronidazole,20.1
Hyderabad,2024-08,Cotrimoxazole,19.63
Hyderabad,2024-08,Meropenem,19.56
Hyderabad,2024-09,Amoxicillin,20.97
Hyderabad,2024-09,Amoxicillin-Clavulanate,20.2
Hyderabad,2024-09,Azithromycin,20.97
Hyderabad,2024-09,Cefixime,22.78
Hyderabad,2024-09,Ceftriaxone,23.37
Hyderabad,2024-09,Ciprofloxacin,21.96
Hyderabad,2024-09,Doxycycline,23.09
Hyderabad,2024-09,Metronidazole,20.21
Hyderabad,2024-09,Cotrimoxazole,19.28
Hyderabad,2024-09,Meropenem,21.56
Hyderabad,2024-10,Amoxicillin,19.68
Hyderabad,2024-10,Amoxicillin-Clavulanate,20.41
Hyderabad,2024-10,Azithromycin,21.41
Hyderabad,2024-10,Cefixime,21.26
Hyderabad,2024-10,Ceftriaxone,21.43
Hyderabad,2024-10,Ciprofloxacin,20.07
Hyderabad,2024-10,Doxycycline,20.7
Hyderabad,2024-10,Metronidazole,21.68
Hyderabad,2024-10,Cotrimoxazole,21.06
Hyderabad,2024-10,Meropenem,19.46
Hyderabad,2024-11,Amoxicillin,20.2
Hyderabad,2024-11,Amoxicillin-Clavulanate,20.22
Hyderabad,2024-11,Azithromycin,21.16
Hyderabad,2024-11,Cefixime,21.62
Hyderabad,2024-11,Ceftriaxone,20.62
Hyderabad,2024-11,Ciprofloxacin,18.81
Hyderabad,2024-11,Doxycycline,21.06
Hyderabad,2024-11,Metronidazole,19.48
Hyderabad,2024-11,Cotrimoxazole,21.68
Hyderabad,2024-11,Meropenem,19.44
Hyderabad,2024-12,Amoxicillin,20.41
Hyderabad,2024-12,Amoxicillin-Clavulanate,21.22
Hyderabad,2024-12,Azithromycin,23.25
Hyderabad,2024-12,Cefixime,22.0
Hyderabad,2024-12,Ceftriaxone,21.58
Hyderabad,2024-12,Ciprofloxacin,21.57
Hyderabad,2024-12,Doxycycline,18.61
Hyderabad,2024-12,Metronidazole,19.17
Hyderabad,2024-12,Cotrimoxazole,18.09
Hyderabad,2024-12,Meropenem,22.11
Hyderabad,2025-01,Amoxicillin,22.96
Hyderabad,2025-01,Amoxicillin-Clavulanate,21.27
Hyderabad,2025-01,Azithromycin,20.61
Hyderabad,2025-01,Cefixime,19.26
Hyderabad,2025-01,Ceftriaxone,20.97
Hyderabad,2025-01,Ciprofloxacin,22.93
Hyderabad,2025-01,Doxycycline,20.48
Hyderabad,2025-01,Metronidazole,19.59
Hyderabad,2025-01,Cotrimoxazole,18.72
Hyderabad,2025-01,Meropenem,21.54
Hyderabad,2025-02,Amoxicillin,21.71
Hyderabad,2025-02,Amoxicillin-Clavulanate,19.4
Hyderabad,2025-02,Azithromycin,19.93
Hyderabad,2025-02,Cefixime,20.06
Hyderabad,2025-02,Ceftriaxone,21.58
Hyderabad,2025-02,Ciprofloxacin,21.69
Hyderabad,2025-02,Doxycycline,20.26
Hyderabad,2025-02,Metronidazole,21.54
Hyderabad,2025-02,Cotrimoxazole,21.23
Hyderabad,2025-02,Meropenem,21.66
Hyderabad,2025-03,Amoxicillin,21.84
Hyderabad,2025-03,Amoxicillin-Clavulanate,25.12
Hyderabad,2025-03,Azithromycin,20.75
Hyderabad,2025-03,Cefixime,20.91
Hyderabad,2025-03,Ceftriaxone,21.04
Hyderabad,2025-03,Ciprofloxacin,21.67
Hyderabad,2025-03,Doxycycline,19.34
Hyderabad,2025-03,Metronidazole,21.43
Hyderabad,2025-03,Cotrimoxazole,19.47
Hyderabad,2025-03,Meropenem,21.08
Hyderabad,2025-04,Amoxicillin,21.38
Hyderabad,2025-04,Amoxicillin-Clavulanate,21.96
Hyderabad,2025-04,Azithromycin,22.63
Hyderabad,2025-04,Cefixime,25.06
Hyderabad,2025-04,Ceftriaxone,21.61
Hyderabad,2025-04,Ciprofloxacin,22.36
Hyderabad,2025-04,Doxycycline,21.03
Hyderabad,2025-04,Metronidazole,20.73
Hyderabad,2025-04,Cotrimoxazole,21.39
Hyderabad,2025-04,Meropenem,22.38
Hyderabad,2025-05,Amoxicillin,22.69
Hyderabad,2025-05,Amoxicillin-Clavulanate,25.2
Hyderabad,2025-05,Azithromycin,22.76
Hyderabad,2025-05,Cefixime,21.76
Hyderabad,2025-05,Ceftriaxone,22.75
Hyderabad,2025-05,Ciprofloxacin,21.99
Hyderabad,2025-05,Doxycycline,23.04
Hyderabad,2025-05,Metronidazole,20.22
Hyderabad,2025-05,Cotrimoxazole,21.04
Hyderabad,2025-05,Meropenem,21.16
Hyderabad,2025-06,Amoxicillin,24.65
Hyderabad,2025-06,Amoxicillin-Clavulanate,24.74
Hyderabad,2025-06,Azithromycin,24.46
Hyderabad,2025-06,Cefixime,24.11
Hyderabad,2025-06,Ceftriaxone,23.74
Hyderabad,2025-06,Ciprofloxacin,24.41
Hyderabad,2025-06,Doxycycline,21.53
Hyderabad,2025-06,Metronidazole,20.61
Hyderabad,2025-06,Cotrimoxazole,23.64
Hyderabad,2025-06,Meropenem,21.32
Hyderabad,2025-07,Amoxicillin,24.31
Hyderabad,2025-07,Amoxicillin-Clavulanate,23.98
Hyderabad,2025-07,Azithromycin,23.67
Hyderabad,2025-07,Cefixime,25.03
Hyderabad,2025-07,Ceftriaxone,25.22
Hyderabad,2025-07,Ciprofloxacin,24.22
Hyderabad,2025-07,Doxycycline,22.76
Hyderabad,2025-07,Metronidazole,23.21
Hyderabad,2025-07,Cotrimoxazole,22.97
Hyderabad,2025-07,Meropenem,22.65
Hyderabad,2025-08,Amoxicillin,27.55
Hyderabad,2025-08,Amoxicillin-Clavulanate,24.33
Hyderabad,2025-08,Azithromycin,24.17
Hyderabad,2025-08,Cefixime,23.51
Hyderabad,2025-08,Ceftriaxone,25.72
Hyderabad,2025-08,Ciprofloxacin,25.12
Hyderabad,2025-08,Doxycycline,24.36
Hyderabad,2025-08,Metronidazole,23.6
Hyderabad,2025-08,Cotrimoxazole,25.04
Hyderabad,2025-08,Meropenem,24.53
Hyderabad,2025-09,Amoxicillin,24.99
Hyderabad,2025-09,Amoxicillin-Clavulanate,24.02
Hyderabad,2025-09,Azithromycin,24.67
Hyderabad,2025-09,Cefixime,23.3
Hyderabad,2025-09,Ceftriaxone,23.81
Hyderabad,2025-09,Ciprofloxacin,24.24
Hyderabad,2025-09,Doxycycline,21.61
Hyderabad,2025-09,Metronidazole,24.29
Hyderabad,2025-09,Cotrimoxazole,22.85
Hyderabad,2025-09,Meropenem,22.63
Hyderabad,2025-10,Amoxicillin,24.61
Hyderabad,2025-10,Amoxicillin-Clavulanate,24.35
Hyderabad,2025-10,Azithromycin,23.46
Hyderabad,2025-10,Cefixime,24.38
Hyderabad,2025-10,Ceftriaxone,24.7
Hyderabad,2025-10,Ciprofloxacin,23.97
Hyderabad,2025-10,Doxycycline,22.84
Hyderabad,2025-10,Metronidazole,24.72
Hyderabad,2025-10,Cotrimoxazole,21.76
Hyderabad,2025-10,Meropenem,23.08
Hyderabad,2025-11,Amoxicillin,24.03
Hyderabad,2025-11,Amoxicillin-Clavulanate,24.48
Hyderabad,2025-11,Azithromycin,21.97
Hyderabad,2025-11,Cefixime,23.62
Hyderabad,2025-11,Ceftriaxone,24.36
Hyderabad,2025-11,Ciprofloxacin,25.35
Hyderabad,2025-11,Doxycycline,23.79
Hyderabad,2025-11,Metronidazole,21.97
Hyderabad,2025-11,Cotrimoxazole,23.26
Hyderabad,2025-11,Meropenem,24.02
Hyderabad,2025-12,Amoxicillin,23.02
Hyderabad,2025-12,Amoxicillin-Clavulanate,23.74
Hyderabad,2025-12,Azithromycin,23.37
Hyderabad,2025-12,Cefixime,23.55
Hyderabad,2025-12,Ceftriaxone,27.23
Hyderabad,2025-12,Ciprofloxacin,23.52
Hyderabad,2025-12,Doxycycline,23.73
Hyderabad,2025-12,Metronidazole,22.25
Hyderabad,2025-12,Cotrimoxazole,24.18
Hyderabad,2025-12,Meropenem,23.83
Chennai,2024-01,Amoxicillin,19.5
Chennai,2024-01,Amoxicillin-Clavulanate,19.65
Chennai,2024-01,Azithromycin,18.35
Chennai,2024-01,Cefixime,18.57
Chennai,2024-01,Ceftriaxone,21.22
Chennai,2024-01,Ciprofloxacin,19.22
Chennai,2024-01,Doxycycline,16.55
Chennai,2024-01,Metronidazole,21.03
Chennai,2024-01,Cotrimoxazole,18.64
Chennai,2024-01,Meropenem,18.63
Chennai,2024-02,Amoxicillin,22.04
Chennai,2024-02,Amoxicillin-Clavulanate,19.64
Chennai,2024-02,Azithromycin,19.24
Chennai,2024-02,Cefixime,18.57
Chennai,2024-02,Ceftriaxone,18.37
Chennai,2024-02,Ciprofloxacin,19.74
Chennai,2024-02,Doxycycline,19.7
Chennai,2024-02,Metronidazole,19.51
Chennai,2024-02,Cotrimoxazole,19.08
Chennai,2024-02,Meropenem,19.01
Chennai,2024-03,Amoxicillin,18.46
Chennai,2024-03,Amoxicillin-Clavulanate,20.55
Chennai,2024-03,Azithromycin,19.84
Chennai,2024-03,Cefixime,22.34
Chennai,2024-03,Ceftriaxone,20.43
Chennai,2024-03,Ciprofloxacin,19.13
Chennai,2024-03,Doxycycline,19.48
Chennai,2024-03,Metronidazole,19.05
Chennai,2024-03,Cotrimoxazole,20.33
Chennai,2024-03,Meropenem,19.25
Chennai,2024-04,Amoxicillin,19.12
Chennai,2024-04,Amoxicillin-Clavulanate,18.27
Chennai,2024-04,Azithromycin,19.98
Chennai,2024-04,Cefixime,21.72
Chennai,2024-04,Ceftriaxone,20.53
Chennai,2024-04,Ciprofloxacin,21.09
Chennai,2024-04,Doxycycline,20.68
Chennai,2024-04,Metronidazole,19.73
Chennai,2024-04,Cotrimoxazole,18.98
Chennai,2024-04,Meropenem,19.47
Chennai,2024-05,Amoxicillin,22.23
Chennai,2024-05,Amoxicillin-Clavulanate,21.04
Chennai,2024-05,Azithromycin,20.89
Chennai,2024-05,Cefixime,20.08
Chennai,2024-05,Ceftriaxone,20.62
Chennai,2024-05,Ciprofloxacin,20.45
Chennai,2024-05,Doxycycline,19.88
Chennai,2024-05,Metronidazole,21.1
Chennai,2024-05,Cotrimoxazole,17.68
Chennai,2024-05,Meropenem,19.65
Chennai,2024-06,Amoxicillin,20.99
Chennai,2024-06,Amoxicillin-Clavulanate,19.12
Chennai,2024-06,Azithromycin,20.98
Chennai,2024-06,Cefixime,19.96
Chennai,2024-06,Ceftriaxone,20.62
Chennai,2024-06,Ciprofloxacin,22.79
Chennai,2024-06,Doxycycline,21.22
Chennai,2024-06,Metronidazole,20.61
Chennai,2024-06,Cotrimoxazole,20.85
Chennai,2024-06,Meropenem,19.6
Chennai,2024-07,Amoxicillin,23.3
Chennai,2024-07,Amoxicillin-Clavulanate,21.53
Chennai,2024-07,Azithromycin,19.43
Chennai,2024-07,Cefixime,19.23
Chennai,2024-07,Ceftriaxone,21.66
Chennai,2024-07,Ciprofloxacin,20.71
Chennai,2024-07,Doxycycline,18.56
Chennai,2024-07,Metronidazole,20.47
Chennai,2024-07,Cotrimoxazole,20.16
Chennai,2024-07,Meropenem,20.39
Chennai,2024-08,Amoxicillin,21.76
Chennai,2024-08,Amoxicillin-Clavulanate,20.15
Chennai,2024-08,Azithromycin,21.13
Chennai,2024-08,Cefixime,20.4
Chennai,2024-08,Ceftriaxone,20.73
Chennai,2024-08,Ciprofloxacin,20.37
Chennai,2024-08,Doxycycline,21.55
Chennai,2024-08,Metronidazole,19.86
Chennai,2024-08,Cotrimoxazole,22.14
Chennai,2024-08,Meropenem,21.94
Chennai,2024-09,Amoxicillin,20.55
Chennai,2024-09,Amoxicillin-Clavulanate,17.7
Chennai,2024-09,Azithromycin,21.67
Chennai,2024-09,Cefixime,20.66
Chennai,2024-09,Ceftriaxone,20.35
Chennai,2024-09,Ciprofloxacin,20.39
Chennai,2024-09,Doxycycline,19.93
Chennai,2024-09,Metronidazole,21.69
Chennai,2024-09,Cotrimoxazole,20.89
Chennai,2024-09,Meropenem,21.48
Chennai,2024-10,Amoxicillin,21.5
Chennai,2024-10,Amoxicillin-Clavulanate,20.18
Chennai,2024-10,Azithromycin,19.72
Chennai,2024-10,Cefixime,21.27
Chennai,2024-10,Ceftriaxone,21.8
Chennai,2024-10,Ciprofloxacin,21.74
Chennai,2024-10,Doxycycline,19.74
Chennai,2024-10,Metronidazole,20.09
Chennai,2024-10,Cotrimoxazole,20.98
Chennai,2024-10,Meropenem,19.29
Chennai,2024-11,Amoxicillin,19.47
Chennai,2024-11,Amoxicillin-Clavulanate,19.41
Chennai,2024-11,Azithromycin,19.66
Chennai,2024-11,Cefixime,21.14
Chennai,2024-11,Ceftriaxone,22.04
Chennai,2024-11,Ciprofloxacin,18.92
Chennai,2024-11,Doxycycline,19.15
Chennai,2024-11,Metronidazole,19.29
Chennai,2024-11,Cotrimoxazole,20.99
Chennai,2024-11,Meropenem,18.92
Chennai,2024-12,Amoxicillin,20.36
Chennai,2024-12,Amoxicillin-Clavulanate,18.85
Chennai,2024-12,Azithromycin,20.57
Chennai,2024-12,Cefixime,20.35
Chennai,2024-12,Ceftriaxone,20.05
Chennai,2024-12,Ciprofloxacin,20.24
Chennai,2024-12,Doxycycline,21.16
Chennai,2024-12,Metronidazole,18.69
Chennai,2024-12,Cotrimoxazole,19.3
Chennai,2024-12,Meropenem,20.99
Chennai,2025-01,Amoxicillin,21.11
Chennai,2025-01,Amoxicillin-Clavulanate,21.34
Chennai,2025-01,Azithromycin,20.67
Chennai,2025-01,Cefixime,20.68
Chennai,2025-01,Ceftriaxone,20.59
Chennai,2025-01,Ciprofloxacin,21.64
Chennai,2025-01,Doxycycline,21.39
Chennai,2025-01,Metronidazole,21.18
Chennai,2025-01,Cotrimoxazole,19.11
Chennai,2025-01,Meropenem,21.24
Chennai,2025-02,Amoxicillin,20.82
Chennai,2025-02,Amoxicillin-Clavulanate,19.95
Chennai,2025-02,Azithromycin,20.22
Chennai,2025-02,Cefixime,21.82
Chennai,2025-02,Ceftriaxone,21.75
Chennai,2025-02,Ciprofloxacin,20.62
Chennai,2025-02,Doxycycline,21.21
Chennai,2025-02,Metronidazole,20.31
Chennai,2025-02,Cotrimoxazole,19.96
Chennai,2025-02,Meropenem,19.2
Chennai,2025-03,Amoxicillin,22.27
Chennai,2025-03,Amoxicillin-Clavulanate,21.27
Chennai,2025-03,Azithromycin,19.46
Chennai,2025-03,Cefixime,22.42
Chennai,2025-03,Ceftriaxone,21.22
Chennai,2025-03,Ciprofloxacin,23.24
Chennai,2025-03,Doxycycline,19.3
Chennai,2025-03,Metronidazole,20.52
Chennai,2025-03,Cotrimoxazole,20.4
Chennai,2025-03,Meropenem,19.45
Chennai,2025-04,Amoxicillin,21.97
Chennai,2025-04,Amoxicillin-Clavulanate,23.98
Chennai,2025-04,Azithromycin,21.78
Chennai,2025-04,Cefixime,21.29
Chennai,2025-04,Ceftriaxone,20.42
Chennai,2025-04,Ciprofloxacin,20.27
Chennai,2025-04,Doxycycline,20.9
Chennai,2025-04,Metronidazole,20.65
Chennai,2025-04,Cotrimoxazole,21.58
Chennai,2025-04,Meropenem,18.65
Chennai,2025-05,Amoxicillin,23.08
Chennai,2025-05,Amoxicillin-Clavulanate,23.81
Chennai,2025-05,Azithromycin,24.05
Chennai,2025-05,Cefixime,20.74
Chennai,2025-05,Ceftriaxone,22.23
Chennai,2025-05,Ciprofloxacin,21.89
Chennai,2025-05,Doxycycline,22.28
Chennai,2025-05,Metronidazole,20.64
Chennai,2025-05,Cotrimoxazole,24.32
Chennai,2025-05,Meropenem,21.81
Chennai,2025-06,Amoxicillin,23.27
Chennai,2025-06,Amoxicillin-Clavulanate,24.66
Chennai,2025-06,Azithromycin,22.46
Chennai,2025-06,Cefixime,23.49
Chennai,2025-06,Ceftriaxone,22.51
Chennai,2025-06,Ciprofloxacin,21.54
Chennai,2025-06,Doxycycline,21.67
Chennai,2025-06,Metronidazole,24.6
Chennai,2025-06,Cotrimoxazole,23.39
Chennai,2025-06,Meropenem,22.28
Chennai,2025-07,Amoxicillin,23.03
Chennai,2025-07,Amoxicillin-Clavulanate,24.58
Chennai,2025-07,Azithromycin,21.64
Chennai,2025-07,Cefixime,22.01
Chennai,2025-07,Ceftriaxone,23.41
Chennai,2025-07,Ciprofloxacin,25.88
Chennai,2025-07,Doxycycline,25.07
Chennai,2025-07,Metronidazole,22.34
Chennai,2025-07,Cotrimoxazole,22.61
Chennai,2025-07,Meropenem,20.81
Chennai,2025-08,Amoxicillin,24.46
Chennai,2025-08,Amoxicillin-Clavulanate,24.03
Chennai,2025-08,Azithromycin,24.27
Chennai,2025-08,Cefixime,25.0
Chennai,2025-08,Ceftriaxone,24.09
Chennai,2025-08,Ciprofloxacin,24.61
Chennai,2025-08,Doxycycline,22.48
Chennai,2025-08,Metronidazole,23.69
Chennai,2025-08,Cotrimoxazole,23.07
Chennai,2025-08,Meropenem,23.37
Chennai,2025-09,Amoxicillin,24.86
Chennai,2025-09,Amoxicillin-Clavulanate,23.99
Chennai,2025-09,Azithromycin,24.33
Chennai,2025-09,Cefixime,22.34
Chennai,2025-09,Ceftriaxone,23.19
Chennai,2025-09,Ciprofloxacin,23.77
Chennai,2025-09,Doxycycline,21.72
Chennai,2025-09,Metronidazole,22.71
Chennai,2025-09,Cotrimoxazole,23.27
Chennai,2025-09,Meropenem,24.37
Chennai,2025-10,Amoxicillin,24.55
Chennai,2025-10,Amoxicillin-Clavulanate,25.0
Chennai,2025-10,Azithromycin,23.75
Chennai,2025-10,Cefixime,23.43
Chennai,2025-10,Ceftriaxone,24.46
Chennai,2025-10,Ciprofloxacin,24.82
Chennai,2025-10,Doxycycline,24.58
Chennai,2025-10,Metronidazole,22.98
Chennai,2025-10,Cotrimoxazole,21.83
Chennai,2025-10,Meropenem,21.01
Chennai,2025-11,Amoxicillin,23.89
Chennai,2025-11,Amoxicillin-Clavulanate,21.16
Chennai,2025-11,Azithromycin,25.27
Chennai,2025-11,Cefixime,24.54
Chennai,2025-11,Ceftriaxone,23.47
Chennai,2025-11,Ciprofloxacin,22.66
Chennai,2025-11,Doxycycline,24.28
Chennai,2025-11,Metronidazole,21.77
Chennai,2025-11,Cotrimoxazole,22.39
Chennai,2025-11,Meropenem,21.93
Chennai,2025-12,Amoxicillin,24.01
Chennai,2025-12,Amoxicillin-Clavulanate,24.07
Chennai,2025-12,Azithromycin,24.27
Chennai,2025-12,Cefixime,24.68
Chennai,2025-12,Ceftriaxone,23.81
Chennai,2025-12,Ciprofloxacin,24.65
Chennai,2025-12,Doxycycline,22.08
Chennai,2025-12,Metronidazole,20.67
Chennai,2025-12,Cotrimoxazole,22.43
Chennai,2025-12,Meropenem,21.57
Kolkata,2024-01,Amoxicillin,22.89
Kolkata,2024-01,Amoxicillin-Clavulanate,21.97
Kolkata,2024-01,Azithromycin,22.04
Kolkata,2024-01,Cefixime,23.87
Kolkata,2024-01,Ceftriaxone,25.39
Kolkata,2024-01,Ciprofloxacin,21.29
Kolkata,2024-01,Doxycycline,20.97
Kolkata,2024-01,Metronidazole,21.36
Kolkata,2024-01,Cotrimoxazole,23.63
Kolkata,2024-01,Meropenem,21.76
Kolkata,2024-02,Amoxicillin,22.88
Kolkata,2024-02,Amoxicillin-Clavulanate,23.9
Kolkata,2024-02,Azithromycin,23.69
Kolkata,2024-02,Cefixime,23.25
Kolkata,2024-02,Ceftriaxone,22.7
Kolkata,2024-02,Ciprofloxacin,23.57
Kolkata,2024-02,Doxycycline,22.22
Kolkata,2024-02,Metronidazole,22.05
Kolkata,2024-02,Cotrimoxazole,22.31
Kolkata,2024-02,Meropenem,23.09
Kolkata,2024-03,Amoxicillin,24.25
Kolkata,2024-03,Amoxicillin-Clavulanate,24.55
Kolkata,2024-03,Azithromycin,24.39
Kolkata,2024-03,Cefixime,24.07
Kolkata,2024-03,Ceftriaxone,23.34
Kolkata,2024-03,Ciprofloxacin,24.71
Kolkata,2024-03,Doxycycline,23.27
Kolkata,2024-03,Metronidazole,25.46
Kolkata,2024-03,Cotrimoxazole,23.5
Kolkata,2024-03,Meropenem,23.12
Kolkata,2024-04,Amoxicillin,24.56
Kolkata,2024-04,Amoxicillin-Clavulanate,23.56
Kolkata,2024-04,Azithromycin,22.89
Kolkata,2024-04,Cefixime,24.16
Kolkata,2024-04,Ceftriaxone,24.73
Kolkata,2024-04,Ciprofloxacin,25.1
Kolkata,2024-04,Doxycycline,23.35
Kolkata,2024-04,Metronidazole,22.34
Kolkata,2024-04,Cotrimoxazole,23.06
Kolkata,2024-04,Meropenem,21.15
Kolkata,2024-05,Amoxicillin,26.77
Kolkata,2024-05,Amoxicillin-Clavulanate,23.75
Kolkata,2024-05,Azithromycin,24.9
Kolkata,2024-05,Cefixime,24.82
Kolkata,2024-05,Ceftriaxone,25.19
Kolkata,2024-05,Ciprofloxacin,24.39
Kolkata,2024-05,Doxycycline,22.8
Kolkata,2024-05,Metronidazole,22.43
Kolkata,2024-05,Cotrimoxazole,26.0
Kolkata,2024-05,Meropenem,23.37
Kolkata,2024-06,Amoxicillin,26.34
Kolkata,2024-06,Amoxicillin-Clavulanate,26.02
Kolkata,2024-06,Azithromycin,23.53
Kolkata,2024-06,Cefixime,25.14
Kolkata,2024-06,Ceftriaxone,25.06
Kolkata,2024-06,Ciprofloxacin,23.4
Kolkata,2024-06,Doxycycline,23.61
Kolkata,2024-06,Metronidazole,24.29
Kolkata,2024-06,Cotrimoxazole,23.69
Kolkata,2024-06,Meropenem,23.03
Kolkata,2024-07,Amoxicillin,25.33
Kolkata,2024-07,Amoxicillin-Clavulanate,27.23
Kolkata,2024-07,Azithromycin,22.37
Kolkata,2024-07,Cefixime,25.63
Kolkata,2024-07,Ceftriaxone,25.15
Kolkata,2024-07,Ciprofloxacin,24.38
Kolkata,2024-07,Doxycycline,23.9
Kolkata,2024-07,Metronidazole,24.77
Kolkata,2024-07,Cotrimoxazole,25.44
Kolkata,2024-07,Meropenem,23.98
Kolkata,2024-08,Amoxicillin,26.95
Kolkata,2024-08,Amoxicillin-Clavulanate,26.53
Kolkata,2024-08,Azithromycin,25.5
Kolkata,2024-08,Cefixime,24.71
Kolkata,2024-08,Ceftriaxone,26.2
Kolkata,2024-08,Ciprofloxacin,25.86
Kolkata,2024-08,Doxycycline,23.53
Kolkata,2024-08,Metronidazole,22.53
Kolkata,2024-08,Cotrimoxazole,22.64
Kolkata,2024-08,Meropenem,24.07
Kolkata,2024-09,Amoxicillin,26.04
Kolkata,2024-09,Amoxicillin-Clavulanate,23.8
Kolkata,2024-09,Azithromycin,25.73
Kolkata,2024-09,Cefixime,25.44
Kolkata,2024-09,Ceftriaxone,27.11
Kolkata,2024-09,Ciprofloxacin,25.68
Kolkata,2024-09,Doxycycline,23.23
Kolkata,2024-09,Metronidazole,24.73
Kolkata,2024-09,Cotrimoxazole,25.58
Kolkata,2024-09,Meropenem,23.37
Kolkata,2024-10,Amoxicillin,24.43
Kolkata,2024-10,Amoxicillin-Clavulanate,25.5
Kolkata,2024-10,Azithromycin,23.76
Kolkata,2024-10,Cefixime,26.8
Kolkata,2024-10,Ceftriaxone,25.48
Kolkata,2024-10,Ciprofloxacin,27.47
Kolkata,2024-10,Doxycycline,22.35
Kolkata,2024-10,Metronidazole,24.66
Kolkata,2024-10,Cotrimoxazole,26.7
Kolkata,2024-10,Meropenem,23.27
Kolkata,2024-11,Amoxicillin,25.88
Kolkata,2024-11,Amoxicillin-Clavulanate,25.0
Kolkata,2024-11,Azithromycin,24.16
Kolkata,2024-11,Cefixime,25.88
Kolkata,2024-11,Ceftriaxone,24.54
Kolkata,2024-11,Ciprofloxacin,25.49
Kolkata,2024-11,Doxycycline,25.3
Kolkata,2024-11,Metronidazole,24.32
Kolkata,2024-11,Cotrimoxazole,24.07
Kolkata,2024-11,Meropenem,25.43
Kolkata,2024-12,Amoxicillin,26.8
Kolkata,2024-12,Amoxicillin-Clavulanate,24.24
Kolkata,2024-12,Azithromycin,23.44
Kolkata,2024-12,Cefixime,24.52
Kolkata,2024-12,Ceftriaxone,26.51
Kolkata,2024-12,Ciprofloxacin,25.87
Kolkata,2024-12,Doxycycline,25.56
Kolkata,2024-12,Metronidazole,24.16
Kolkata,2024-12,Cotrimoxazole,24.11
Kolkata,2024-12,Meropenem,25.26
Kolkata,2025-01,Amoxicillin,25.57
Kolkata,2025-01,Amoxicillin-Clavulanate,25.77
Kolkata,2025-01,Azithromycin,23.34
Kolkata,2025-01,Cefixime,25.12
Kolkata,2025-01,Ceftriaxone,27.21
Kolkata,2025-01,Ciprofloxacin,24.96
Kolkata,2025-01,Doxycycline,25.76
Kolkata,2025-01,Metronidazole,22.13
Kolkata,2025-01,Cotrimoxazole,24.69
Kolkata,2025-01,Meropenem,24.24
Kolkata,2025-02,Amoxicillin,28.67
Kolkata,2025-02,Amoxicillin-Clavulanate,24.83
Kolkata,2025-02,Azithromycin,26.31
Kolkata,2025-02,Cefixime,27.46
Kolkata,2025-02,Ceftriaxone,25.87
Kolkata,2025-02,Ciprofloxacin,25.89
Kolkata,2025-02,Doxycycline,25.55
Kolkata,2025-02,Metronidazole,23.59
Kolkata,2025-02,Cotrimoxazole,25.35
Kolkata,2025-02,Meropenem,26.35
Kolkata,2025-03,Amoxicillin,27.28
Kolkata,2025-03,Amoxicillin-Clavulanate,25.9
Kolkata,2025-03,Azithromycin,25.66
Kolkata,2025-03,Cefixime,26.89
Kolkata,2025-03,Ceftriaxone,27.46
Kolkata,2025-03,Ciprofloxacin,25.64
Kolkata,2025-03,Doxycycline,27.05
Kolkata,2025-03,Metronidazole,26.63
Kolkata,2025-03,Cotrimoxazole,26.55
Kolkata,2025-03,Meropenem,23.98
Kolkata,2025-04,Amoxicillin,26.23
Kolkata,2025-04,Amoxicillin-Clavulanate,26.34
Kolkata,2025-04,Azithromycin,26.21
Kolkata,2025-04,Cefixime,24.94
Kolkata,2025-04,Ceftriaxone,27.8
Kolkata,2025-04,Ciprofloxacin,28.3
Kolkata,2025-04,Doxycycline,26.59
Kolkata,2025-04,Metronidazole,25.03
Kolkata,2025-04,Cotrimoxazole,25.55
Kolkata,2025-04,Meropenem,25.83
Kolkata,2025-05,Amoxicillin,27.75
Kolkata,2025-05,Amoxicillin-Clavulanate,27.74
Kolkata,2025-05,Azithromycin,27.34
Kolkata,2025-05,Cefixime,28.64
Kolkata,2025-05,Ceftriaxone,26.58
Kolkata,2025-05,Ciprofloxacin,27.69
Kolkata,2025-05,Doxycycline,26.09
Kolkata,2025-05,Metronidazole,26.19
Kolkata,2025-05,Cotrimoxazole,27.92
Kolkata,2025-05,Meropenem,27.09
Kolkata,2025-06,Amoxicillin,30.0
Kolkata,2025-06,Amoxicillin-Clavulanate,28.25
Kolkata,2025-06,Azithromycin,27.07
Kolkata,2025-06,Cefixime,27.7
Kolkata,2025-06,Ceftriaxone,26.46
Kolkata,2025-06,Ciprofloxacin,29.45
Kolkata,2025-06,Doxycycline,26.65
Kolkata,2025-06,Metronidazole,27.36
Kolkata,2025-06,Cotrimoxazole,28.23
Kolkata,2025-06,Meropenem,25.14
Kolkata,2025-07,Amoxicillin,27.8
Kolkata,2025-07,Amoxicillin-Clavulanate,29.83
Kolkata,2025-07,Azithromycin,27.85
Kolkata,2025-07,Cefixime,27.69
Kolkata,2025-07,Ceftriaxone,28.58
Kolkata,2025-07,Ciprofloxacin,29.52
Kolkata,2025-07,Doxycycline,28.37
Kolkata,2025-07,Metronidazole,25.53
Kolkata,2025-07,Cotrimoxazole,29.63
Kolkata,2025-07,Meropenem,27.91
Kolkata,2025-08,Amoxicillin,28.76
Kolkata,2025-08,Amoxicillin-Clavulanate,26.93
Kolkata,2025-08,Azithromycin,28.8
Kolkata,2025-08,Cefixime,28.96
Kolkata,2025-08,Ceftriaxone,27.23
Kolkata,2025-08,Ciprofloxacin,28.18
Kolkata,2025-08,Doxycycline,30.89
Kolkata,2025-08,Metronidazole,27.27
Kolkata,2025-08,Cotrimoxazole,27.13
Kolkata,2025-08,Meropenem,25.84
Kolkata,2025-09,Amoxicillin,30.93
Kolkata,2025-09,Amoxicillin-Clavulanate,29.22
Kolkata,2025-09,Azithromycin,29.24
Kolkata,2025-09,Cefixime,28.76
Kolkata,2025-09,Ceftriaxone,30.26
Kolkata,2025-09,Ciprofloxacin,27.55
Kolkata,2025-09,Doxycycline,27.67
Kolkata,2025-09,Metronidazole,27.61
Kolkata,2025-09,Cotrimoxazole,29.51
Kolkata,2025-09,Meropenem,27.35
Kolkata,2025-10,Amoxicillin,28.33
Kolkata,2025-10,Amoxicillin-Clavulanate,28.4
Kolkata,2025-10,Azithromycin,25.89
Kolkata,2025-10,Cefixime,25.97
Kolkata,2025-10,Ceftriaxone,29.83
Kolkata,2025-10,Ciprofloxacin,28.11
Kolkata,2025-10,Doxycycline,27.25
Kolkata,2025-10,Metronidazole,28.26
Kolkata,2025-10,Cotrimoxazole,29.57
Kolkata,2025-10,Meropenem,27.64
Kolkata,2025-11,Amoxicillin,31.18
Kolkata,2025-11,Amoxicillin-Clavulanate,28.93
Kolkata,2025-11,Azithromycin,28.12
Kolkata,2025-11,Cefixime,28.84
Kolkata,2025-11,Ceftriaxone,27.55
Kolkata,2025-11,Ciprofloxacin,29.62
Kolkata,2025-11,Doxycycline,24.9
Kolkata,2025-11,Metronidazole,26.75
Kolkata,2025-11,Cotrimoxazole,28.11
Kolkata,2025-11,Meropenem,26.23
Kolkata,2025-12,Amoxicillin,28.65
Kolkata,2025-12,Amoxicillin-Clavulanate,30.48
Kolkata,2025-12,Azithromycin,29.09
Kolkata,2025-12,Cefixime,27.9
Kolkata,2025-12,Ceftriaxone,28.53
Kolkata,2025-12,Ciprofloxacin,27.25
Kolkata,2025-12,Doxycycline,28.45
Kolkata,2025-12,Metronidazole,27.2
Kolkata,2025-12,Cotrimoxazole,26.0
Kolkata,2025-12,Meropenem,27.3
Pune,2024-01,Amoxicillin,18.72
Pune,2024-01,Amoxicillin-Clavulanate,18.93
Pune,2024-01,Azithromycin,17.48
Pune,2024-01,Cefixime,17.57
Pune,2024-01,Ceftriaxone,20.37
Pune,2024-01,Ciprofloxacin,17.99
Pune,2024-01,Doxycycline,18.24
Pune,2024-01,Metronidazole,16.75
Pune,2024-01,Cotrimoxazole,18.47
Pune,2024-01,Meropenem,15.59
Pune,2024-02,Amoxicillin,17.82
Pune,2024-02,Amoxicillin-Clavulanate,16.63
Pune,2024-02,Azithromycin,16.98
Pune,2024-02,Cefixime,19.44
Pune,2024-02,Ceftriaxone,17.6
Pune,2024-02,Ciprofloxacin,18.86
Pune,2024-02,Doxycycline,19.21
Pune,2024-02,Metronidazole,17.4
Pune,2024-02,Cotrimoxazole,18.9
Pune,2024-02,Meropenem,17.86
Pune,2024-03,Amoxicillin,19.39
Pune,2024-03,Amoxicillin-Clavulanate,19.69
Pune,2024-03,Azithromycin,20.54
Pune,2024-03,Cefixime,18.27
Pune,2024-03,Ceftriaxone,18.15
Pune,2024-03,Ciprofloxacin,17.85
Pune,2024-03,Doxycycline,19.5
Pune,2024-03,Metronidazole,19.53
Pune,2024-03,Cotrimoxazole,18.1
Pune,2024-03,Meropenem,15.77
Pune,2024-04,Amoxicillin,18.8
Pune,2024-04,Amoxicillin-Clavulanate,19.74
Pune,2024-04,Azithromycin,18.71
Pune,2024-04,Cefixime,19.45
Pune,2024-04,Ceftriaxone,18.91
Pune,2024-04,Ciprofloxacin,20.37
Pune,2024-04,Doxycycline,19.05
Pune,2024-04,Metronidazole,19.2
Pune,2024-04,Cotrimoxazole,19.14
Pune,2024-04,Meropenem,18.96
Pune,2024-05,Amoxicillin,20.34
Pune,2024-05,Amoxicillin-Clavulanate,18.4
Pune,2024-05,Azithromycin,19.48
Pune,2024-05,Cefixime,20.41
Pune,2024-05,Ceftriaxone,21.04
Pune,2024-05,Ciprofloxacin,19.99
Pune,2024-05,Doxycycline,17.89
Pune,2024-05,Metronidazole,17.94
Pune,2024-05,Cotrimoxazole,18.76
Pune,2024-05,Meropenem,18.86
Pune,2024-06,Amoxicillin,19.86
Pune,2024-06,Amoxicillin-Clavulanate,18.35
Pune,2024-06,Azithromycin,17.98
Pune,2024-06,Cefixime,17.39
Pune,2024-06,Ceftriaxone,16.51
Pune,2024-06,Ciprofloxacin,19.56
Pune,2024-06,Doxycycline,21.66
Pune,2024-06,Metronidazole,20.97
Pune,2024-06,Cotrimoxazole,18.33
Pune,2024-06,Meropenem,18.98
Pune,2024-07,Amoxicillin,18.78
Pune,2024-07,Amoxicillin-Clavulanate,18.52
Pune,2024-07,Azithromycin,18.28
Pune,2024-07,Cefixime,19.84
Pune,2024-07,Ceftriaxone,20.13
Pune,2024-07,Ciprofloxacin,20.37
Pune,2024-07,Doxycycline,20.21
Pune,2024-07,Metronidazole,18.99
Pune,2024-07,Cotrimoxazole,19.82
Pune,2024-07,Meropenem,17.97
Pune,2024-08,Amoxicillin,18.91
Pune,2024-08,Amoxicillin-Clavulanate,18.32
Pune,2024-08,Azithromycin,20.32
Pune,2024-08,Cefixime,19.72
Pune,2024-08,Ceftriaxone,18.27
Pune,2024-08,Ciprofloxacin,20.02
Pune,2024-08,Doxycycline,18.11
Pune,2024-08,Metronidazole,21.19
Pune,2024-08,Cotrimoxazole,19.15
Pune,2024-08,Meropenem,19.93
Pune,2024-09,Amoxicillin,21.53
Pune,2024-09,Amoxicillin-Clavulanate,18.86
Pune,2024-09,Azithromycin,19.64
Pune,2024-09,Cefixime,20.64
Pune,2024-09,Ceftriaxone,20.4
Pune,2024-09,Ciprofloxacin,20.43
Pune,2024-09,Doxycycline,17.97
Pune,2024-09,Metronidazole,19.93
Pune,2024-09,Cotrimoxazole,19.2
Pune,2024-09,Meropenem,19.52
Pune,2024-10,Amoxicillin,21.35
Pune,2024-10,Amoxicillin-Clavulanate,20.66
Pune,2024-10,Azithromycin,19.95
Pune,2024-10,Cefixime,20.75
Pune,2024-10,Ceftriaxone,21.04
Pune,2024-10,Ciprofloxacin,21.69
Pune,2024-10,Doxycycline,19.41
Pune,2024-10,Metronidazole,19.51
Pune,2024-10,Cotrimoxazole,20.77
Pune,2024-10,Meropenem,18.61
Pune,2024-11,Amoxicillin,18.77
Pune,2024-11,Amoxicillin-Clavulanate,20.37
Pune,2024-11,Azithromycin,19.25
Pune,2024-11,Cefixime,18.62
Pune,2024-11,Ceftriaxone,20.73
Pune,2024-11,Ciprofloxacin,21.52
Pune,2024-11,Doxycycline,17.57
Pune,2024-11,Metronidazole,20.37
Pune,2024-11,Cotrimoxazole,16.86
Pune,2024-11,Meropenem,18.63
Pune,2024-12,Amoxicillin,22.27
Pune,2024-12,Amoxicillin-Clavulanate,19.48
Pune,2024-12,Azithromycin,19.59
Pune,2024-12,Cefixime,20.8
Pune,2024-12,Ceftriaxone,18.3
Pune,2024-12,Ciprofloxacin,20.04
Pune,2024-12,Doxycycline,19.45
Pune,2024-12,Metronidazole,21.31
Pune,2024-12,Cotrimoxazole,18.31
Pune,2024-12,Meropenem,18.67
Pune,2025-01,Amoxicillin,19.39
Pune,2025-01,Amoxicillin-Clavulanate,18.86
Pune,2025-01,Azithromycin,20.89
Pune,2025-01,Cefixime,20.15
Pune,2025-01,Ceftriaxone,19.74
Pune,2025-01,Ciprofloxacin,19.55
Pune,2025-01,Doxycycline,18.92
Pune,2025-01,Metronidazole,18.9
Pune,2025-01,Cotrimoxazole,18.44
Pune,2025-01,Meropenem,18.96
Pune,2025-02,Amoxicillin,20.69
Pune,2025-02,Amoxicillin-Clavulanate,19.82
Pune,2025-02,Azithromycin,20.46
Pune,2025-02,Cefixime,21.04
Pune,2025-02,Ceftriaxone,20.41
Pune,2025-02,Ciprofloxacin,20.62
Pune,2025-02,Doxycycline,22.54
Pune,2025-02,Metronidazole,22.38
Pune,2025-02,Cotrimoxazole,19.31
Pune,2025-02,Meropenem,18.85
Pune,2025-03,Amoxicillin,20.43
Pune,2025-03,Amoxicillin-Clavulanate,22.31
Pune,2025-03,Azithromycin,20.33
Pune,2025-03,Cefixime,21.54
Pune,2025-03,Ceftriaxone,23.72
Pune,2025-03,Ciprofloxacin,21.26
Pune,2025-03,Doxycycline,21.42
Pune,2025-03,Metronidazole,21.09
Pune,2025-03,Cotrimoxazole,20.31
Pune,2025-03,Meropenem,21.49
Pune,2025-04,Amoxicillin,21.29
Pune,2025-04,Amoxicillin-Clavulanate,23.24
Pune,2025-04,Azithromycin,20.72
Pune,2025-04,Cefixime,21.37
Pune,2025-04,Ceftriaxone,20.96
Pune,2025-04,Ciprofloxacin,20.88
Pune,2025-04,Doxycycline,20.76
Pune,2025-04,Metronidazole,18.43
Pune,2025-04,Cotrimoxazole,21.31
Pune,2025-04,Meropenem,20.34
Pune,2025-05,Amoxicillin,23.83
Pune,2025-05,Amoxicillin-Clavulanate,22.94
Pune,2025-05,Azithromycin,21.28
Pune,2025-05,Cefixime,22.11
Pune,2025-05,Ceftriaxone,22.63
Pune,2025-05,Ciprofloxacin,24.25
Pune,2025-05,Doxycycline,21.01
Pune,2025-05,Metronidazole,20.98
Pune,2025-05,Cotrimoxazole,21.02
Pune,2025-05,Meropenem,19.94
Pune,2025-06,Amoxicillin,23.81
Pune,2025-06,Amoxicillin-Clavulanate,23.19
Pune,2025-06,Azithromycin,23.95
Pune,2025-06,Cefixime,24.26
Pune,2025-06,Ceftriaxone,26.03
Pune,2025-06,Ciprofloxacin,23.03
Pune,2025-06,Doxycycline,22.11
Pune,2025-06,Metronidazole,20.82
Pune,2025-06,Cotrimoxazole,23.52
Pune,2025-06,Meropenem,22.16
Pune,2025-07,Amoxicillin,24.22
Pune,2025-07,Amoxicillin-Clavulanate,21.75
Pune,2025-07,Azithromycin,22.96
Pune,2025-07,Cefixime,23.37
Pune,2025-07,Ceftriaxone,23.58
Pune,2025-07,Ciprofloxacin,22.39
Pune,2025-07,Doxycycline,23.74
Pune,2025-07,Metronidazole,24.54
Pune,2025-07,Cotrimoxazole,21.56
Pune,2025-07,Meropenem,22.86
Pune,2025-08,Amoxicillin,20.4
Pune,2025-08,Amoxicillin-Clavulanate,23.8
Pune,2025-08,Azithromycin,20.58
Pune,2025-08,Cefixime,22.63
Pune,2025-08,Ceftriaxone,22.05
Pune,2025-08,Ciprofloxacin,22.97
Pune,2025-08,Doxycycline,23.41
Pune,2025-08,Metronidazole,20.31
Pune,2025-08,Cotrimoxazole,22.45
Pune,2025-08,Meropenem,21.57
Pune,2025-09,Amoxicillin,25.29
Pune,2025-09,Amoxicillin-Clavulanate,23.53
Pune,2025-09,Azithromycin,21.33
Pune,2025-09,Cefixime,22.68
Pune,2025-09,Ceftriaxone,25.19
Pune,2025-09,Ciprofloxacin,23.98
Pune,2025-09,Doxycycline,21.48
Pune,2025-09,Metronidazole,22.05
Pune,2025-09,Cotrimoxazole,22.58
Pune,2025-09,Meropenem,21.54
Pune,2025-10,Amoxicillin,21.48
Pune,2025-10,Amoxicillin-Clavulanate,22.13
Pune,2025-10,Azithromycin,23.99
Pune,2025-10,Cefixime,22.59
Pune,2025-10,Ceftriaxone,23.18
Pune,2025-10,Ciprofloxacin,23.17
Pune,2025-10,Doxycycline,24.76
Pune,2025-10,Metronidazole,22.19
Pune,2025-10,Cotrimoxazole,23.87
Pune,2025-10,Meropenem,21.31
Pune,2025-11,Amoxicillin,22.9
Pune,2025-11,Amoxicillin-Clavulanate,22.73
Pune,2025-11,Azithromycin,21.45
Pune,2025-11,Cefixime,22.62
Pune,2025-11,Ceftriaxone,24.1
Pune,2025-11,Ciprofloxacin,21.97
Pune,2025-11,Doxycycline,22.17
Pune,2025-11,Metronidazole,22.81
Pune,2025-11,Cotrimoxazole,21.6
Pune,2025-11,Meropenem,23.03
Pune,2025-12,Amoxicillin,23.26
Pune,2025-12,Amoxicillin-Clavulanate,22.53
Pune,2025-12,Azithromycin,20.09
Pune,2025-12,Cefixime,22.43
Pune,2025-12,Ceftriaxone,23.52
Pune,2025-12,Ciprofloxacin,24.76
Pune,2025-12,Doxycycline,22.79
Pune,2025-12,Metronidazole,23.27
Pune,2025-12,Cotrimoxazole,21.18
Pune,2025-12,Meropenem,21.69
Ahmedabad,2024-01,Amoxicillin,20.06
Ahmedabad,2024-01,Amoxicillin-Clavulanate,17.36
Ahmedabad,2024-01,Azithromycin,19.06
Ahmedabad,2024-01,Cefixime,19.25
Ahmedabad,2024-01,Ceftriaxone,18.96
Ahmedabad,2024-01,Ciprofloxacin,18.08
Ahmedabad,2024-01,Doxycycline,16.81
Ahmedabad,2024-01,Metronidazole,19.74
Ahmedabad,2024-01,Cotrimoxazole,18.86
Ahmedabad,2024-01,Meropenem,17.99
Ahmedabad,2024-02,Amoxicillin,18.35
Ahmedabad,2024-02,Amoxicillin-Clavulanate,18.46
Ahmedabad,2024-02,Azithromycin,18.27
Ahmedabad,2024-02,Cefixime,18.97
Ahmedabad,2024-02,Ceftriaxone,19.56
Ahmedabad,2024-02,Ciprofloxacin,17.67
Ahmedabad,2024-02,Doxycycline,16.37
Ahmedabad,2024-02,Metronidazole,17.96
Ahmedabad,2024-02,Cotrimoxazole,16.33
Ahmedabad,2024-02,Meropenem,17.35
Ahmedabad,2024-03,Amoxicillin,18.56
Ahmedabad,2024-03,Amoxicillin-Clavulanate,19.27
Ahmedabad,2024-03,Azithromycin,20.57
Ahmedabad,2024-03,Cefixime,16.7
Ahmedabad,2024-03,Ceftriaxone,21.57
Ahmedabad,2024-03,Ciprofloxacin,18.59
Ahmedabad,2024-03,Doxycycline,18.66
Ahmedabad,2024-03,Metronidazole,16.61
Ahmedabad,2024-03,Cotrimoxazole,19.66
Ahmedabad,2024-03,Meropenem,18.05
Ahmedabad,2024-04,Amoxicillin,19.65
Ahmedabad,2024-04,Amoxicillin-Clavulanate,17.17
Ahmedabad,2024-04,Azithromycin,19.03
Ahmedabad,2024-04,Cefixime,20.35
Ahmedabad,2024-04,Ceftriaxone,19.4
Ahmedabad,2024-04,Ciprofloxacin,20.71
Ahmedabad,2024-04,Doxycycline,20.08
Ahmedabad,2024-04,Metronidazole,18.01
Ahmedabad,2024-04,Cotrimoxazole,20.88
Ahmedabad,2024-04,Meropenem,18.59
Ahmedabad,2024-05,Amoxicillin,20.11
Ahmedabad,2024-05,Amoxicillin-Clavulanate,19.75
Ahmedabad,2024-05,Azithromycin,19.35
Ahmedabad,2024-05,Cefixime,16.87
Ahmedabad,2024-05,Ceftriaxone,19.79
Ahmedabad,2024-05,Ciprofloxacin,18.26
Ahmedabad,2024-05,Doxycycline,20.95
Ahmedabad,2024-05,Metronidazole,20.78
Ahmedabad,2024-05,Cotrimoxazole,20.4
Ahmedabad,2024-05,Meropenem,18.6
Ahmedabad,2024-06,Amoxicillin,19.18
Ahmedabad,2024-06,Amoxicillin-Clavulanate,19.14
Ahmedabad,2024-06,Azithromycin,21.64
Ahmedabad,2024-06,Cefixime,19.23
Ahmedabad,2024-06,Ceftriaxone,17.64
Ahmedabad,2024-06,Ciprofloxacin,21.12
Ahmedabad,2024-06,Doxycycline,21.03
Ahmedabad,2024-06,Metronidazole,21.08
Ahmedabad,2024-06,Cotrimoxazole,20.83
Ahmedabad,2024-06,Meropenem,20.4
Ahmedabad,2024-07,Amoxicillin,20.82
Ahmedabad,2024-07,Amoxicillin-Clavulanate,18.04
Ahmedabad,2024-07,Azithromycin,19.98
Ahmedabad,2024-07,Cefixime,21.14
Ahmedabad,2024-07,Ceftriaxone,20.55
Ahmedabad,2024-07,Ciprofloxacin,20.25
Ahmedabad,2024-07,Doxycycline,18.76
Ahmedabad,2024-07,Metronidazole,18.6
Ahmedabad,2024-07,Cotrimoxazole,22.16
Ahmedabad,2024-07,Meropenem,21.57
Ahmedabad,2024-08,Amoxicillin,21.09
Ahmedabad,2024-08,Amoxicillin-Clavulanate,20.96
Ahmedabad,2024-08,Azithromycin,19.18
Ahmedabad,2024-08,Cefixime,21.48
Ahmedabad,2024-08,Ceftriaxone,22.97
Ahmedabad,2024-08,Ciprofloxacin,19.09
Ahmedabad,2024-08,Doxycycline,20.64
Ahmedabad,2024-08,Metronidazole,20.6
Ahmedabad,2024-08,Cotrimoxazole,21.03
Ahmedabad,2024-08,Meropenem,21.62
Ahmedabad,2024-09,Amoxicillin,23.2
Ahmedabad,2024-09,Amoxicillin-Clavulanate,20.27
Ahmedabad,2024-09,Azithromycin,20.89
Ahmedabad,2024-09,Cefixime,20.74
Ahmedabad,2024-09,Ceftriaxone,20.21
Ahmedabad,2024-09,Ciprofloxacin,20.95
Ahmedabad,2024-09,Doxycycline,20.76
Ahmedabad,2024-09,Metronidazole,20.13
Ahmedabad,2024-09,Cotrimoxazole,19.37
Ahmedabad,2024-09,Meropenem,19.2
Ahmedabad,2024-10,Amoxicillin,20.29
Ahmedabad,2024-10,Amoxicillin-Clavulanate,19.43
Ahmedabad,2024-10,Azithromycin,20.33
Ahmedabad,2024-10,Cefixime,20.94
Ahmedabad,2024-10,Ceftriaxone,21.8
Ahmedabad,2024-10,Ciprofloxacin,19.54
Ahmedabad,2024-10,Doxycycline,19.23
Ahmedabad,2024-10,Metronidazole,21.45
Ahmedabad,2024-10,Cotrimoxazole,19.99
Ahmedabad,2024-10,Meropenem,19.59
Ahmedabad,2024-11,Amoxicillin,20.62
Ahmedabad,2024-11,Amoxicillin-Clavulanate,21.63
Ahmedabad,2024-11,Azithromycin,21.31
Ahmedabad,2024-11,Cefixime,21.73
Ahmedabad,2024-11,Ceftriaxone,20.78
Ahmedabad,2024-11,Ciprofloxacin,19.55
Ahmedabad,2024-11,Doxycycline,22.01
Ahmedabad,2024-11,Metronidazole,20.72
Ahmedabad,2024-11,Cotrimoxazole,19.7
Ahmedabad,2024-11,Meropenem,21.16
Ahmedabad,2024-12,Amoxicillin,20.26
Ahmedabad,2024-12,Amoxicillin-Clavulanate,21.98
Ahmedabad,2024-12,Azithromycin,21.68
Ahmedabad,2024-12,Cefixime,19.53
Ahmedabad,2024-12,Ceftriaxone,21.43
Ahmedabad,2024-12,Ciprofloxacin,21.41
Ahmedabad,2024-12,Doxycycline,22.81
Ahmedabad,2024-12,Metronidazole,19.0
Ahmedabad,2024-12,Cotrimoxazole,21.82
Ahmedabad,2024-12,Meropenem,19.65
Ahmedabad,2025-01,Amoxicillin,19.54
Ahmedabad,2025-01,Amoxicillin-Clavulanate,20.35
Ahmedabad,2025-01,Azithromycin,20.12
Ahmedabad,2025-01,Cefixime,19.43
Ahmedabad,2025-01,Ceftriaxone,21.19
Ahmedabad,2025-01,Ciprofloxacin,21.65
Ahmedabad,2025-01,Doxycycline,20.25
Ahmedabad,2025-01,Metronidazole,19.27
Ahmedabad,2025-01,Cotrimoxazole,20.13
Ahmedabad,2025-01,Meropenem,19.68
Ahmedabad,2025-02,Amoxicillin,21.62
Ahmedabad,2025-02,Amoxicillin-Clavulanate,22.16
Ahmedabad,2025-02,Azithromycin,20.86
Ahmedabad,2025-02,Cefixime,19.53
Ahmedabad,2025-02,Ceftriaxone,20.7
Ahmedabad,2025-02,Ciprofloxacin,21.25
Ahmedabad,2025-02,Doxycycline,21.68
Ahmedabad,2025-02,Metronidazole,21.74
Ahmedabad,2025-02,Cotrimoxazole,22.71
Ahmedabad,2025-02,Meropenem,20.27
Ahmedabad,2025-03,Amoxicillin,22.89
Ahmedabad,2025-03,Amoxicillin-Clavulanate,19.99
Ahmedabad,2025-03,Azithromycin,21.67
Ahmedabad,2025-03,Cefixime,20.54
Ahmedabad,2025-03,Ceftriaxone,21.92
Ahmedabad,2025-03,Ciprofloxacin,25.06
Ahmedabad,2025-03,Doxycycline,21.4
Ahmedabad,2025-03,Metronidazole,19.98
Ahmedabad,2025-03,Cotrimoxazole,21.84
Ahmedabad,2025-03,Meropenem,20.17
Ahmedabad,2025-04,Amoxicillin,21.51
Ahmedabad,2025-04,Amoxicillin-Clavulanate,24.4
Ahmedabad,2025-04,Azithromycin,22.86
Ahmedabad,2025-04,Cefixime,22.61
Ahmedabad,2025-04,Ceftriaxone,22.07
Ahmedabad,2025-04,Ciprofloxacin,21.88
Ahmedabad,2025-04,Doxycycline,23.24
Ahmedabad,2025-04,Metronidazole,21.75
Ahmedabad,2025-04,Cotrimoxazole,18.5
Ahmedabad,2025-04,Meropenem,23.87
Ahmedabad,2025-05,Amoxicillin,23.26
Ahmedabad,2025-05,Amoxicillin-Clavulanate,22.94
Ahmedabad,2025-05,Azithromycin,23.34
Ahmedabad,2025-05,Cefixime,23.22
Ahmedabad,2025-05,Ceftriaxone,23.81
Ahmedabad,2025-05,Ciprofloxacin,22.24
Ahmedabad,2025-05,Doxycycline,20.65
Ahmedabad,2025-05,Metronidazole,22.17
Ahmedabad,2025-05,Cotrimoxazole,23.93
Ahmedabad,2025-05,Meropenem,20.94
Ahmedabad,2025-06,Amoxicillin,22.99
Ahmedabad,2025-06,Amoxicillin-Clavulanate,24.62
Ahmedabad,2025-06,Azithromycin,22.34
Ahmedabad,2025-06,Cefixime,22.97
Ahmedabad,2025-06,Ceftriaxone,23.31
Ahmedabad,2025-06,Ciprofloxacin,23.35
Ahmedabad,2025-06,Doxycycline,20.96
Ahmedabad,2025-06,Metronidazole,21.95
Ahmedabad,2025-06,Cotrimoxazole,23.31
Ahmedabad,2025-06,Meropenem,22.57
Ahmedabad,2025-07,Amoxicillin,25.32
Ahmedabad,2025-07,Amoxicillin-Clavulanate,25.55
Ahmedabad,2025-07,Azithromycin,24.75
Ahmedabad,2025-07,Cefixime,24.68
Ahmedabad,2025-07,Ceftriaxone,23.81
Ahmedabad,2025-07,Ciprofloxacin,22.99
Ahmedabad,2025-07,Doxycycline,22.95
Ahmedabad,2025-07,Metronidazole,23.43
Ahmedabad,2025-07,Cotrimoxazole,24.21
Ahmedabad,2025-07,Meropenem,23.25
Ahmedabad,2025-08,Amoxicillin,24.0
Ahmedabad,2025-08,Amoxicillin-Clavulanate,24.48
Ahmedabad,2025-08,Azithromycin,24.55
Ahmedabad,2025-08,Cefixime,24.73
Ahmedabad,2025-08,Ceftriaxone,24.02
Ahmedabad,2025-08,Ciprofloxacin,22.84
Ahmedabad,2025-08,Doxycycline,22.08
Ahmedabad,2025-08,Metronidazole,22.12
Ahmedabad,2025-08,Cotrimoxazole,23.67
Ahmedabad,2025-08,Meropenem,23.22
Ahmedabad,2025-09,Amoxicillin,22.61
Ahmedabad,2025-09,Amoxicillin-Clavulanate,23.1
Ahmedabad,2025-09,Azithromycin,23.47
Ahmedabad,2025-09,Cefixime,22.81
Ahmedabad,2025-09,Ceftriaxone,24.57
Ahmedabad,2025-09,Ciprofloxacin,23.46
Ahmedabad,2025-09,Doxycycline,22.26
Ahmedabad,2025-09,Metronidazole,22.97
Ahmedabad,2025-09,Cotrimoxazole,23.86
Ahmedabad,2025-09,Meropenem,21.75
Ahmedabad,2025-10,Amoxicillin,23.81
Ahmedabad,2025-10,Amoxicillin-Clavulanate,24.08
Ahmedabad,2025-10,Azithromycin,22.29
Ahmedabad,2025-10,Cefixime,21.89
Ahmedabad,2025-10,Ceftriaxone,22.31
Ahmedabad,2025-10,Ciprofloxacin,23.25
Ahmedabad,2025-10,Doxycycline,21.53
Ahmedabad,2025-10,Metronidazole,22.45
Ahmedabad,2025-10,Cotrimoxazole,25.18
Ahmedabad,2025-10,Meropenem,21.1
Ahmedabad,2025-11,Amoxicillin,23.52
Ahmedabad,2025-11,Amoxicillin-Clavulanate,25.68
Ahmedabad,2025-11,Azithromycin,23.35
Ahmedabad,2025-11,Cefixime,23.07
Ahmedabad,2025-11,Ceftriaxone,23.59
Ahmedabad,2025-11,Ciprofloxacin,23.95
Ahmedabad,2025-11,Doxycycline,24.63
Ahmedabad,2025-11,Metronidazole,22.03
Ahmedabad,2025-11,Cotrimoxazole,22.28
Ahmedabad,2025-11,Meropenem,20.89
Ahmedabad,2025-12,Amoxicillin,24.06
Ahmedabad,2025-12,Amoxicillin-Clavulanate,21.9
Ahmedabad,2025-12,Azithromycin,22.51
Ahmedabad,2025-12,Cefixime,22.59
Ahmedabad,2025-12,Ceftriaxone,25.06
Ahmedabad,2025-12,Ciprofloxacin,23.03
Ahmedabad,2025-12,Doxycycline,23.31
Ahmedabad,2025-12,Metronidazole,20.97
Ahmedabad,2025-12,Cotrimoxazole,23.38
Ahmedabad,2025-12,Meropenem,21.2
Jaipur,2024-01,Amoxicillin,14.91
Jaipur,2024-01,Amoxicillin-Clavulanate,17.55
Jaipur,2024-01,Azithromycin,15.91
Jaipur,2024-01,Cefixime,15.05
Jaipur,2024-01,Ceftriaxone,18.86
Jaipur,2024-01,Ciprofloxacin,14.18
Jaipur,2024-01,Doxycycline,16.09
Jaipur,2024-01,Metronidazole,13.05
Jaipur,2024-01,Cotrimoxazole,14.73
Jaipur,2024-01,Meropenem,13.14
Jaipur,2024-02,Amoxicillin,15.75
Jaipur,2024-02,Amoxicillin-Clavulanate,15.26
Jaipur,2024-02,Azithromycin,14.64
Jaipur,2024-02,Cefixime,16.48
Jaipur,2024-02,Ceftriaxone,14.8
Jaipur,2024-02,Ciprofloxacin,15.64
Jaipur,2024-02,Doxycycline,15.8
Jaipur,2024-02,Metronidazole,13.19
Jaipur,2024-02,Cotrimoxazole,14.26
Jaipur,2024-02,Meropenem,14.77
Jaipur,2024-03,Amoxicillin,16.83
Jaipur,2024-03,Amoxicillin-Clavulanate,17.42
Jaipur,2024-03,Azithromycin,15.37
Jaipur,2024-03,Cefixime,15.59
Jaipur,2024-03,Ceftriaxone,15.14
Jaipur,2024-03,Ciprofloxacin,16.3
Jaipur,2024-03,Doxycycline,15.2
Jaipur,2024-03,Metronidazole,15.14
Jaipur,2024-03,Cotrimoxazole,15.63
Jaipur,2024-03,Meropenem,15.93
Jaipur,2024-04,Amoxicillin,15.86
Jaipur,2024-04,Amoxicillin-Clavulanate,15.34
Jaipur,2024-04,Azithromycin,16.41
Jaipur,2024-04,Cefixime,12.94
Jaipur,2024-04,Ceftriaxone,15.78
Jaipur,2024-04,Ciprofloxacin,15.01
Jaipur,2024-04,Doxycycline,17.18
Jaipur,2024-04,Metronidazole,15.28
Jaipur,2024-04,Cotrimoxazole,15.45
Jaipur,2024-04,Meropenem,15.59
Jaipur,2024-05,Amoxicillin,16.1
Jaipur,2024-05,Amoxicillin-Clavulanate,16.01
Jaipur,2024-05,Azithromycin,16.3
Jaipur,2024-05,Cefixime,16.08
Jaipur,2024-05,Ceftriaxone,16.24
Jaipur,2024-05,Ciprofloxacin,15.43
Jaipur,2024-05,Doxycycline,14.84
Jaipur,2024-05,Metronidazole,16.09
Jaipur,2024-05,Cotrimoxazole,16.66
Jaipur,2024-05,Meropenem,14.32
Jaipur,2024-06,Amoxicillin,17.74
Jaipur,2024-06,Amoxicillin-Clavulanate,17.44
Jaipur,2024-06,Azithromycin,17.41
Jaipur,2024-06,Cefixime,17.02
Jaipur,2024-06,Ceftriaxone,17.56
Jaipur,2024-06,Ciprofloxacin,19.09
Jaipur,2024-06,Doxycycline,15.92
Jaipur,2024-06,Metronidazole,15.02
Jaipur,2024-06,Cotrimoxazole,14.78
Jaipur,2024-06,Meropenem,17.97
Jaipur,2024-07,Amoxicillin,19.12
Jaipur,2024-07,Amoxicillin-Clavulanate,15.85
Jaipur,2024-07,Azithromycin,15.8
Jaipur,2024-07,Cefixime,16.6
Jaipur,2024-07,Ceftriaxone,18.48
Jaipur,2024-07,Ciprofloxacin,15.54
Jaipur,2024-07,Doxycycline,14.35
Jaipur,2024-07,Metronidazole,18.8
Jaipur,2024-07,Cotrimoxazole,17.07
Jaipur,2024-07,Meropenem,16.79
Jaipur,2024-08,Amoxicillin,17.0
Jaipur,2024-08,Amoxicillin-Clavulanate,17.43
Jaipur,2024-08,Azithromycin,14.98
Jaipur,2024-08,Cefixime,16.08
Jaipur,2024-08,Ceftriaxone,17.29
Jaipur,2024-08,Ciprofloxacin,14.5
Jaipur,2024-08,Doxycycline,16.23
Jaipur,2024-08,Metronidazole,16.07
Jaipur,2024-08,Cotrimoxazole,16.45
Jaipur,2024-08,Meropenem,15.73
Jaipur,2024-09,Amoxicillin,16.29
Jaipur,2024-09,Amoxicillin-Clavulanate,15.07
Jaipur,2024-09,Azithromycin,16.97
Jaipur,2024-09,Cefixime,16.83
Jaipur,2024-09,Ceftriaxone,15.83
Jaipur,2024-09,Ciprofloxacin,17.23
Jaipur,2024-09,Doxycycline,16.39
Jaipur,2024-09,Metronidazole,16.12
Jaipur,2024-09,Cotrimoxazole,14.57
Jaipur,2024-09,Meropenem,17.25
Jaipur,2024-10,Amoxicillin,15.87
Jaipur,2024-10,Amoxicillin-Clavulanate,16.99
Jaipur,2024-10,Azithromycin,15.77
Jaipur,2024-10,Cefixime,16.58
Jaipur,2024-10,Ceftriaxone,18.45
Jaipur,2024-10,Ciprofloxacin,17.59
Jaipur,2024-10,Doxycycline,17.82
Jaipur,2024-10,Metronidazole,16.85
Jaipur,2024-10,Cotrimoxazole,17.23
Jaipur,2024-10,Meropenem,14.4
Jaipur,2024-11,Amoxicillin,16.72
Jaipur,2024-11,Amoxicillin-Clavulanate,16.53
Jaipur,2024-11,Azithromycin,17.87
Jaipur,2024-11,Cefixime,16.31
Jaipur,2024-11,Ceftriaxone,17.32
Jaipur,2024-11,Ciprofloxacin,17.11
Jaipur,2024-11,Doxycycline,17.72
Jaipur,2024-11,Metronidazole,16.21
Jaipur,2024-11,Cotrimoxazole,17.56
Jaipur,2024-11,Meropenem,14.36
Jaipur,2024-12,Amoxicillin,15.28
Jaipur,2024-12,Amoxicillin-Clavulanate,14.25
Jaipur,2024-12,Azithromycin,17.38
Jaipur,2024-12,Cefixime,17.59
Jaipur,2024-12,Ceftriaxone,18.0
Jaipur,2024-12,Ciprofloxacin,16.1
Jaipur,2024-12,Doxycycline,15.81
Jaipur,2024-12,Metronidazole,16.22
Jaipur,2024-12,Cotrimoxazole,18.23
Jaipur,2024-12,Meropenem,18.09
Jaipur,2025-01,Amoxicillin,18.01
Jaipur,2025-01,Amoxicillin-Clavulanate,17.21
Jaipur,2025-01,Azithromycin,18.07
Jaipur,2025-01,Cefixime,16.65
Jaipur,2025-01,Ceftriaxone,16.67
Jaipur,2025-01,Ciprofloxacin,16.79
Jaipur,2025-01,Doxycycline,15.44
Jaipur,2025-01,Metronidazole,16.24
Jaipur,2025-01,Cotrimoxazole,15.49
Jaipur,2025-01,Meropenem,17.43
Jaipur,2025-02,Amoxicillin,17.77
Jaipur,2025-02,Amoxicillin-Clavulanate,18.45
Jaipur,2025-02,Azithromycin,14.84
Jaipur,2025-02,Cefixime,19.06
Jaipur,2025-02,Ceftriaxone,15.4
Jaipur,2025-02,Ciprofloxacin,15.65
Jaipur,2025-02,Doxycycline,15.87
Jaipur,2025-02,Metronidazole,17.91
Jaipur,2025-02,Cotrimoxazole,17.01
Jaipur,2025-02,Meropenem,16.08
Jaipur,2025-03,Amoxicillin,16.71
Jaipur,2025-03,Amoxicillin-Clavulanate,15.77
Jaipur,2025-03,Azithromycin,18.27
Jaipur,2025-03,Cefixime,18.24
Jaipur,2025-03,Ceftriaxone,19.02
Jaipur,2025-03,Ciprofloxacin,17.8
Jaipur,2025-03,Doxycycline,14.03
Jaipur,2025-03,Metronidazole,15.48
Jaipur,2025-03,Cotrimoxazole,17.66
Jaipur,2025-03,Meropenem,16.32
Jaipur,2025-04,Amoxicillin,17.58
Jaipur,2025-04,Amoxicillin-Clavulanate,16.66
Jaipur,2025-04,Azithromycin,18.64
Jaipur,2025-04,Cefixime,18.46
Jaipur,2025-04,Ceftriaxone,18.7
Jaipur,2025-04,Ciprofloxacin,17.27
Jaipur,2025-04,Doxycycline,17.7
Jaipur,2025-04,Metronidazole,15.94
Jaipur,2025-04,Cotrimoxazole,17.59
Jaipur,2025-04,Meropenem,14.5
Jaipur,2025-05,Amoxicillin,16.98
Jaipur,2025-05,Amoxicillin-Clavulanate,18.01
Jaipur,2025-05,Azithromycin,20.69
Jaipur,2025-05,Cefixime,16.48
Jaipur,2025-05,Ceftriaxone,17.29
Jaipur,2025-05,Ciprofloxacin,18.7
Jaipur,2025-05,Doxycycline,19.93
Jaipur,2025-05,Metronidazole,18.11
Jaipur,2025-05,Cotrimoxazole,19.0
Jaipur,2025-05,Meropenem,17.38
Jaipur,2025-06,Amoxicillin,18.71
Jaipur,2025-06,Amoxicillin-Clavulanate,19.01
Jaipur,2025-06,Azithromycin,17.89
Jaipur,2025-06,Cefixime,19.82
Jaipur,2025-06,Ceftriaxone,17.45
Jaipur,2025-06,Ciprofloxacin,20.0
Jaipur,2025-06,Doxycycline,18.56
Jaipur,2025-06,Metronidazole,18.18
Jaipur,2025-06,Cotrimoxazole,16.96
Jaipur,2025-06,Meropenem,17.19
Jaipur,2025-07,Amoxicillin,20.78
Jaipur,2025-07,Amoxicillin-Clavulanate,18.88
Jaipur,2025-07,Azithromycin,19.11
Jaipur,2025-07,Cefixime,18.24
Jaipur,2025-07,Ceftriaxone,19.38
Jaipur,2025-07,Ciprofloxacin,17.7
Jaipur,2025-07,Doxycycline,18.81
Jaipur,2025-07,Metronidazole,19.01
Jaipur,2025-07,Cotrimoxazole,19.31
Jaipur,2025-07,Meropenem,17.45
Jaipur,2025-08,Amoxicillin,19.23
Jaipur,2025-08,Amoxicillin-Clavulanate,19.84
Jaipur,2025-08,Azithromycin,18.71
Jaipur,2025-08,Cefixime,19.04
Jaipur,2025-08,Ceftriaxone,21.65
Jaipur,2025-08,Ciprofloxacin,18.31
Jaipur,2025-08,Doxycycline,20.03
Jaipur,2025-08,Metronidazole,17.47
Jaipur,2025-08,Cotrimoxazole,19.82
Jaipur,2025-08,Meropenem,19.37
Jaipur,2025-09,Amoxicillin,18.83
Jaipur,2025-09,Amoxicillin-Clavulanate,17.71
Jaipur,2025-09,Azithromycin,16.58
Jaipur,2025-09,Cefixime,18.47
Jaipur,2025-09,Ceftriaxone,19.92
Jaipur,2025-09,Ciprofloxacin,17.96
Jaipur,2025-09,Doxycycline,18.76
Jaipur,2025-09,Metronidazole,16.93
Jaipur,2025-09,Cotrimoxazole,18.64
Jaipur,2025-09,Meropenem,17.14
Jaipur,2025-10,Amoxicillin,19.24
Jaipur,2025-10,Amoxicillin-Clavulanate,18.44
Jaipur,2025-10,Azithromycin,17.39
Jaipur,2025-10,Cefixime,18.36
Jaipur,2025-10,Ceftriaxone,18.25
Jaipur,2025-10,Ciprofloxacin,17.64
Jaipur,2025-10,Doxycycline,19.79
Jaipur,2025-10,Metronidazole,18.1
Jaipur,2025-10,Cotrimoxazole,16.42
Jaipur,2025-10,Meropenem,17.67
Jaipur,2025-11,Amoxicillin,19.97
Jaipur,2025-11,Amoxicillin-Clavulanate,17.8
Jaipur,2025-11,Azithromycin,20.01
Jaipur,2025-11,Cefixime,17.79
Jaipur,2025-11,Ceftriaxone,19.47
Jaipur,2025-11,Ciprofloxacin,19.88
Jaipur,2025-11,Doxycycline,18.77
Jaipur,2025-11,Metronidazole,16.67
Jaipur,2025-11,Cotrimoxazole,17.47
Jaipur,2025-11,Meropenem,19.33
Jaipur,2025-12,Amoxicillin,18.16
Jaipur,2025-12,Amoxicillin-Clavulanate,19.79
Jaipur,2025-12,Azithromycin,17.97
Jaipur,2025-12,Cefixime,18.97
Jaipur,2025-12,Ceftriaxone,17.48
Jaipur,2025-12,Ciprofloxacin,18.15
Jaipur,2025-12,Doxycycline,17.39
Jaipur,2025-12,Metronidazole,18.51
Jaipur,2025-12,Cotrimoxazole,18.69
Jaipur,2025-12,Meropenem,18.63
Lucknow,2024-01,Amoxicillin,18.69
Lucknow,2024-01,Amoxicillin-Clavulanate,17.81
Lucknow,2024-01,Azithromycin,18.69
Lucknow,2024-01,Cefixime,17.81
Lucknow,2024-01,Ceftriaxone,20.36
Lucknow,2024-01,Ciprofloxacin,18.82
Lucknow,2024-01,Doxycycline,18.01
Lucknow,2024-01,Metronidazole,18.76
Lucknow,2024-01,Cotrimoxazole,18.57
Lucknow,2024-01,Meropenem,16.26
Lucknow,2024-02,Amoxicillin,18.15
Lucknow,2024-02,Amoxicillin-Clavulanate,20.08
Lucknow,2024-02,Azithromycin,18.66
Lucknow,2024-02,Cefixime,17.18
Lucknow,2024-02,Ceftriaxone,19.65
Lucknow,2024-02,Ciprofloxacin,18.42
Lucknow,2024-02,Doxycycline,17.5
Lucknow,2024-02,Metronidazole,17.08
Lucknow,2024-02,Cotrimoxazole,19.85
Lucknow,2024-02,Meropenem,16.01
Lucknow,2024-03,Amoxicillin,19.26
Lucknow,2024-03,Amoxicillin-Clavulanate,19.88
Lucknow,2024-03,Azithromycin,21.11
Lucknow,2024-03,Cefixime,20.48
Lucknow,2024-03,Ceftriaxone,19.19
Lucknow,2024-03,Ciprofloxacin,21.55
Lucknow,2024-03,Doxycycline,17.76
Lucknow,2024-03,Metronidazole,19.42
Lucknow,2024-03,Cotrimoxazole,20.1
Lucknow,2024-03,Meropenem,17.98
Lucknow,2024-04,Amoxicillin,21.56
Lucknow,2024-04,Amoxicillin-Clavulanate,19.78
Lucknow,2024-04,Azithromycin,20.72
Lucknow,2024-04,Cefixime,18.45
Lucknow,2024-04,Ceftriaxone,21.1
Lucknow,2024-04,Ciprofloxacin,20.02
Lucknow,2024-04,Doxycycline,21.1
Lucknow,2024-04,Metronidazole,19.65
Lucknow,2024-04,Cotrimoxazole,21.53
Lucknow,2024-04,Meropenem,20.07
Lucknow,2024-05,Amoxicillin,20.85
Lucknow,2024-05,Amoxicillin-Clavulanate,21.4
Lucknow,2024-05,Azithromycin,21.02
Lucknow,2024-05,Cefixime,21.18
Lucknow,2024-05,Ceftriaxone,18.4
Lucknow,2024-05,Ciprofloxacin,19.58
Lucknow,2024-05,Doxycycline,21.54
Lucknow,2024-05,Metronidazole,18.5
Lucknow,2024-05,Cotrimoxazole,21.31
Lucknow,2024-05,Meropenem,20.47
Lucknow,2024-06,Amoxicillin,20.3
Lucknow,2024-06,Amoxicillin-Clavulanate,18.45
Lucknow,2024-06,Azithromycin,19.63
Lucknow,2024-06,Cefixime,23.06
Lucknow,2024-06,Ceftriaxone,20.09
Lucknow,2024-06,Ciprofloxacin,19.9
Lucknow,2024-06,Doxycycline,19.03
Lucknow,2024-06,Metronidazole,21.33
Lucknow,2024-06,Cotrimoxazole,20.18
Lucknow,2024-06,Meropenem,19.11
Lucknow,2024-07,Amoxicillin,23.29
Lucknow,2024-07,Amoxicillin-Clavulanate,21.9
Lucknow,2024-07,Azithromycin,19.84
Lucknow,2024-07,Cefixime,20.05
Lucknow,2024-07,Ceftriaxone,22.94
Lucknow,2024-07,Ciprofloxacin,21.41
Lucknow,2024-07,Doxycycline,19.01
Lucknow,2024-07,Metronidazole,18.62
Lucknow,2024-07,Cotrimoxazole,19.83
Lucknow,2024-07,Meropenem,19.01
Lucknow,2024-08,Amoxicillin,19.61
Lucknow,2024-08,Amoxicillin-Clavulanate,20.17
Lucknow,2024-08,Azithromycin,19.96
Lucknow,2024-08,Cefixime,21.01
Lucknow,2024-08,Ceftriaxone,23.65
Lucknow,2024-08,Ciprofloxacin,21.23
Lucknow,2024-08,Doxycycline,20.66
Lucknow,2024-08,Metronidazole,21.26
Lucknow,2024-08,Cotrimoxazole,20.92
Lucknow,2024-08,Meropenem,20.94
Lucknow,2024-09,Amoxicillin,22.06
Lucknow,2024-09,Amoxicillin-Clavulanate,21.41
Lucknow,2024-09,Azithromycin,23.92
Lucknow,2024-09,Cefixime,22.41
Lucknow,2024-09,Ceftriaxone,20.49
Lucknow,2024-09,Ciprofloxacin,21.82
Lucknow,2024-09,Doxycycline,19.87
Lucknow,2024-09,Metronidazole,21.1
Lucknow,2024-09,Cotrimoxazole,19.56
Lucknow,2024-09,Meropenem,19.19
Lucknow,2024-10,Amoxicillin,21.91
Lucknow,2024-10,Amoxicillin-Clavulanate,22.17
Lucknow,2024-10,Azithromycin,21.24
Lucknow,2024-10,Cefixime,22.15
Lucknow,2024-10,Ceftriaxone,21.88
Lucknow,2024-10,Ciprofloxacin,21.4
Lucknow,2024-10,Doxycycline,20.0
Lucknow,2024-10,Metronidazole,21.32
Lucknow,2024-10,Cotrimoxazole,22.01
Lucknow,2024-10,Meropenem,20.16
Lucknow,2024-11,Amoxicillin,21.36
Lucknow,2024-11,Amoxicillin-Clavulanate,22.79
Lucknow,2024-11,Azithromycin,20.62
Lucknow,2024-11,Cefixime,21.25
Lucknow,2024-11,Ceftriaxone,21.96
Lucknow,2024-11,Ciprofloxacin,21.06
Lucknow,2024-11,Doxycycline,19.62
Lucknow,2024-11,Metronidazole,20.8
Lucknow,2024-11,Cotrimoxazole,20.8
Lucknow,2024-11,Meropenem,22.22
Lucknow,2024-12,Amoxicillin,22.38
Lucknow,2024-12,Amoxicillin-Clavulanate,20.41
Lucknow,2024-12,Azithromycin,21.48
Lucknow,2024-12,Cefixime,21.53
Lucknow,2024-12,Ceftriaxone,22.89
Lucknow,2024-12,Ciprofloxacin,20.61
Lucknow,2024-12,Doxycycline,20.75
Lucknow,2024-12,Metronidazole,20.31
Lucknow,2024-12,Cotrimoxazole,20.93
Lucknow,2024-12,Meropenem,19.25
Lucknow,2025-01,Amoxicillin,22.2
Lucknow,2025-01,Amoxicillin-Clavulanate,21.57
Lucknow,2025-01,Azithromycin,22.14
Lucknow,2025-01,Cefixime,21.23
Lucknow,2025-01,Ceftriaxone,21.05
Lucknow,2025-01,Ciprofloxacin,22.11
Lucknow,2025-01,Doxycycline,19.73
Lucknow,2025-01,Metronidazole,21.67
Lucknow,2025-01,Cotrimoxazole,22.11
Lucknow,2025-01,Meropenem,21.66
Lucknow,2025-02,Amoxicillin,22.42
Lucknow,2025-02,Amoxicillin-Clavulanate,21.0
Lucknow,2025-02,Azithromycin,21.26
Lucknow,2025-02,Cefixime,22.09
Lucknow,2025-02,Ceftriaxone,21.32
Lucknow,2025-02,Ciprofloxacin,23.14
Lucknow,2025-02,Doxycycline,21.65
Lucknow,2025-02,Metronidazole,19.9
Lucknow,2025-02,Cotrimoxazole,23.41
Lucknow,2025-02,Meropenem,20.79
Lucknow,2025-03,Amoxicillin,21.49
Lucknow,2025-03,Amoxicillin-Clavulanate,21.29
Lucknow,2025-03,Azithromycin,23.43
Lucknow,2025-03,Cefixime,24.35
Lucknow,2025-03,Ceftriaxone,23.73
Lucknow,2025-03,Ciprofloxacin,23.8
Lucknow,2025-03,Doxycycline,22.99
Lucknow,2025-03,Metronidazole,22.13
Lucknow,2025-03,Cotrimoxazole,22.36
Lucknow,2025-03,Meropenem,21.9
Lucknow,2025-04,Amoxicillin,24.05
Lucknow,2025-04,Amoxicillin-Clavulanate,21.93
Lucknow,2025-04,Azithromycin,23.12
Lucknow,2025-04,Cefixime,24.49
Lucknow,2025-04,Ceftriaxone,22.94
Lucknow,2025-04,Ciprofloxacin,22.54
Lucknow,2025-04,Doxycycline,22.69
Lucknow,2025-04,Metronidazole,21.31
Lucknow,2025-04,Cotrimoxazole,21.08
Lucknow,2025-04,Meropenem,23.07
Lucknow,2025-05,Amoxicillin,23.09
Lucknow,2025-05,Amoxicillin-Clavulanate,23.1
Lucknow,2025-05,Azithromycin,21.97
Lucknow,2025-05,Cefixime,24.63
Lucknow,2025-05,Ceftriaxone,24.46
Lucknow,2025-05,Ciprofloxacin,22.96
Lucknow,2025-05,Doxycycline,21.2
Lucknow,2025-05,Metronidazole,21.97
Lucknow,2025-05,Cotrimoxazole,23.49
Lucknow,2025-05,Meropenem,22.34
Lucknow,2025-06,Amoxicillin,24.41
Lucknow,2025-06,Amoxicillin-Clavulanate,23.99
Lucknow,2025-06,Azithromycin,24.14
Lucknow,2025-06,Cefixime,23.86
Lucknow,2025-06,Ceftriaxone,24.71
Lucknow,2025-06,Ciprofloxacin,22.82
Lucknow,2025-06,Doxycycline,25.96
Lucknow,2025-06,Metronidazole,22.69
Lucknow,2025-06,Cotrimoxazole,23.75
Lucknow,2025-06,Meropenem,23.39
Lucknow,2025-07,Amoxicillin,24.14
Lucknow,2025-07,Amoxicillin-Clavulanate,24.06
Lucknow,2025-07,Azithromycin,23.59
Lucknow,2025-07,Cefixime,23.2
Lucknow,2025-07,Ceftriaxone,25.0
Lucknow,2025-07,Ciprofloxacin,22.39
Lucknow,2025-07,Doxycycline,25.36
Lucknow,2025-07,Metronidazole,24.15
Lucknow,2025-07,Cotrimoxazole,24.52
Lucknow,2025-07,Meropenem,21.14
Lucknow,2025-08,Amoxicillin,23.87
Lucknow,2025-08,Amoxicillin-Clavulanate,25.73
Lucknow,2025-08,Azithromycin,28.3
Lucknow,2025-08,Cefixime,25.67
Lucknow,2025-08,Ceftriaxone,25.8
Lucknow,2025-08,Ciprofloxacin,24.93
Lucknow,2025-08,Doxycycline,22.65
Lucknow,2025-08,Metronidazole,24.52
Lucknow,2025-08,Cotrimoxazole,22.75
Lucknow,2025-08,Meropenem,21.86
Lucknow,2025-09,Amoxicillin,23.4
Lucknow,2025-09,Amoxicillin-Clavulanate,25.33
Lucknow,2025-09,Azithromycin,23.73
Lucknow,2025-09,Cefixime,24.52
Lucknow,2025-09,Ceftriaxone,24.7
Lucknow,2025-09,Ciprofloxacin,23.17
Lucknow,2025-09,Doxycycline,22.9
Lucknow,2025-09,Metronidazole,22.8
Lucknow,2025-09,Cotrimoxazole,22.48
Lucknow,2025-09,Meropenem,22.7
Lucknow,2025-10,Amoxicillin,23.7
Lucknow,2025-10,Amoxicillin-Clavulanate,24.99
Lucknow,2025-10,Azithromycin,24.62
Lucknow,2025-10,Cefixime,23.08
Lucknow,2025-10,Ceftriaxone,24.49
Lucknow,2025-10,Ciprofloxacin,26.55
Lucknow,2025-10,Doxycycline,22.66
Lucknow,2025-10,Metronidazole,24.05
Lucknow,2025-10,Cotrimoxazole,24.24
Lucknow,2025-10,Meropenem,24.55
Lucknow,2025-11,Amoxicillin,24.96
Lucknow,2025-11,Amoxicillin-Clavulanate,23.63
Lucknow,2025-11,Azithromycin,23.73
Lucknow,2025-11,Cefixime,24.35
Lucknow,2025-11,Ceftriaxone,24.46
Lucknow,2025-11,Ciprofloxacin,22.81
Lucknow,2025-11,Doxycycline,24.87
Lucknow,2025-11,Metronidazole,24.52
Lucknow,2025-11,Cotrimoxazole,22.73
Lucknow,2025-11,Meropenem,22.79
Lucknow,2025-12,Amoxicillin,24.29
Lucknow,2025-12,Amoxicillin-Clavulanate,22.74
Lucknow,2025-12,Azithromycin,21.52
Lucknow,2025-12,Cefixime,23.43
Lucknow,2025-12,Ceftriaxone,24.07
Lucknow,2025-12,Ciprofloxacin,22.58
Lucknow,2025-12,Doxycycline,23.61
Lucknow,2025-12,Metronidazole,24.55
Lucknow,2025-12,Cotrimoxazole,24.72
Lucknow,2025-12,Meropenem,22.91
Chandigarh,2024-01,Amoxicillin,12.18
Chandigarh,2024-01,Amoxicillin-Clavulanate,14.77
Chandigarh,2024-01,Azithromycin,13.95
Chandigarh,2024-01,Cefixime,14.51
Chandigarh,2024-01,Ceftriaxone,16.3
Chandigarh,2024-01,Ciprofloxacin,13.14
Chandigarh,2024-01,Doxycycline,10.56
Chandigarh,2024-01,Metronidazole,12.5
Chandigarh,2024-01,Cotrimoxazole,14.42
Chandigarh,2024-01,Meropenem,13.6
Chandigarh,2024-02,Amoxicillin,12.95
Chandigarh,2024-02,Amoxicillin-Clavulanate,12.5
Chandigarh,2024-02,Azithromycin,13.49
Chandigarh,2024-02,Cefixime,12.76
Chandigarh,2024-02,Ceftriaxone,14.83
Chandigarh,2024-02,Ciprofloxacin,13.68
Chandigarh,2024-02,Doxycycline,13.12
Chandigarh,2024-02,Metronidazole,12.91
Chandigarh,2024-02,Cotrimoxazole,14.26
Chandigarh,2024-02,Meropenem,13.7
Chandigarh,2024-03,Amoxicillin,15.27
Chandigarh,2024-03,Amoxicillin-Clavulanate,15.0
Chandigarh,2024-03,Azithromycin,14.51
Chandigarh,2024-03,Cefixime,13.73
Chandigarh,2024-03,Ceftriaxone,14.21
Chandigarh,2024-03,Ciprofloxacin,14.44
Chandigarh,2024-03,Doxycycline,16.79
Chandigarh,2024-03,Metronidazole,12.96
Chandigarh,2024-03,Cotrimoxazole,14.23
Chandigarh,2024-03,Meropenem,14.45
Chandigarh,2024-04,Amoxicillin,14.97
Chandigarh,2024-04,Amoxicillin-Clavulanate,16.23
Chandigarh,2024-04,Azithromycin,14.49
Chandigarh,2024-04,Cefixime,14.86
Chandigarh,2024-04,Ceftriaxone,16.16
Chandigarh,2024-04,Ciprofloxacin,17.11
Chandigarh,2024-04,Doxycycline,16.31
Chandigarh,2024-04,Metronidazole,14.54
Chandigarh,2024-04,Cotrimoxazole,14.89
Chandigarh,2024-04,Meropenem,14.63
Chandigarh,2024-05,Amoxicillin,15.74
Chandigarh,2024-05,Amoxicillin-Clavulanate,14.39
Chandigarh,2024-05,Azithromycin,16.13
Chandigarh,2024-05,Cefixime,15.62
Chandigarh,2024-05,Ceftriaxone,15.49
Chandigarh,2024-05,Ciprofloxacin,13.99
Chandigarh,2024-05,Doxycycline,15.09
Chandigarh,2024-05,Metronidazole,12.86
Chandigarh,2024-05,Cotrimoxazole,14.57
Chandigarh,2024-05,Meropenem,14.22
Chandigarh,2024-06,Amoxicillin,16.21
Chandigarh,2024-06,Amoxicillin-Clavulanate,17.69
Chandigarh,2024-06,Azithromycin,16.02
Chandigarh,2024-06,Cefixime,17.29
Chandigarh,2024-06,Ceftriaxone,16.56
Chandigarh,2024-06,Ciprofloxacin,16.94
Chandigarh,2024-06,Doxycycline,17.36
Chandigarh,2024-06,Metronidazole,14.44
Chandigarh,2024-06,Cotrimoxazole,14.63
Chandigarh,2024-06,Meropenem,15.86
Chandigarh,2024-07,Amoxicillin,16.25
Chandigarh,2024-07,Amoxicillin-Clavulanate,16.21
Chandigarh,2024-07,Azithromycin,15.46
Chandigarh,2024-07,Cefixime,15.4
Chandigarh,2024-07,Ceftriaxone,17.99
Chandigarh,2024-07,Ciprofloxacin,14.84
Chandigarh,2024-07,Doxycycline,16.41
Chandigarh,2024-07,Metronidazole,16.15
Chandigarh,2024-07,Cotrimoxazole,14.12
Chandigarh,2024-07,Meropenem,14.54
Chandigarh,2024-08,Amoxicillin,15.6
Chandigarh,2024-08,Amoxicillin-Clavulanate,16.67
Chandigarh,2024-08,Azithromycin,15.41
Chandigarh,2024-08,Cefixime,16.04
Chandigarh,2024-08,Ceftriaxone,14.69
Chandigarh,2024-08,Ciprofloxacin,18.69
Chandigarh,2024-08,Doxycycline,15.81
Chandigarh,2024-08,Metronidazole,16.2
Chandigarh,2024-08,Cotrimoxazole,15.34
Chandigarh,2024-08,Meropenem,14.82
Chandigarh,2024-09,Amoxicillin,18.67
Chandigarh,2024-09,Amoxicillin-Clavulanate,14.18
Chandigarh,2024-09,Azithromycin,16.35
Chandigarh,2024-09,Cefixime,15.03
Chandigarh,2024-09,Ceftriaxone,16.08
Chandigarh,2024-09,Ciprofloxacin,15.66
Chandigarh,2024-09,Doxycycline,14.88
Chandigarh,2024-09,Metronidazole,15.92
Chandigarh,2024-09,Cotrimoxazole,13.34
Chandigarh,2024-09,Meropenem,15.41
Chandigarh,2024-10,Amoxicillin,16.37
Chandigarh,2024-10,Amoxicillin-Clavulanate,14.7
Chandigarh,2024-10,Azithromycin,17.62
Chandigarh,2024-10,Cefixime,15.62
Chandigarh,2024-10,Ceftriaxone,16.17
Chandigarh,2024-10,Ciprofloxacin,15.62
Chandigarh,2024-10,Doxycycline,15.79
Chandigarh,2024-10,Metronidazole,17.24
Chandigarh,2024-10,Cotrimoxazole,18.8
Chandigarh,2024-10,Meropenem,16.5
Chandigarh,2024-11,Amoxicillin,17.57
Chandigarh,2024-11,Amoxicillin-Clavulanate,17.99
Chandigarh,2024-11,Azithromycin,16.14
Chandigarh,2024-11,Cefixime,17.91
Chandigarh,2024-11,Ceftriaxone,17.2
Chandigarh,2024-11,Ciprofloxacin,16.34
Chandigarh,2024-11,Doxycycline,16.18
Chandigarh,2024-11,Metronidazole,13.71
Chandigarh,2024-11,Cotrimoxazole,16.31
Chandigarh,2024-11,Meropenem,13.9
Chandigarh,2024-12,Amoxicillin,14.45
Chandigarh,2024-12,Amoxicillin-Clavulanate,16.19
Chandigarh,2024-12,Azithromycin,14.53
Chandigarh,2024-12,Cefixime,16.04
Chandigarh,2024-12,Ceftriaxone,16.35
Chandigarh,2024-12,Ciprofloxacin,16.25
Chandigarh,2024-12,Doxycycline,14.68
Chandigarh,2024-12,Metronidazole,16.59
Chandigarh,2024-12,Cotrimoxazole,15.77
Chandigarh,2024-12,Meropenem,15.98
Chandigarh,2025-01,Amoxicillin,14.92
Chandigarh,2025-01,Amoxicillin-Clavulanate,15.78
Chandigarh,2025-01,Azithromycin,16.96
Chandigarh,2025-01,Cefixime,17.12
Chandigarh,2025-01,Ceftriaxone,15.32
Chandigarh,2025-01,Ciprofloxacin,15.45
Chandigarh,2025-01,Doxycycline,14.59
Chandigarh,2025-01,Metronidazole,14.88
Chandigarh,2025-01,Cotrimoxazole,14.33
Chandigarh,2025-01,Meropenem,15.34
Chandigarh,2025-02,Amoxicillin,16.97
Chandigarh,2025-02,Amoxicillin-Clavulanate,15.16
Chandigarh,2025-02,Azithromycin,15.7
Chandigarh,2025-02,Cefixime,15.85
Chandigarh,2025-02,Ceftriaxone,17.4
Chandigarh,2025-02,Ciprofloxacin,15.42
Chandigarh,2025-02,Doxycycline,15.1
Chandigarh,2025-02,Metronidazole,14.72
Chandigarh,2025-02,Cotrimoxazole,14.66
Chandigarh,2025-02,Meropenem,16.13
Chandigarh,2025-03,Amoxicillin,16.68
Chandigarh,2025-03,Amoxicillin-Clavulanate,16.62
Chandigarh,2025-03,Azithromycin,17.73
Chandigarh,2025-03,Cefixime,18.1
Chandigarh,2025-03,Ceftriaxone,14.98
Chandigarh,2025-03,Ciprofloxacin,17.35
Chandigarh,2025-03,Doxycycline,16.5
Chandigarh,2025-03,Metronidazole,15.66
Chandigarh,2025-03,Cotrimoxazole,16.8
Chandigarh,2025-03,Meropenem,14.15
Chandigarh,2025-04,Amoxicillin,18.89
Chandigarh,2025-04,Amoxicillin-Clavulanate,17.56
Chandigarh,2025-04,Azithromycin,15.79
Chandigarh,2025-04,Cefixime,16.43
Chandigarh,2025-04,Ceftriaxone,15.36
Chandigarh,2025-04,Ciprofloxacin,16.73
Chandigarh,2025-04,Doxycycline,16.13
Chandigarh,2025-04,Metronidazole,15.13
Chandigarh,2025-04,Cotrimoxazole,17.72
Chandigarh,2025-04,Meropenem,17.86
Chandigarh,2025-05,Amoxicillin,17.94
Chandigarh,2025-05,Amoxicillin-Clavulanate,17.32
Chandigarh,2025-05,Azithromycin,17.87
Chandigarh,2025-05,Cefixime,17.73
Chandigarh,2025-05,Ceftriaxone,16.73
Chandigarh,2025-05,Ciprofloxacin,17.03
Chandigarh,2025-05,Doxycycline,16.98
Chandigarh,2025-05,Metronidazole,17.49
Chandigarh,2025-05,Cotrimoxazole,17.54
Chandigarh,2025-05,Meropenem,17.32
Chandigarh,2025-06,Amoxicillin,16.95
Chandigarh,2025-06,Amoxicillin-Clavulanate,19.03
Chandigarh,2025-06,Azithromycin,18.02
Chandigarh,2025-06,Cefixime,21.2
Chandigarh,2025-06,Ceftriaxone,18.16
Chandigarh,2025-06,Ciprofloxacin,18.75
Chandigarh,2025-06,Doxycycline,21.04
Chandigarh,2025-06,Metronidazole,18.05
Chandigarh,2025-06,Cotrimoxazole,18.09
Chandigarh,2025-06,Meropenem,16.61
Chandigarh,2025-07,Amoxicillin,20.75
Chandigarh,2025-07,Amoxicillin-Clavulanate,17.46
Chandigarh,2025-07,Azithromycin,18.91
Chandigarh,2025-07,Cefixime,18.31
Chandigarh,2025-07,Ceftriaxone,18.82
Chandigarh,2025-07,Ciprofloxacin,17.26
Chandigarh,2025-07,Doxycycline,19.82
Chandigarh,2025-07,Metronidazole,17.94
Chandigarh,2025-07,Cotrimoxazole,17.25
Chandigarh,2025-07,Meropenem,19.48
Chandigarh,2025-08,Amoxicillin,18.48
Chandigarh,2025-08,Amoxicillin-Clavulanate,19.07
Chandigarh,2025-08,Azithromycin,19.34
Chandigarh,2025-08,Cefixime,19.32
Chandigarh,2025-08,Ceftriaxone,16.57
Chandigarh,2025-08,Ciprofloxacin,19.56
Chandigarh,2025-08,Doxycycline,18.2
Chandigarh,2025-08,Metronidazole,17.86
Chandigarh,2025-08,Cotrimoxazole,18.44
Chandigarh,2025-08,Meropenem,16.3
Chandigarh,2025-09,Amoxicillin,19.1
Chandigarh,2025-09,Amoxicillin-Clavulanate,17.06
Chandigarh,2025-09,Azithromycin,17.96
Chandigarh,2025-09,Cefixime,18.83
Chandigarh,2025-09,Ceftriaxone,20.02
Chandigarh,2025-09,Ciprofloxacin,17.75
Chandigarh,2025-09,Doxycycline,19.78
Chandigarh,2025-09,Metronidazole,19.13
Chandigarh,2025-09,Cotrimoxazole,17.95
Chandigarh,2025-09,Meropenem,16.73
Chandigarh,2025-10,Amoxicillin,17.12
Chandigarh,2025-10,Amoxicillin-Clavulanate,18.69
Chandigarh,2025-10,Azithromycin,17.31
Chandigarh,2025-10,Cefixime,19.8
Chandigarh,2025-10,Ceftriaxone,17.92
Chandigarh,2025-10,Ciprofloxacin,17.49
Chandigarh,2025-10,Doxycycline,18.29
Chandigarh,2025-10,Metronidazole,17.18
Chandigarh,2025-10,Cotrimoxazole,18.27
Chandigarh,2025-10,Meropenem,18.89
Chandigarh,2025-11,Amoxicillin,18.59
Chandigarh,2025-11,Amoxicillin-Clavulanate,18.28
Chandigarh,2025-11,Azithromycin,18.11
Chandigarh,2025-11,Cefixime,16.37
Chandigarh,2025-11,Ceftriaxone,18.84
Chandigarh,2025-11,Ciprofloxacin,18.41
Chandigarh,2025-11,Doxycycline,18.78
Chandigarh,2025-11,Metronidazole,18.38
Chandigarh,2025-11,Cotrimoxazole,17.8
Chandigarh,2025-11,Meropenem,18.72
Chandigarh,2025-12,Amoxicillin,18.01
Chandigarh,2025-12,Amoxicillin-Clavulanate,18.31
Chandigarh,2025-12,Azithromycin,17.44
Chandigarh,2025-12,Cefixime,18.63
Chandigarh,2025-12,Ceftriaxone,17.88
Chandigarh,2025-12,Ciprofloxacin,19.93
Chandigarh,2025-12,Doxycycline,19.91
Chandigarh,2025-12,Metronidazole,18.57
Chandigarh,2025-12,Cotrimoxazole,19.6
Chandigarh,2025-12,Meropenem,15.79
Patna,2024-01,Amoxicillin,18.23
Patna,2024-01,Amoxicillin-Clavulanate,19.02
Patna,2024-01,Azithromycin,19.05
Patna,2024-01,Cefixime,19.27
Patna,2024-01,Ceftriaxone,17.93
Patna,2024-01,Ciprofloxacin,20.76
Patna,2024-01,Doxycycline,21.26
Patna,2024-01,Metronidazole,20.17
Patna,2024-01,Cotrimoxazole,20.38
Patna,2024-01,Meropenem,18.83
Patna,2024-02,Amoxicillin,18.95
Patna,2024-02,Amoxicillin-Clavulanate,19.54
Patna,2024-02,Azithromycin,21.41
Patna,2024-02,Cefixime,19.19
Patna,2024-02,Ceftriaxone,19.32
Patna,2024-02,Ciprofloxacin,20.8
Patna,2024-02,Doxycycline,20.26
Patna,2024-02,Metronidazole,17.92
Patna,2024-02,Cotrimoxazole,18.99
Patna,2024-02,Meropenem,18.12
Patna,2024-03,Amoxicillin,20.25
Patna,2024-03,Amoxicillin-Clavulanate,20.96
Patna,2024-03,Azithromycin,18.49
Patna,2024-03,Cefixime,21.07
Patna,2024-03,Ceftriaxone,20.23
Patna,2024-03,Ciprofloxacin,22.43
Patna,2024-03,Doxycycline,19.6
Patna,2024-03,Metronidazole,19.02
Patna,2024-03,Cotrimoxazole,20.19
Patna,2024-03,Meropenem,18.57
Patna,2024-04,Amoxicillin,18.63
Patna,2024-04,Amoxicillin-Clavulanate,19.9
Patna,2024-04,Azithromycin,19.5
Patna,2024-04,Cefixime,18.54
Patna,2024-04,Ceftriaxone,20.46
Patna,2024-04,Ciprofloxacin,18.01
Patna,2024-04,Doxycycline,19.27
Patna,2024-04,Metronidazole,19.8
Patna,2024-04,Cotrimoxazole,20.08
Patna,2024-04,Meropenem,18.89
Patna,2024-05,Amoxicillin,21.09
Patna,2024-05,Amoxicillin-Clavulanate,19.86
Patna,2024-05,Azithromycin,20.34
Patna,2024-05,Cefixime,20.92
Patna,2024-05,Ceftriaxone,20.13
Patna,2024-05,Ciprofloxacin,21.15
Patna,2024-05,Doxycycline,20.48
Patna,2024-05,Metronidazole,19.88
Patna,2024-05,Cotrimoxazole,23.19
Patna,2024-05,Meropenem,19.71
Patna,2024-06,Amoxicillin,21.28
Patna,2024-06,Amoxicillin-Clavulanate,20.66
Patna,2024-06,Azithromycin,19.65
Patna,2024-06,Cefixime,22.01
Patna,2024-06,Ceftriaxone,20.77
Patna,2024-06,Ciprofloxacin,20.63
Patna,2024-06,Doxycycline,19.99
Patna,2024-06,Metronidazole,19.36
Patna,2024-06,Cotrimoxazole,18.99
Patna,2024-06,Meropenem,19.73
Patna,2024-07,Amoxicillin,23.03
Patna,2024-07,Amoxicillin-Clavulanate,21.8
Patna,2024-07,Azithromycin,22.88
Patna,2024-07,Cefixime,22.55
Patna,2024-07,Ceftriaxone,22.58
Patna,2024-07,Ciprofloxacin,23.79
Patna,2024-07,Doxycycline,20.92
Patna,2024-07,Metronidazole,20.96
Patna,2024-07,Cotrimoxazole,21.36
Patna,2024-07,Meropenem,22.38
Patna,2024-08,Amoxicillin,22.33
Patna,2024-08,Amoxicillin-Clavulanate,21.12
Patna,2024-08,Azithromycin,22.06
Patna,2024-08,Cefixime,21.08
Patna,2024-08,Ceftriaxone,22.84
Patna,2024-08,Ciprofloxacin,22.43
Patna,2024-08,Doxycycline,21.06
Patna,2024-08,Metronidazole,21.75
Patna,2024-08,Cotrimoxazole,19.99
Patna,2024-08,Meropenem,21.1
Patna,2024-09,Amoxicillin,21.96
Patna,2024-09,Amoxicillin-Clavulanate,25.12
Patna,2024-09,Azithromycin,21.72
Patna,2024-09,Cefixime,21.46
Patna,2024-09,Ceftriaxone,20.88
Patna,2024-09,Ciprofloxacin,23.55
Patna,2024-09,Doxycycline,21.03
Patna,2024-09,Metronidazole,20.4
Patna,2024-09,Cotrimoxazole,22.13
Patna,2024-09,Meropenem,21.77
Patna,2024-10,Amoxicillin,22.97
Patna,2024-10,Amoxicillin-Clavulanate,21.81
Patna,2024-10,Azithromycin,21.54
Patna,2024-10,Cefixime,22.18
Patna,2024-10,Ceftriaxone,22.57
Patna,2024-10,Ciprofloxacin,22.39
Patna,2024-10,Doxycycline,22.44
Patna,2024-10,Metronidazole,21.16
Patna,2024-10,Cotrimoxazole,20.68
Patna,2024-10,Meropenem,20.73
Patna,2024-11,Amoxicillin,22.96
Patna,2024-11,Amoxicillin-Clavulanate,19.69
Patna,2024-11,Azithromycin,19.29
Patna,2024-11,Cefixime,22.8
Patna,2024-11,Ceftriaxone,23.74
Patna,2024-11,Ciprofloxacin,20.4
Patna,2024-11,Doxycycline,21.22
Patna,2024-11,Metronidazole,20.54
Patna,2024-11,Cotrimoxazole,21.17
Patna,2024-11,Meropenem,21.11
Patna,2024-12,Amoxicillin,20.79
Patna,2024-12,Amoxicillin-Clavulanate,20.52
Patna,2024-12,Azithromycin,21.0
Patna,2024-12,Cefixime,21.72
Patna,2024-12,Ceftriaxone,20.91
Patna,2024-12,Ciprofloxacin,22.74
Patna,2024-12,Doxycycline,20.74
Patna,2024-12,Metronidazole,20.6
Patna,2024-12,Cotrimoxazole,21.85
Patna,2024-12,Meropenem,20.71
Patna,2025-01,Amoxicillin,23.27
Patna,2025-01,Amoxicillin-Clavulanate,20.84
Patna,2025-01,Azithromycin,19.92
Patna,2025-01,Cefixime,21.66
Patna,2025-01,Ceftriaxone,22.34
Patna,2025-01,Ciprofloxacin,20.64
Patna,2025-01,Doxycycline,19.8
Patna,2025-01,Metronidazole,21.39
Patna,2025-01,Cotrimoxazole,20.83
Patna,2025-01,Meropenem,19.38
Patna,2025-02,Amoxicillin,23.7
Patna,2025-02,Amoxicillin-Clavulanate,21.46
Patna,2025-02,Azithromycin,23.0
Patna,2025-02,Cefixime,22.32
Patna,2025-02,Ceftriaxone,22.89
Patna,2025-02,Ciprofloxacin,22.06
Patna,2025-02,Doxycycline,18.68
Patna,2025-02,Metronidazole,20.21
Patna,2025-02,Cotrimoxazole,21.8
Patna,2025-02,Meropenem,21.65
Patna,2025-03,Amoxicillin,21.24
Patna,2025-03,Amoxicillin-Clavulanate,22.65
Patna,2025-03,Azithromycin,21.04
Patna,2025-03,Cefixime,23.11
Patna,2025-03,Ceftriaxone,23.12
Patna,2025-03,Ciprofloxacin,23.67
Patna,2025-03,Doxycycline,23.31
Patna,2025-03,Metronidazole,22.5
Patna,2025-03,Cotrimoxazole,23.44
Patna,2025-03,Meropenem,21.39
Patna,2025-04,Amoxicillin,27.02
Patna,2025-04,Amoxicillin-Clavulanate,22.05
Patna,2025-04,Azithromycin,22.36
Patna,2025-04,Cefixime,24.53
Patna,2025-04,Ceftriaxone,24.67
Patna,2025-04,Ciprofloxacin,24.07
Patna,2025-04,Doxycycline,23.53
Patna,2025-04,Metronidazole,20.35
Patna,2025-04,Cotrimoxazole,24.91
Patna,2025-04,Meropenem,22.19
Patna,2025-05,Amoxicillin,25.81
Patna,2025-05,Amoxicillin-Clavulanate,21.66
Patna,2025-05,Azithromycin,23.72
Patna,2025-05,Cefixime,23.43
Patna,2025-05,Ceftriaxone,24.99
Patna,2025-05,Ciprofloxacin,24.4
Patna,2025-05,Doxycycline,23.68
Patna,2025-05,Metronidazole,21.96
Patna,2025-05,Cotrimoxazole,23.6
Patna,2025-05,Meropenem,22.7
Patna,2025-06,Amoxicillin,25.52
Patna,2025-06,Amoxicillin-Clavulanate,25.51
Patna,2025-06,Azithromycin,24.11
Patna,2025-06,Cefixime,23.18
Patna,2025-06,Ceftriaxone,25.02
Patna,2025-06,Ciprofloxacin,27.45
Patna,2025-06,Doxycycline,25.59
Patna,2025-06,Metronidazole,20.35
Patna,2025-06,Cotrimoxazole,24.25
Patna,2025-06,Meropenem,24.41
Patna,2025-07,Amoxicillin,25.11
Patna,2025-07,Amoxicillin-Clavulanate,24.24
Patna,2025-07,Azithromycin,23.97
Patna,2025-07,Cefixime,25.52
Patna,2025-07,Ceftriaxone,23.97
Patna,2025-07,Ciprofloxacin,26.22
Patna,2025-07,Doxycycline,24.04
Patna,2025-07,Metronidazole,22.91
Patna,2025-07,Cotrimoxazole,25.74
Patna,2025-07,Meropenem,22.0
Patna,2025-08,Amoxicillin,24.99
Patna,2025-08,Amoxicillin-Clavulanate,24.4
Patna,2025-08,Azithromycin,26.89
Patna,2025-08,Cefixime,24.43
Patna,2025-08,Ceftriaxone,23.14
Patna,2025-08,Ciprofloxacin,24.55
Patna,2025-08,Doxycycline,24.87
Patna,2025-08,Metronidazole,25.07
Patna,2025-08,Cotrimoxazole,27.28
Patna,2025-08,Meropenem,25.51
Patna,2025-09,Amoxicillin,25.56
Patna,2025-09,Amoxicillin-Clavulanate,23.82
Patna,2025-09,Azithromycin,26.1
Patna,2025-09,Cefixime,24.55
Patna,2025-09,Ceftriaxone,24.55
Patna,2025-09,Ciprofloxacin,24.5
Patna,2025-09,Doxycycline,22.78
Patna,2025-09,Metronidazole,23.48
Patna,2025-09,Cotrimoxazole,24.3
Patna,2025-09,Meropenem,24.56
Patna,2025-10,Amoxicillin,24.84
Patna,2025-10,Amoxicillin-Clavulanate,23.31
Patna,2025-10,Azithromycin,22.47
Patna,2025-10,Cefixime,25.1
Patna,2025-10,Ceftriaxone,25.26
Patna,2025-10,Ciprofloxacin,24.26
Patna,2025-10,Doxycycline,23.56
Patna,2025-10,Metronidazole,24.34
Patna,2025-10,Cotrimoxazole,26.0
Patna,2025-10,Meropenem,22.82
Patna,2025-11,Amoxicillin,25.39
Patna,2025-11,Amoxicillin-Clavulanate,25.79
Patna,2025-11,Azithromycin,23.41
Patna,2025-11,Cefixime,24.88
Patna,2025-11,Ceftriaxone,25.17
Patna,2025-11,Ciprofloxacin,23.45
Patna,2025-11,Doxycycline,24.29
Patna,2025-11,Metronidazole,23.98
Patna,2025-11,Cotrimoxazole,25.11
Patna,2025-11,Meropenem,22.41
Patna,2025-12,Amoxicillin,25.43
Patna,2025-12,Amoxicillin-Clavulanate,26.39
Patna,2025-12,Azithromycin,26.68
Patna,2025-12,Cefixime,26.43
Patna,2025-12,Ceftriaxone,24.05
Patna,2025-12,Ciprofloxacin,25.52
Patna,2025-12,Doxycycline,23.7
Patna,2025-12,Metronidazole,24.39
Patna,2025-12,Cotrimoxazole,23.78
Patna,2025-12,Meropenem,21.95
Bhubaneswar,2024-01,Amoxicillin,14.5
Bhubaneswar,2024-01,Amoxicillin-Clavulanate,15.42
Bhubaneswar,2024-01,Azithromycin,14.74
Bhubaneswar,2024-01,Cefixime,15.14
Bhubaneswar,2024-01,Ceftriaxone,15.08
Bhubaneswar,2024-01,Ciprofloxacin,15.15
Bhubaneswar,2024-01,Doxycycline,14.93
Bhubaneswar,2024-01,Metronidazole,13.98
Bhubaneswar,2024-01,Cotrimoxazole,14.62
Bhubaneswar,2024-01,Meropenem,16.09
Bhubaneswar,2024-02,Amoxicillin,15.12
Bhubaneswar,2024-02,Amoxicillin-Clavulanate,14.76
Bhubaneswar,2024-02,Azithromycin,14.62
Bhubaneswar,2024-02,Cefixime,14.55
Bhubaneswar,2024-02,Ceftriaxone,14.45
Bhubaneswar,2024-02,Ciprofloxacin,15.02
Bhubaneswar,2024-02,Doxycycline,13.88
Bhubaneswar,2024-02,Metronidazole,14.2
Bhubaneswar,2024-02,Cotrimoxazole,13.74
Bhubaneswar,2024-02,Meropenem,14.38
Bhubaneswar,2024-03,Amoxicillin,16.82
Bhubaneswar,2024-03,Amoxicillin-Clavulanate,15.65
Bhubaneswar,2024-03,Azithromycin,13.43
Bhubaneswar,2024-03,Cefixime,16.62
Bhubaneswar,2024-03,Ceftriaxone,16.27
Bhubaneswar,2024-03,Ciprofloxacin,14.88
Bhubaneswar,2024-03,Doxycycline,16.41
Bhubaneswar,2024-03,Metronidazole,13.94
Bhubaneswar,2024-03,Cotrimoxazole,16.91
Bhubaneswar,2024-03,Meropenem,15.29
Bhubaneswar,2024-04,Amoxicillin,14.35
Bhubaneswar,2024-04,Amoxicillin-Clavulanate,16.74
Bhubaneswar,2024-04,Azithromycin,15.83
Bhubaneswar,2024-04,Cefixime,16.02
Bhubaneswar,2024-04,Ceftriaxone,15.99
Bhubaneswar,2024-04,Ciprofloxacin,16.49
Bhubaneswar,2024-04,Doxycycline,15.66
Bhubaneswar,2024-04,Metronidazole,14.06
Bhubaneswar,2024-04,Cotrimoxazole,17.81
Bhubaneswar,2024-04,Meropenem,15.7
Bhubaneswar,2024-05,Amoxicillin,16.51
Bhubaneswar,2024-05,Amoxicillin-Clavulanate,15.75
Bhubaneswar,2024-05,Azithromycin,17.57
Bhubaneswar,2024-05,Cefixime,15.66
Bhubaneswar,2024-05,Ceftriaxone,17.42
Bhubaneswar,2024-05,Ciprofloxacin,16.44
Bhubaneswar,2024-05,Doxycycline,16.05
Bhubaneswar,2024-05,Metronidazole,15.32
Bhubaneswar,2024-05,Cotrimoxazole,16.17
Bhubaneswar,2024-05,Meropenem,16.41
Bhubaneswar,2024-06,Amoxicillin,17.89
Bhubaneswar,2024-06,Amoxicillin-Clavulanate,16.44
Bhubaneswar,2024-06,Azithromycin,16.92
Bhubaneswar,2024-06,Cefixime,18.37
Bhubaneswar,2024-06,Ceftriaxone,15.76
Bhubaneswar,2024-06,Ciprofloxacin,17.39
Bhubaneswar,2024-06,Doxycycline,15.88
Bhubaneswar,2024-06,Metronidazole,15.67
Bhubaneswar,2024-06,Cotrimoxazole,17.45
Bhubaneswar,2024-06,Meropenem,16.09
Bhubaneswar,2024-07,Amoxicillin,16.89
Bhubaneswar,2024-07,Amoxicillin-Clavulanate,19.34
Bhubaneswar,2024-07,Azithromycin,18.59
Bhubaneswar,2024-07,Cefixime,15.85
Bhubaneswar,2024-07,Ceftriaxone,16.56
Bhubaneswar,2024-07,Ciprofloxacin,18.63
Bhubaneswar,2024-07,Doxycycline,17.17
Bhubaneswar,2024-07,Metronidazole,19.03
Bhubaneswar,2024-07,Cotrimoxazole,18.41
Bhubaneswar,2024-07,Meropenem,17.56
Bhubaneswar,2024-08,Amoxicillin,17.11
Bhubaneswar,2024-08,Amoxicillin-Clavulanate,18.43
Bhubaneswar,2024-08,Azithromycin,16.19
Bhubaneswar,2024-08,Cefixime,19.43
Bhubaneswar,2024-08,Ceftriaxone,18.65
Bhubaneswar,2024-08,Ciprofloxacin,17.08
Bhubaneswar,2024-08,Doxycycline,18.38
Bhubaneswar,2024-08,Metronidazole,19.86
Bhubaneswar,2024-08,Cotrimoxazole,17.5
Bhubaneswar,2024-08,Meropenem,17.85
Bhubaneswar,2024-09,Amoxicillin,17.67
Bhubaneswar,2024-09,Amoxicillin-Clavulanate,17.9
Bhubaneswar,2024-09,Azithromycin,15.86
Bhubaneswar,2024-09,Cefixime,17.91
Bhubaneswar,2024-09,Ceftriaxone,18.15
Bhubaneswar,2024-09,Ciprofloxacin,19.88
Bhubaneswar,2024-09,Doxycycline,15.45
Bhubaneswar,2024-09,Metronidazole,17.01
Bhubaneswar,2024-09,Cotrimoxazole,19.08
Bhubaneswar,2024-09,Meropenem,16.91
Bhubaneswar,2024-10,Amoxicillin,17.69
Bhubaneswar,2024-10,Amoxicillin-Clavulanate,16.64
Bhubaneswar,2024-10,Azithromycin,16.25
Bhubaneswar,2024-10,Cefixime,15.64
Bhubaneswar,2024-10,Ceftriaxone,17.14
Bhubaneswar,2024-10,Ciprofloxacin,16.56
Bhubaneswar,2024-10,Doxycycline,17.31
Bhubaneswar,2024-10,Metronidazole,16.22
Bhubaneswar,2024-10,Cotrimoxazole,16.89
Bhubaneswar,2024-10,Meropenem,16.45
Bhubaneswar,2024-11,Amoxicillin,17.44
Bhubaneswar,2024-11,Amoxicillin-Clavulanate,16.6
Bhubaneswar,2024-11,Azithromycin,15.75
Bhubaneswar,2024-11,Cefixime,17.36
Bhubaneswar,2024-11,Ceftriaxone,18.62
Bhubaneswar,2024-11,Ciprofloxacin,17.41
Bhubaneswar,2024-11,Doxycycline,16.16
Bhubaneswar,2024-11,Metronidazole,16.6
Bhubaneswar,2024-11,Cotrimoxazole,14.79
Bhubaneswar,2024-11,Meropenem,16.45
Bhubaneswar,2024-12,Amoxicillin,16.85
Bhubaneswar,2024-12,Amoxicillin-Clavulanate,15.97
Bhubaneswar,2024-12,Azithromycin,15.91
Bhubaneswar,2024-12,Cefixime,16.63
Bhubaneswar,2024-12,Ceftriaxone,18.34
Bhubaneswar,2024-12,Ciprofloxacin,18.28
Bhubaneswar,2024-12,Doxycycline,15.63
Bhubaneswar,2024-12,Metronidazole,16.0
Bhubaneswar,2024-12,Cotrimoxazole,16.32
Bhubaneswar,2024-12,Meropenem,17.33
Bhubaneswar,2025-01,Amoxicillin,17.67
Bhubaneswar,2025-01,Amoxicillin-Clavulanate,17.3
Bhubaneswar,2025-01,Azithromycin,17.53
Bhubaneswar,2025-01,Cefixime,16.63
Bhubaneswar,2025-01,Ceftriaxone,18.96
Bhubaneswar,2025-01,Ciprofloxacin,17.29
Bhubaneswar,2025-01,Doxycycline,15.91
Bhubaneswar,2025-01,Metronidazole,16.52
Bhubaneswar,2025-01,Cotrimoxazole,18.43
Bhubaneswar,2025-01,Meropenem,16.17
Bhubaneswar,2025-02,Amoxicillin,18.71
Bhubaneswar,2025-02,Amoxicillin-Clavulanate,16.67
Bhubaneswar,2025-02,Azithromycin,16.25
Bhubaneswar,2025-02,Cefixime,18.17
Bhubaneswar,2025-02,Ceftriaxone,16.66
Bhubaneswar,2025-02,Ciprofloxacin,18.35
Bhubaneswar,2025-02,Doxycycline,17.39
Bhubaneswar,2025-02,Metronidazole,15.96
Bhubaneswar,2025-02,Cotrimoxazole,17.14
Bhubaneswar,2025-02,Meropenem,16.18
Bhubaneswar,2025-03,Amoxicillin,18.49
Bhubaneswar,2025-03,Amoxicillin-Clavulanate,19.86
Bhubaneswar,2025-03,Azithromycin,17.1
Bhubaneswar,2025-03,Cefixime,18.46
Bhubaneswar,2025-03,Ceftriaxone,18.09
Bhubaneswar,2025-03,Ciprofloxacin,17.9
Bhubaneswar,2025-03,Doxycycline,17.24
Bhubaneswar,2025-03,Metronidazole,16.39
Bhubaneswar,2025-03,Cotrimoxazole,18.02
Bhubaneswar,2025-03,Meropenem,16.87
Bhubaneswar,2025-04,Amoxicillin,17.92
Bhubaneswar,2025-04,Amoxicillin-Clavulanate,19.68
Bhubaneswar,2025-04,Azithromycin,18.38
Bhubaneswar,2025-04,Cefixime,18.41
Bhubaneswar,2025-04,Ceftriaxone,20.34
Bhubaneswar,2025-04,Ciprofloxacin,16.64
Bhubaneswar,2025-04,Doxycycline,19.57
Bhubaneswar,2025-04,Metronidazole,17.11
Bhubaneswar,2025-04,Cotrimoxazole,18.65
Bhubaneswar,2025-04,Meropenem,17.28
Bhubaneswar,2025-05,Amoxicillin,18.57
Bhubaneswar,2025-05,Amoxicillin-Clavulanate,20.67
Bhubaneswar,2025-05,Azithromycin,20.95
Bhubaneswar,2025-05,Cefixime,19.08
Bhubaneswar,2025-05,Ceftriaxone,19.91
Bhubaneswar,2025-05,Ciprofloxacin,19.39
Bhubaneswar,2025-05,Doxycycline,20.71
Bhubaneswar,2025-05,Metronidazole,16.38
Bhubaneswar,2025-05,Cotrimoxazole,19.48
Bhubaneswar,2025-05,Meropenem,17.74
Bhubaneswar,2025-06,Amoxicillin,17.45
Bhubaneswar,2025-06,Amoxicillin-Clavulanate,19.26
Bhubaneswar,2025-06,Azithromycin,21.37
Bhubaneswar,2025-06,Cefixime,19.05
Bhubaneswar,2025-06,Ceftriaxone,20.85
Bhubaneswar,2025-06,Ciprofloxacin,21.09
Bhubaneswar,2025-06,Doxycycline,19.21
Bhubaneswar,2025-06,Metronidazole,19.25
Bhubaneswar,2025-06,Cotrimoxazole,17.61
Bhubaneswar,2025-06,Meropenem,18.17
Bhubaneswar,2025-07,Amoxicillin,21.24
Bhubaneswar,2025-07,Amoxicillin-Clavulanate,19.92
Bhubaneswar,2025-07,Azithromycin,19.93
Bhubaneswar,2025-07,Cefixime,20.11
Bhubaneswar,2025-07,Ceftriaxone,22.6
Bhubaneswar,2025-07,Ciprofloxacin,19.49
Bhubaneswar,2025-07,Doxycycline,21.18
Bhubaneswar,2025-07,Metronidazole,19.46
Bhubaneswar,2025-07,Cotrimoxazole,21.56
Bhubaneswar,2025-07,Meropenem,17.8
Bhubaneswar,2025-08,Amoxicillin,20.58
Bhubaneswar,2025-08,Amoxicillin-Clavulanate,19.56
Bhubaneswar,2025-08,Azithromycin,19.81
Bhubaneswar,2025-08,Cefixime,21.44
Bhubaneswar,2025-08,Ceftriaxone,20.74
Bhubaneswar,2025-08,Ciprofloxacin,21.44
Bhubaneswar,2025-08,Doxycycline,18.81
Bhubaneswar,2025-08,Metronidazole,18.53
Bhubaneswar,2025-08,Cotrimoxazole,19.84
Bhubaneswar,2025-08,Meropenem,19.23
Bhubaneswar,2025-09,Amoxicillin,19.92
Bhubaneswar,2025-09,Amoxicillin-Clavulanate,18.7
Bhubaneswar,2025-09,Azithromycin,20.75
Bhubaneswar,2025-09,Cefixime,19.46
Bhubaneswar,2025-09,Ceftriaxone,21.64
Bhubaneswar,2025-09,Ciprofloxacin,19.88
Bhubaneswar,2025-09,Doxycycline,20.04
Bhubaneswar,2025-09,Metronidazole,19.84
Bhubaneswar,2025-09,Cotrimoxazole,18.69
Bhubaneswar,2025-09,Meropenem,19.47
Bhubaneswar,2025-10,Amoxicillin,21.98
Bhubaneswar,2025-10,Amoxicillin-Clavulanate,19.78
Bhubaneswar,2025-10,Azithromycin,20.18
Bhubaneswar,2025-10,Cefixime,20.37
Bhubaneswar,2025-10,Ceftriaxone,20.15
Bhubaneswar,2025-10,Ciprofloxacin,19.81
Bhubaneswar,2025-10,Doxycycline,19.69
Bhubaneswar,2025-10,Metronidazole,19.83
Bhubaneswar,2025-10,Cotrimoxazole,17.86
Bhubaneswar,2025-10,Meropenem,19.1
Bhubaneswar,2025-11,Amoxicillin,19.31
Bhubaneswar,2025-11,Amoxicillin-Clavulanate,18.74
Bhubaneswar,2025-11,Azithromycin,20.3
Bhubaneswar,2025-11,Cefixime,18.46
Bhubaneswar,2025-11,Ceftriaxone,17.93
Bhubaneswar,2025-11,Ciprofloxacin,20.14
Bhubaneswar,2025-11,Doxycycline,17.21
Bhubaneswar,2025-11,Metronidazole,16.56
Bhubaneswar,2025-11,Cotrimoxazole,20.02
Bhubaneswar,2025-11,Meropenem,18.7
Bhubaneswar,2025-12,Amoxicillin,20.34
Bhubaneswar,2025-12,Amoxicillin-Clavulanate,18.98
Bhubaneswar,2025-12,Azithromycin,17.64
Bhubaneswar,2025-12,Cefixime,18.26
Bhubaneswar,2025-12,Ceftriaxone,19.47
Bhubaneswar,2025-12,Ciprofloxacin,18.17
Bhubaneswar,2025-12,Doxycycline,19.4
Bhubaneswar,2025-12,Metronidazole,18.45
Bhubaneswar,2025-12,Cotrimoxazole,19.52
Bhubaneswar,2025-12,Meropenem,18.98
Guwahati,2024-01,Amoxicillin,17.82
Guwahati,2024-01,Amoxicillin-Clavulanate,17.61
Guwahati,2024-01,Azithromycin,16.39
Guwahati,2024-01,Cefixime,17.35
Guwahati,2024-01,Ceftriaxone,17.6
Guwahati,2024-01,Ciprofloxacin,14.48
Guwahati,2024-01,Doxycycline,17.38
Guwahati,2024-01,Metronidazole,16.74
Guwahati,2024-01,Cotrimoxazole,17.53
Guwahati,2024-01,Meropenem,15.01
Guwahati,2024-02,Amoxicillin,17.13
Guwahati,2024-02,Amoxicillin-Clavulanate,15.94
Guwahati,2024-02,Azithromycin,17.67
Guwahati,2024-02,Cefixime,15.69
Guwahati,2024-02,Ceftriaxone,16.41
Guwahati,2024-02,Ciprofloxacin,17.83
Guwahati,2024-02,Doxycycline,16.06
Guwahati,2024-02,Metronidazole,15.64
Guwahati,2024-02,Cotrimoxazole,18.0
Guwahati,2024-02,Meropenem,17.56
Guwahati,2024-03,Amoxicillin,18.54
Guwahati,2024-03,Amoxicillin-Clavulanate,18.34
Guwahati,2024-03,Azithromycin,16.86
Guwahati,2024-03,Cefixime,17.28
Guwahati,2024-03,Ceftriaxone,16.99
Guwahati,2024-03,Ciprofloxacin,17.69
Guwahati,2024-03,Doxycycline,16.43
Guwahati,2024-03,Metronidazole,16.44
Guwahati,2024-03,Cotrimoxazole,17.92
Guwahati,2024-03,Meropenem,18.07
Guwahati,2024-04,Amoxicillin,18.46
Guwahati,2024-04,Amoxicillin-Clavulanate,19.64
Guwahati,2024-04,Azithromycin,16.59
Guwahati,2024-04,Cefixime,15.75
Guwahati,2024-04,Ceftriaxone,18.76
Guwahati,2024-04,Ciprofloxacin,16.92
Guwahati,2024-04,Doxycycline,16.97
Guwahati,2024-04,Metronidazole,15.22
Guwahati,2024-04,Cotrimoxazole,16.53
Guwahati,2024-04,Meropenem,15.37
Guwahati,2024-05,Amoxicillin,17.79
Guwahati,2024-05,Amoxicillin-Clavulanate,17.48
Guwahati,2024-05,Azithromycin,17.71
Guwahati,2024-05,Cefixime,19.38
Guwahati,2024-05,Ceftriaxone,18.96
Guwahati,2024-05,Ciprofloxacin,16.23
Guwahati,2024-05,Doxycycline,18.17
Guwahati,2024-05,Metronidazole,17.53
Guwahati,2024-05,Cotrimoxazole,17.65
Guwahati,2024-05,Meropenem,17.23
Guwahati,2024-06,Amoxicillin,18.76
Guwahati,2024-06,Amoxicillin-Clavulanate,17.41
Guwahati,2024-06,Azithromycin,17.66
Guwahati,2024-06,Cefixime,19.58
Guwahati,2024-06,Ceftriaxone,17.71
Guwahati,2024-06,Ciprofloxacin,17.15
Guwahati,2024-06,Doxycycline,17.69
Guwahati,2024-06,Metronidazole,16.41
Guwahati,2024-06,Cotrimoxazole,16.12
Guwahati,2024-06,Meropenem,17.12
Guwahati,2024-07,Amoxicillin,20.48
Guwahati,2024-07,Amoxicillin-Clavulanate,18.47
Guwahati,2024-07,Azithromycin,18.39
Guwahati,2024-07,Cefixime,16.28
Guwahati,2024-07,Ceftriaxone,19.31
Guwahati,2024-07,Ciprofloxacin,18.72
Guwahati,2024-07,Doxycycline,17.36
Guwahati,2024-07,Metronidazole,18.18
Guwahati,2024-07,Cotrimoxazole,18.54
Guwahati,2024-07,Meropenem,16.66
Guwahati,2024-08,Amoxicillin,19.52
Guwahati,2024-08,Amoxicillin-Clavulanate,20.09
Guwahati,2024-08,Azithromycin,18.2
Guwahati,2024-08,Cefixime,17.93
Guwahati,2024-08,Ceftriaxone,18.91
Guwahati,2024-08,Ciprofloxacin,19.82
Guwahati,2024-08,Doxycycline,16.99
Guwahati,2024-08,Metronidazole,18.87
Guwahati,2024-08,Cotrimoxazole,17.87
Guwahati,2024-08,Meropenem,18.34
Guwahati,2024-09,Amoxicillin,18.7
Guwahati,2024-09,Amoxicillin-Clavulanate,18.32
Guwahati,2024-09,Azithromycin,20.29
Guwahati,2024-09,Cefixime,17.5
Guwahati,2024-09,Ceftriaxone,19.8
Guwahati,2024-09,Ciprofloxacin,20.96
Guwahati,2024-09,Doxycycline,19.26
Guwahati,2024-09,Metronidazole,16.93
Guwahati,2024-09,Cotrimoxazole,17.37
Guwahati,2024-09,Meropenem,17.41
Guwahati,2024-10,Amoxicillin,19.43
Guwahati,2024-10,Amoxicillin-Clavulanate,19.13
Guwahati,2024-10,Azithromycin,17.16
Guwahati,2024-10,Cefixime,18.03
Guwahati,2024-10,Ceftriaxone,18.31
Guwahati,2024-10,Ciprofloxacin,18.79
Guwahati,2024-10,Doxycycline,20.64
Guwahati,2024-10,Metronidazole,17.32
Guwahati,2024-10,Cotrimoxazole,17.65
Guwahati,2024-10,Meropenem,16.94
Guwahati,2024-11,Amoxicillin,19.76
Guwahati,2024-11,Amoxicillin-Clavulanate,18.65
Guwahati,2024-11,Azithromycin,17.4
Guwahati,2024-11,Cefixime,18.41
Guwahati,2024-11,Ceftriaxone,18.14
Guwahati,2024-11,Ciprofloxacin,19.13
Guwahati,2024-11,Doxycycline,21.23
Guwahati,2024-11,Metronidazole,18.78
Guwahati,2024-11,Cotrimoxazole,18.44
Guwahati,2024-11,Meropenem,17.29
Guwahati,2024-12,Amoxicillin,17.46
Guwahati,2024-12,Amoxicillin-Clavulanate,19.38
Guwahati,2024-12,Azithromycin,19.02
Guwahati,2024-12,Cefixime,18.17
Guwahati,2024-12,Ceftriaxone,20.22
Guwahati,2024-12,Ciprofloxacin,18.7
Guwahati,2024-12,Doxycycline,19.02
Guwahati,2024-12,Metronidazole,18.39
Guwahati,2024-12,Cotrimoxazole,18.23
Guwahati,2024-12,Meropenem,16.86
Guwahati,2025-01,Amoxicillin,18.71
Guwahati,2025-01,Amoxicillin-Clavulanate,19.44
Guwahati,2025-01,Azithromycin,17.65
Guwahati,2025-01,Cefixime,19.1
Guwahati,2025-01,Ceftriaxone,17.63
Guwahati,2025-01,Ciprofloxacin,19.47
Guwahati,2025-01,Doxycycline,18.46
Guwahati,2025-01,Metronidazole,16.69
Guwahati,2025-01,Cotrimoxazole,18.12
Guwahati,2025-01,Meropenem,18.88
Guwahati,2025-02,Amoxicillin,17.65
Guwahati,2025-02,Amoxicillin-Clavulanate,17.5
Guwahati,2025-02,Azithromycin,18.3
Guwahati,2025-02,Cefixime,21.12
Guwahati,2025-02,Ceftriaxone,18.24
Guwahati,2025-02,Ciprofloxacin,19.32
Guwahati,2025-02,Doxycycline,18.56
Guwahati,2025-02,Metronidazole,17.52
Guwahati,2025-02,Cotrimoxazole,18.7
Guwahati,2025-02,Meropenem,17.52
Guwahati,2025-03,Amoxicillin,18.98
Guwahati,2025-03,Amoxicillin-Clavulanate,17.18
Guwahati,2025-03,Azithromycin,18.67
Guwahati,2025-03,Cefixime,20.1
Guwahati,2025-03,Ceftriaxone,19.38
Guwahati,2025-03,Ciprofloxacin,20.31
Guwahati,2025-03,Doxycycline,19.23
Guwahati,2025-03,Metronidazole,18.42
Guwahati,2025-03,Cotrimoxazole,18.16
Guwahati,2025-03,Meropenem,17.8
Guwahati,2025-04,Amoxicillin,18.37
Guwahati,2025-04,Amoxicillin-Clavulanate,19.31
Guwahati,2025-04,Azithromycin,19.43
Guwahati,2025-04,Cefixime,21.6
Guwahati,2025-04,Ceftriaxone,20.51
Guwahati,2025-04,Ciprofloxacin,18.76
Guwahati,2025-04,Doxycycline,17.58
Guwahati,2025-04,Metronidazole,18.83
Guwahati,2025-04,Cotrimoxazole,20.33
Guwahati,2025-04,Meropenem,18.65
Guwahati,2025-05,Amoxicillin,21.22
Guwahati,2025-05,Amoxicillin-Clavulanate,20.02
Guwahati,2025-05,Azithromycin,20.66
Guwahati,2025-05,Cefixime,18.58
Guwahati,2025-05,Ceftriaxone,22.33
Guwahati,2025-05,Ciprofloxacin,19.11
Guwahati,2025-05,Doxycycline,20.63
Guwahati,2025-05,Metronidazole,19.34
Guwahati,2025-05,Cotrimoxazole,19.92
Guwahati,2025-05,Meropenem,19.21
Guwahati,2025-06,Amoxicillin,21.58
Guwahati,2025-06,Amoxicillin-Clavulanate,21.38
Guwahati,2025-06,Azithromycin,21.68
Guwahati,2025-06,Cefixime,22.55
Guwahati,2025-06,Ceftriaxone,21.6
Guwahati,2025-06,Ciprofloxacin,22.88
Guwahati,2025-06,Doxycycline,20.49
Guwahati,2025-06,Metronidazole,21.45
Guwahati,2025-06,Cotrimoxazole,21.16
Guwahati,2025-06,Meropenem,19.48
Guwahati,2025-07,Amoxicillin,21.95
Guwahati,2025-07,Amoxicillin-Clavulanate,21.86
Guwahati,2025-07,Azithromycin,20.9
Guwahati,2025-07,Cefixime,21.89
Guwahati,2025-07,Ceftriaxone,22.64
Guwahati,2025-07,Ciprofloxacin,21.41
Guwahati,2025-07,Doxycycline,17.57
Guwahati,2025-07,Metronidazole,22.53
Guwahati,2025-07,Cotrimoxazole,20.8
Guwahati,2025-07,Meropenem,19.59
Guwahati,2025-08,Amoxicillin,20.72
Guwahati,2025-08,Amoxicillin-Clavulanate,21.15
Guwahati,2025-08,Azithromycin,20.52
Guwahati,2025-08,Cefixime,20.83
Guwahati,2025-08,Ceftriaxone,21.14
Guwahati,2025-08,Ciprofloxacin,22.23
Guwahati,2025-08,Doxycycline,23.25
Guwahati,2025-08,Metronidazole,21.79
Guwahati,2025-08,Cotrimoxazole,22.56
Guwahati,2025-08,Meropenem,20.28
Guwahati,2025-09,Amoxicillin,22.13
Guwahati,2025-09,Amoxicillin-Clavulanate,22.05
Guwahati,2025-09,Azithromycin,20.47
Guwahati,2025-09,Cefixime,21.23
Guwahati,2025-09,Ceftriaxone,22.89
Guwahati,2025-09,Ciprofloxacin,22.9
Guwahati,2025-09,Doxycycline,21.15
Guwahati,2025-09,Metronidazole,19.63
Guwahati,2025-09,Cotrimoxazole,21.06
Guwahati,2025-09,Meropenem,19.17
Guwahati,2025-10,Amoxicillin,22.07
Guwahati,2025-10,Amoxicillin-Clavulanate,21.83
Guwahati,2025-10,Azithromycin,20.88
Guwahati,2025-10,Cefixime,21.94
Guwahati,2025-10,Ceftriaxone,22.38
Guwahati,2025-10,Ciprofloxacin,21.95
Guwahati,2025-10,Doxycycline,19.73
Guwahati,2025-10,Metronidazole,20.65
Guwahati,2025-10,Cotrimoxazole,21.81
Guwahati,2025-10,Meropenem,22.47
Guwahati,2025-11,Amoxicillin,21.36
Guwahati,2025-11,Amoxicillin-Clavulanate,21.84
Guwahati,2025-11,Azithromycin,21.84
Guwahati,2025-11,Cefixime,21.14
Guwahati,2025-11,Ceftriaxone,22.86
Guwahati,2025-11,Ciprofloxacin,22.68
Guwahati,2025-11,Doxycycline,22.27
Guwahati,2025-11,Metronidazole,21.14
Guwahati,2025-11,Cotrimoxazole,23.65
Guwahati,2025-11,Meropenem,19.78
Guwahati,2025-12,Amoxicillin,23.94
Guwahati,2025-12,Amoxicillin-Clavulanate,22.03
Guwahati,2025-12,Azithromycin,22.3
Guwahati,2025-12,Cefixime,20.95
Guwahati,2025-12,Ceftriaxone,22.47
Guwahati,2025-12,Ciprofloxacin,22.87
Guwahati,2025-12,Doxycycline,19.51
Guwahati,2025-12,Metronidazole,20.41
Guwahati,2025-12,Cotrimoxazole,18.65
Guwahati,2025-12,Meropenem,20.21
Ranchi,2024-01,Amoxicillin,15.51
Ranchi,2024-01,Amoxicillin-Clavulanate,15.86
Ranchi,2024-01,Azithromycin,19.06
Ranchi,2024-01,Cefixime,18.08
Ranchi,2024-01,Ceftriaxone,14.78
Ranchi,2024-01,Ciprofloxacin,16.8
Ranchi,2024-01,Doxycycline,16.64
Ranchi,2024-01,Metronidazole,15.3
Ranchi,2024-01,Cotrimoxazole,16.17
Ranchi,2024-01,Meropenem,15.85
Ranchi,2024-02,Amoxicillin,15.01
Ranchi,2024-02,Amoxicillin-Clavulanate,15.05
Ranchi,2024-02,Azithromycin,16.12
Ranchi,2024-02,Cefixime,16.38
Ranchi,2024-02,Ceftriaxone,15.67
Ranchi,2024-02,Ciprofloxacin,15.4
Ranchi,2024-02,Doxycycline,15.75
Ranchi,2024-02,Metronidazole,16.73
Ranchi,2024-02,Cotrimoxazole,15.98
Ranchi,2024-02,Meropenem,17.41
Ranchi,2024-03,Amoxicillin,16.18
Ranchi,2024-03,Amoxicillin-Clavulanate,16.84
Ranchi,2024-03,Azithromycin,15.97
Ranchi,2024-03,Cefixime,17.37
Ranchi,2024-03,Ceftriaxone,16.04
Ranchi,2024-03,Ciprofloxacin,18.84
Ranchi,2024-03,Doxycycline,14.41
Ranchi,2024-03,Metronidazole,18.07
Ranchi,2024-03,Cotrimoxazole,16.59
Ranchi,2024-03,Meropenem,16.65
Ranchi,2024-04,Amoxicillin,18.77
Ranchi,2024-04,Amoxicillin-Clavulanate,17.92
Ranchi,2024-04,Azithromycin,15.89
Ranchi,2024-04,Cefixime,17.73
Ranchi,2024-04,Ceftriaxone,19.31
Ranchi,2024-04,Ciprofloxacin,16.09
Ranchi,2024-04,Doxycycline,18.94
Ranchi,2024-04,Metronidazole,16.94
Ranchi,2024-04,Cotrimoxazole,16.36
Ranchi,2024-04,Meropenem,15.39
Ranchi,2024-05,Amoxicillin,17.17
Ranchi,2024-05,Amoxicillin-Clavulanate,14.94
Ranchi,2024-05,Azithromycin,16.35
Ranchi,2024-05,Cefixime,16.89
Ranchi,2024-05,Ceftriaxone,16.18
Ranchi,2024-05,Ciprofloxacin,18.0
Ranchi,2024-05,Doxycycline,16.47
Ranchi,2024-05,Metronidazole,15.92
Ranchi,2024-05,Cotrimoxazole,16.59
Ranchi,2024-05,Meropenem,16.87
Ranchi,2024-06,Amoxicillin,17.56
Ranchi,2024-06,Amoxicillin-Clavulanate,16.38
Ranchi,2024-06,Azithromycin,17.01
Ranchi,2024-06,Cefixime,17.19
Ranchi,2024-06,Ceftriaxone,16.18
Ranchi,2024-06,Ciprofloxacin,16.93
Ranchi,2024-06,Doxycycline,17.42
Ranchi,2024-06,Metronidazole,17.32
Ranchi,2024-06,Cotrimoxazole,16.76
Ranchi,2024-06,Meropenem,17.29
Ranchi,2024-07,Amoxicillin,16.61
Ranchi,2024-07,Amoxicillin-Clavulanate,16.31
Ranchi,2024-07,Azithromycin,16.8
Ranchi,2024-07,Cefixime,19.1
Ranchi,2024-07,Ceftriaxone,17.82
Ranchi,2024-07,Ciprofloxacin,17.15
Ranchi,2024-07,Doxycycline,18.68
Ranchi,2024-07,Metronidazole,16.57
Ranchi,2024-07,Cotrimoxazole,19.67
Ranchi,2024-07,Meropenem,16.18
Ranchi,2024-08,Amoxicillin,16.52
Ranchi,2024-08,Amoxicillin-Clavulanate,17.12
Ranchi,2024-08,Azithromycin,16.75
Ranchi,2024-08,Cefixime,16.51
Ranchi,2024-08,Ceftriaxone,20.44
Ranchi,2024-08,Ciprofloxacin,17.75
Ranchi,2024-08,Doxycycline,17.45
Ranchi,2024-08,Metronidazole,16.33
Ranchi,2024-08,Cotrimoxazole,16.53
Ranchi,2024-08,Meropenem,17.83
Ranchi,2024-09,Amoxicillin,15.56
Ranchi,2024-09,Amoxicillin-Clavulanate,15.83
Ranchi,2024-09,Azithromycin,16.55
Ranchi,2024-09,Cefixime,18.66
Ranchi,2024-09,Ceftriaxone,16.95
Ranchi,2024-09,Ciprofloxacin,17.64
Ranchi,2024-09,Doxycycline,16.76
Ranchi,2024-09,Metronidazole,18.07
Ranchi,2024-09,Cotrimoxazole,15.21
Ranchi,2024-09,Meropenem,17.32
Ranchi,2024-10,Amoxicillin,17.15
Ranchi,2024-10,Amoxicillin-Clavulanate,18.07
Ranchi,2024-10,Azithromycin,15.89
Ranchi,2024-10,Cefixime,17.17
Ranchi,2024-10,Ceftriaxone,17.21
Ranchi,2024-10,Ciprofloxacin,16.04
Ranchi,2024-10,Doxycycline,15.3
Ranchi,2024-10,Metronidazole,15.98
Ranchi,2024-10,Cotrimoxazole,17.07
Ranchi,2024-10,Meropenem,15.65
Ranchi,2024-11,Amoxicillin,16.75
Ranchi,2024-11,Amoxicillin-Clavulanate,14.74
Ranchi,2024-11,Azithromycin,16.15
Ranchi,2024-11,Cefixime,18.02
Ranchi,2024-11,Ceftriaxone,17.84
Ranchi,2024-11,Ciprofloxacin,16.8
Ranchi,2024-11,Doxycycline,16.74
Ranchi,2024-11,Metronidazole,15.48
Ranchi,2024-11,Cotrimoxazole,18.47
Ranchi,2024-11,Meropenem,18.54
Ranchi,2024-12,Amoxicillin,17.06
Ranchi,2024-12,Amoxicillin-Clavulanate,19.45
Ranchi,2024-12,Azithromycin,15.61
Ranchi,2024-12,Cefixime,15.3
Ranchi,2024-12,Ceftriaxone,16.06
Ranchi,2024-12,Ciprofloxacin,16.44
Ranchi,2024-12,Doxycycline,18.82
Ranchi,2024-12,Metronidazole,15.88
Ranchi,2024-12,Cotrimoxazole,15.53
Ranchi,2024-12,Meropenem,15.08
Ranchi,2025-01,Amoxicillin,18.33
Ranchi,2025-01,Amoxicillin-Clavulanate,17.89
Ranchi,2025-01,Azithromycin,16.01
Ranchi,2025-01,Cefixime,14.81
Ranchi,2025-01,Ceftriaxone,15.8
Ranchi,2025-01,Ciprofloxacin,18.77
Ranchi,2025-01,Doxycycline,17.22
Ranchi,2025-01,Metronidazole,16.45
Ranchi,2025-01,Cotrimoxazole,18.72
Ranchi,2025-01,Meropenem,18.41
Ranchi,2025-02,Amoxicillin,17.23
Ranchi,2025-02,Amoxicillin-Clavulanate,16.96
Ranchi,2025-02,Azithromycin,16.09
Ranchi,2025-02,Cefixime,16.75
Ranchi,2025-02,Ceftriaxone,15.59
Ranchi,2025-02,Ciprofloxacin,15.42
Ranchi,2025-02,Doxycycline,14.75
Ranchi,2025-02,Metronidazole,17.75
Ranchi,2025-02,Cotrimoxazole,15.13
Ranchi,2025-02,Meropenem,18.58
Ranchi,2025-03,Amoxicillin,16.95
Ranchi,2025-03,Amoxicillin-Clavulanate,19.36
Ranchi,2025-03,Azithromycin,16.78
Ranchi,2025-03,Cefixime,15.81
Ranchi,2025-03,Ceftriaxone,19.12
Ranchi,2025-03,Ciprofloxacin,19.08
Ranchi,2025-03,Doxycycline,16.1
Ranchi,2025-03,Metronidazole,16.64
Ranchi,2025-03,Cotrimoxazole,16.32
Ranchi,2025-03,Meropenem,16.74
Ranchi,2025-04,Amoxicillin,18.64
Ranchi,2025-04,Amoxicillin-Clavulanate,17.81
Ranchi,2025-04,Azithromycin,15.91
Ranchi,2025-04,Cefixime,17.65
Ranchi,2025-04,Ceftriaxone,19.25
Ranchi,2025-04,Ciprofloxacin,18.06
Ranchi,2025-04,Doxycycline,17.45
Ranchi,2025-04,Metronidazole,16.7
Ranchi,2025-04,Cotrimoxazole,17.38
Ranchi,2025-04,Meropenem,19.13
Ranchi,2025-05,Amoxicillin,18.0
Ranchi,2025-05,Amoxicillin-Clavulanate,19.69
Ranchi,2025-05,Azithromycin,18.65
Ranchi,2025-05,Cefixime,19.27
Ranchi,2025-05,Ceftriaxone,18.4
Ranchi,2025-05,Ciprofloxacin,18.61
Ranchi,2025-05,Doxycycline,18.49
Ranchi,2025-05,Metronidazole,17.82
Ranchi,2025-05,Cotrimoxazole,19.11
Ranchi,2025-05,Meropenem,18.75
Ranchi,2025-06,Amoxicillin,22.07
Ranchi,2025-06,Amoxicillin-Clavulanate,19.62
Ranchi,2025-06,Azithromycin,16.89
Ranchi,2025-06,Cefixime,20.7
Ranchi,2025-06,Ceftriaxone,19.4
Ranchi,2025-06,Ciprofloxacin,21.63
Ranchi,2025-06,Doxycycline,20.51
Ranchi,2025-06,Metronidazole,18.23
Ranchi,2025-06,Cotrimoxazole,19.95
Ranchi,2025-06,Meropenem,17.98
Ranchi,2025-07,Amoxicillin,20.23
Ranchi,2025-07,Amoxicillin-Clavulanate,20.59
Ranchi,2025-07,Azithromycin,20.75
Ranchi,2025-07,Cefixime,20.94
Ranchi,2025-07,Ceftriaxone,20.26
Ranchi,2025-07,Ciprofloxacin,22.69
Ranchi,2025-07,Doxycycline,19.01
Ranchi,2025-07,Metronidazole,17.53
Ranchi,2025-07,Cotrimoxazole,18.13
Ranchi,2025-07,Meropenem,20.76
Ranchi,2025-08,Amoxicillin,20.06
Ranchi,2025-08,Amoxicillin-Clavulanate,19.94
Ranchi,2025-08,Azithromycin,18.85
Ranchi,2025-08,Cefixime,19.38
Ranchi,2025-08,Ceftriaxone,19.22
Ranchi,2025-08,Ciprofloxacin,20.39
Ranchi,2025-08,Doxycycline,19.23
Ranchi,2025-08,Metronidazole,19.71
Ranchi,2025-08,Cotrimoxazole,19.98
Ranchi,2025-08,Meropenem,18.6
Ranchi,2025-09,Amoxicillin,18.48
Ranchi,2025-09,Amoxicillin-Clavulanate,18.01
Ranchi,2025-09,Azithromycin,22.72
Ranchi,2025-09,Cefixime,21.44
Ranchi,2025-09,Ceftriaxone,21.5
Ranchi,2025-09,Ciprofloxacin,19.08
Ranchi,2025-09,Doxycycline,19.3
Ranchi,2025-09,Metronidazole,18.28
Ranchi,2025-09,Cotrimoxazole,18.11
Ranchi,2025-09,Meropenem,18.37
Ranchi,2025-10,Amoxicillin,21.34
Ranchi,2025-10,Amoxicillin-Clavulanate,20.44
Ranchi,2025-10,Azithromycin,18.14
Ranchi,2025-10,Cefixime,19.28
Ranchi,2025-10,Ceftriaxone,20.65
Ranchi,2025-10,Ciprofloxacin,18.99
Ranchi,2025-10,Doxycycline,19.19
Ranchi,2025-10,Metronidazole,19.44
Ranchi,2025-10,Cotrimoxazole,19.79
Ranchi,2025-10,Meropenem,19.13
Ranchi,2025-11,Amoxicillin,19.11
Ranchi,2025-11,Amoxicillin-Clavulanate,18.87
Ranchi,2025-11,Azithromycin,17.93
Ranchi,2025-11,Cefixime,17.86
Ranchi,2025-11,Ceftriaxone,19.66
Ranchi,2025-11,Ciprofloxacin,20.48
Ranchi,2025-11,Doxycycline,17.55
Ranchi,2025-11,Metronidazole,19.27
Ranchi,2025-11,Cotrimoxazole,20.19
Ranchi,2025-11,Meropenem,16.8
Ranchi,2025-12,Amoxicillin,19.41
Ranchi,2025-12,Amoxicillin-Clavulanate,21.17
Ranchi,2025-12,Azithromycin,19.67
Ranchi,2025-12,Cefixime,17.4
Ranchi,2025-12,Ceftriaxone,20.38
Ranchi,2025-12,Ciprofloxacin,18.63
Ranchi,2025-12,Doxycycline,19.72
Ranchi,2025-12,Metronidazole,18.1
Ranchi,2025-12,Cotrimoxazole,19.15
Ranchi,2025-12,Meropenem,18.12
Dehradun,2024-01,Amoxicillin,14.4
Dehradun,2024-01,Amoxicillin-Clavulanate,13.54
Dehradun,2024-01,Azithromycin,13.72
Dehradun,2024-01,Cefixime,12.94
Dehradun,2024-01,Ceftriaxone,14.9
Dehradun,2024-01,Ciprofloxacin,14.42
Dehradun,2024-01,Doxycycline,12.12
Dehradun,2024-01,Metronidazole,14.93
Dehradun,2024-01,Cotrimoxazole,13.87
Dehradun,2024-01,Meropenem,13.92
Dehradun,2024-02,Amoxicillin,15.32
Dehradun,2024-02,Amoxicillin-Clavulanate,14.61
Dehradun,2024-02,Azithromycin,15.34
Dehradun,2024-02,Cefixime,13.99
Dehradun,2024-02,Ceftriaxone,15.59
Dehradun,2024-02,Ciprofloxacin,14.45
Dehradun,2024-02,Doxycycline,14.55
Dehradun,2024-02,Metronidazole,14.37
Dehradun,2024-02,Cotrimoxazole,15.52
Dehradun,2024-02,Meropenem,14.62
Dehradun,2024-03,Amoxicillin,14.34
Dehradun,2024-03,Amoxicillin-Clavulanate,13.88
Dehradun,2024-03,Azithromycin,14.33
Dehradun,2024-03,Cefixime,13.82
Dehradun,2024-03,Ceftriaxone,13.63
Dehradun,2024-03,Ciprofloxacin,12.31
Dehradun,2024-03,Doxycycline,12.61
Dehradun,2024-03,Metronidazole,16.43
Dehradun,2024-03,Cotrimoxazole,13.76
Dehradun,2024-03,Meropenem,16.24
Dehradun,2024-04,Amoxicillin,15.54
Dehradun,2024-04,Amoxicillin-Clavulanate,14.79
Dehradun,2024-04,Azithromycin,12.99
Dehradun,2024-04,Cefixime,14.92
Dehradun,2024-04,Ceftriaxone,17.14
Dehradun,2024-04,Ciprofloxacin,16.63
Dehradun,2024-04,Doxycycline,14.87
Dehradun,2024-04,Metronidazole,13.23
Dehradun,2024-04,Cotrimoxazole,13.69
Dehradun,2024-04,Meropenem,13.45
Dehradun,2024-05,Amoxicillin,16.84
Dehradun,2024-05,Amoxicillin-Clavulanate,16.97
Dehradun,2024-05,Azithromycin,15.18
Dehradun,2024-05,Cefixime,14.92
Dehradun,2024-05,Ceftriaxone,17.1
Dehradun,2024-05,Ciprofloxacin,14.18
Dehradun,2024-05,Doxycycline,14.95
Dehradun,2024-05,Metronidazole,15.32
Dehradun,2024-05,Cotrimoxazole,14.12
Dehradun,2024-05,Meropenem,14.01
Dehradun,2024-06,Amoxicillin,14.78
Dehradun,2024-06,Amoxicillin-Clavulanate,16.87
Dehradun,2024-06,Azithromycin,17.2
Dehradun,2024-06,Cefixime,15.51
Dehradun,2024-06,Ceftriaxone,15.23
Dehradun,2024-06,Ciprofloxacin,14.72
Dehradun,2024-06,Doxycycline,15.02
Dehradun,2024-06,Metronidazole,14.34
Dehradun,2024-06,Cotrimoxazole,15.09
Dehradun,2024-06,Meropenem,15.29
Dehradun,2024-07,Amoxicillin,15.31
Dehradun,2024-07,Amoxicillin-Clavulanate,15.28
Dehradun,2024-07,Azithromycin,15.07
Dehradun,2024-07,Cefixime,15.22
Dehradun,2024-07,Ceftriaxone,15.23
Dehradun,2024-07,Ciprofloxacin,16.41
Dehradun,2024-07,Doxycycline,13.25
Dehradun,2024-07,Metronidazole,16.85
Dehradun,2024-07,Cotrimoxazole,15.53
Dehradun,2024-07,Meropenem,15.68
Dehradun,2024-08,Amoxicillin,16.64
Dehradun,2024-08,Amoxicillin-Clavulanate,14.8
Dehradun,2024-08,Azithromycin,14.35
Dehradun,2024-08,Cefixime,14.52
Dehradun,2024-08,Ceftriaxone,15.53
Dehradun,2024-08,Ciprofloxacin,16.43
Dehradun,2024-08,Doxycycline,14.64
Dehradun,2024-08,Metronidazole,15.88
Dehradun,2024-08,Cotrimoxazole,12.87
Dehradun,2024-08,Meropenem,14.68
Dehradun,2024-09,Amoxicillin,16.88
Dehradun,2024-09,Amoxicillin-Clavulanate,15.16
Dehradun,2024-09,Azithromycin,14.22
Dehradun,2024-09,Cefixime,14.69
Dehradun,2024-09,Ceftriaxone,12.23
Dehradun,2024-09,Ciprofloxacin,14.3
Dehradun,2024-09,Doxycycline,16.23
Dehradun,2024-09,Metronidazole,14.35
Dehradun,2024-09,Cotrimoxazole,14.73
Dehradun,2024-09,Meropenem,12.32
Dehradun,2024-10,Amoxicillin,13.45
Dehradun,2024-10,Amoxicillin-Clavulanate,16.32
Dehradun,2024-10,Azithromycin,15.49
Dehradun,2024-10,Cefixime,13.65
Dehradun,2024-10,Ceftriaxone,14.52
Dehradun,2024-10,Ciprofloxacin,15.04
Dehradun,2024-10,Doxycycline,13.43
Dehradun,2024-10,Metronidazole,12.47
Dehradun,2024-10,Cotrimoxazole,14.74
Dehradun,2024-10,Meropenem,15.21
Dehradun,2024-11,Amoxicillin,15.7
Dehradun,2024-11,Amoxicillin-Clavulanate,15.79
Dehradun,2024-11,Azithromycin,12.92
Dehradun,2024-11,Cefixime,14.95
Dehradun,2024-11,Ceftriaxone,14.72
Dehradun,2024-11,Ciprofloxacin,14.79
Dehradun,2024-11,Doxycycline,14.34
Dehradun,2024-11,Metronidazole,13.78
Dehradun,2024-11,Cotrimoxazole,11.41
Dehradun,2024-11,Meropenem,15.69
Dehradun,2024-12,Amoxicillin,15.48
Dehradun,2024-12,Amoxicillin-Clavulanate,13.26
Dehradun,2024-12,Azithromycin,15.22
Dehradun,2024-12,Cefixime,14.46
Dehradun,2024-12,Ceftriaxone,14.62
Dehradun,2024-12,Ciprofloxacin,14.11
Dehradun,2024-12,Doxycycline,15.23
Dehradun,2024-12,Metronidazole,13.7
Dehradun,2024-12,Cotrimoxazole,13.59
Dehradun,2024-12,Meropenem,15.73
Dehradun,2025-01,Amoxicillin,15.05
Dehradun,2025-01,Amoxicillin-Clavulanate,14.86
Dehradun,2025-01,Azithromycin,15.59
Dehradun,2025-01,Cefixime,14.35
Dehradun,2025-01,Ceftriaxone,14.7
Dehradun,2025-01,Ciprofloxacin,15.42
Dehradun,2025-01,Doxycycline,13.07
Dehradun,2025-01,Metronidazole,14.95
Dehradun,2025-01,Cotrimoxazole,14.1
Dehradun,2025-01,Meropenem,15.55
Dehradun,2025-02,Amoxicillin,16.28
Dehradun,2025-02,Amoxicillin-Clavulanate,15.9
Dehradun,2025-02,Azithromycin,13.47
Dehradun,2025-02,Cefixime,15.39
Dehradun,2025-02,Ceftriaxone,14.35
Dehradun,2025-02,Ciprofloxacin,15.47
Dehradun,2025-02,Doxycycline,12.62
Dehradun,2025-02,Metronidazole,13.41
Dehradun,2025-02,Cotrimoxazole,16.65
Dehradun,2025-02,Meropenem,15.41
Dehradun,2025-03,Amoxicillin,15.8
Dehradun,2025-03,Amoxicillin-Clavulanate,14.94
Dehradun,2025-03,Azithromycin,14.53
Dehradun,2025-03,Cefixime,16.23
Dehradun,2025-03,Ceftriaxone,15.78
Dehradun,2025-03,Ciprofloxacin,17.71
Dehradun,2025-03,Doxycycline,15.45
Dehradun,2025-03,Metronidazole,15.65
Dehradun,2025-03,Cotrimoxazole,14.31
Dehradun,2025-03,Meropenem,15.08
Dehradun,2025-04,Amoxicillin,16.99
Dehradun,2025-04,Amoxicillin-Clavulanate,16.12
Dehradun,2025-04,Azithromycin,15.76
Dehradun,2025-04,Cefixime,16.96
Dehradun,2025-04,Ceftriaxone,18.42
Dehradun,2025-04,Ciprofloxacin,16.76
Dehradun,2025-04,Doxycycline,17.48
Dehradun,2025-04,Metronidazole,16.83
Dehradun,2025-04,Cotrimoxazole,17.61
Dehradun,2025-04,Meropenem,15.36
Dehradun,2025-05,Amoxicillin,16.99
Dehradun,2025-05,Amoxicillin-Clavulanate,16.71
Dehradun,2025-05,Azithromycin,17.3
Dehradun,2025-05,Cefixime,17.89
Dehradun,2025-05,Ceftriaxone,17.31
Dehradun,2025-05,Ciprofloxacin,17.98
Dehradun,2025-05,Doxycycline,15.99
Dehradun,2025-05,Metronidazole,17.51
Dehradun,2025-05,Cotrimoxazole,17.93
Dehradun,2025-05,Meropenem,17.16
Dehradun,2025-06,Amoxicillin,17.74
Dehradun,2025-06,Amoxicillin-Clavulanate,18.08
Dehradun,2025-06,Azithromycin,16.07
Dehradun,2025-06,Cefixime,17.6
Dehradun,2025-06,Ceftriaxone,17.88
Dehradun,2025-06,Ciprofloxacin,15.92
Dehradun,2025-06,Doxycycline,17.49
Dehradun,2025-06,Metronidazole,15.51
Dehradun,2025-06,Cotrimoxazole,16.7
Dehradun,2025-06,Meropenem,16.8
Dehradun,2025-07,Amoxicillin,16.98
Dehradun,2025-07,Amoxicillin-Clavulanate,17.58
Dehradun,2025-07,Azithromycin,17.31
Dehradun,2025-07,Cefixime,16.67
Dehradun,2025-07,Ceftriaxone,18.36
Dehradun,2025-07,Ciprofloxacin,16.73
Dehradun,2025-07,Doxycycline,19.67
Dehradun,2025-07,Metronidazole,16.94
Dehradun,2025-07,Cotrimoxazole,16.07
Dehradun,2025-07,Meropenem,15.86
Dehradun,2025-08,Amoxicillin,19.07
Dehradun,2025-08,Amoxicillin-Clavulanate,17.07
Dehradun,2025-08,Azithromycin,15.77
Dehradun,2025-08,Cefixime,18.54
Dehradun,2025-08,Ceftriaxone,17.31
Dehradun,2025-08,Ciprofloxacin,18.32
Dehradun,2025-08,Doxycycline,18.21
Dehradun,2025-08,Metronidazole,17.4
Dehradun,2025-08,Cotrimoxazole,20.03
Dehradun,2025-08,Meropenem,15.08
Dehradun,2025-09,Amoxicillin,16.89
Dehradun,2025-09,Amoxicillin-Clavulanate,17.22
Dehradun,2025-09,Azithromycin,19.74
Dehradun,2025-09,Cefixime,19.56
Dehradun,2025-09,Ceftriaxone,19.17
Dehradun,2025-09,Ciprofloxacin,16.71
Dehradun,2025-09,Doxycycline,16.43
Dehradun,2025-09,Metronidazole,16.18
Dehradun,2025-09,Cotrimoxazole,16.51
Dehradun,2025-09,Meropenem,18.61
Dehradun,2025-10,Amoxicillin,17.28
Dehradun,2025-10,Amoxicillin-Clavulanate,17.15
Dehradun,2025-10,Azithromycin,17.89
Dehradun,2025-10,Cefixime,15.52
Dehradun,2025-10,Ceftriaxone,17.57
Dehradun,2025-10,Ciprofloxacin,16.15
Dehradun,2025-10,Doxycycline,16.63
Dehradun,2025-10,Metronidazole,16.23
Dehradun,2025-10,Cotrimoxazole,16.45
Dehradun,2025-10,Meropenem,17.01
Dehradun,2025-11,Amoxicillin,17.6
Dehradun,2025-11,Amoxicillin-Clavulanate,16.85
Dehradun,2025-11,Azithromycin,17.27
Dehradun,2025-11,Cefixime,16.21
Dehradun,2025-11,Ceftriaxone,18.07
Dehradun,2025-11,Ciprofloxacin,16.94
Dehradun,2025-11,Doxycycline,16.25
Dehradun,2025-11,Metronidazole,15.83
Dehradun,2025-11,Cotrimoxazole,16.71
Dehradun,2025-11,Meropenem,18.65
Dehradun,2025-12,Amoxicillin,17.32
Dehradun,2025-12,Amoxicillin-Clavulanate,15.87
Dehradun,2025-12,Azithromycin,17.91
Dehradun,2025-12,Cefixime,16.68
Dehradun,2025-12,Ceftriaxone,17.67
Dehradun,2025-12,Ciprofloxacin,16.54
Dehradun,2025-12,Doxycycline,18.23
Dehradun,2025-12,Metronidazole,16.1
Dehradun,2025-12,Cotrimoxazole,18.55
Dehradun,2025-12,Meropenem,15.48
Nagpur,2024-01,Amoxicillin,17.35
Nagpur,2024-01,Amoxicillin-Clavulanate,18.86
Nagpur,2024-01,Azithromycin,17.21
Nagpur,2024-01,Cefixime,19.92
Nagpur,2024-01,Ceftriaxone,17.32
Nagpur,2024-01,Ciprofloxacin,17.7
Nagpur,2024-01,Doxycycline,19.02
Nagpur,2024-01,Metronidazole,15.16
Nagpur,2024-01,Cotrimoxazole,15.37
Nagpur,2024-01,Meropenem,15.8
Nagpur,2024-02,Amoxicillin,18.65
Nagpur,2024-02,Amoxicillin-Clavulanate,15.64
Nagpur,2024-02,Azithromycin,17.77
Nagpur,2024-02,Cefixime,18.09
Nagpur,2024-02,Ceftriaxone,19.92
Nagpur,2024-02,Ciprofloxacin,18.66
Nagpur,2024-02,Doxycycline,17.41
Nagpur,2024-02,Metronidazole,18.41
Nagpur,2024-02,Cotrimoxazole,17.85
Nagpur,2024-02,Meropenem,16.26
Nagpur,2024-03,Amoxicillin,17.15
Nagpur,2024-03,Amoxicillin-Clavulanate,17.41
Nagpur,2024-03,Azithromycin,17.68
Nagpur,2024-03,Cefixime,18.34
Nagpur,2024-03,Ceftriaxone,16.0
Nagpur,2024-03,Ciprofloxacin,17.9
Nagpur,2024-03,Doxycycline,17.65
Nagpur,2024-03,Metronidazole,18.12
Nagpur,2024-03,Cotrimoxazole,19.67
Nagpur,2024-03,Meropenem,17.56
Nagpur,2024-04,Amoxicillin,17.56
Nagpur,2024-04,Amoxicillin-Clavulanate,16.19
Nagpur,2024-04,Azithromycin,18.63
Nagpur,2024-04,Cefixime,17.34
Nagpur,2024-04,Ceftriaxone,19.46
Nagpur,2024-04,Ciprofloxacin,19.83
Nagpur,2024-04,Doxycycline,16.07
Nagpur,2024-04,Metronidazole,18.27
Nagpur,2024-04,Cotrimoxazole,19.45
Nagpur,2024-04,Meropenem,18.62
Nagpur,2024-05,Amoxicillin,16.22
Nagpur,2024-05,Amoxicillin-Clavulanate,17.22
Nagpur,2024-05,Azithromycin,16.44
Nagpur,2024-05,Cefixime,18.84
Nagpur,2024-05,Ceftriaxone,18.92
Nagpur,2024-05,Ciprofloxacin,15.29
Nagpur,2024-05,Doxycycline,17.41
Nagpur,2024-05,Metronidazole,18.52
Nagpur,2024-05,Cotrimoxazole,18.16
Nagpur,2024-05,Meropenem,17.64
Nagpur,2024-06,Amoxicillin,18.21
Nagpur,2024-06,Amoxicillin-Clavulanate,17.08
Nagpur,2024-06,Azithromycin,17.92
Nagpur,2024-06,Cefixime,18.41
Nagpur,2024-06,Ceftriaxone,19.24
Nagpur,2024-06,Ciprofloxacin,19.12
Nagpur,2024-06,Doxycycline,17.93
Nagpur,2024-06,Metronidazole,18.93
Nagpur,2024-06,Cotrimoxazole,17.68
Nagpur,2024-06,Meropenem,15.98
Nagpur,2024-07,Amoxicillin,19.39
Nagpur,2024-07,Amoxicillin-Clavulanate,18.63
Nagpur,2024-07,Azithromycin,18.72
Nagpur,2024-07,Cefixime,17.21
Nagpur,2024-07,Ceftriaxone,20.78
Nagpur,2024-07,Ciprofloxacin,19.38
Nagpur,2024-07,Doxycycline,17.75
Nagpur,2024-07,Metronidazole,16.94
Nagpur,2024-07,Cotrimoxazole,19.52
Nagpur,2024-07,Meropenem,16.59
Nagpur,2024-08,Amoxicillin,21.26
Nagpur,2024-08,Amoxicillin-Clavulanate,17.74
Nagpur,2024-08,Azithromycin,19.99
Nagpur,2024-08,Cefixime,18.31
Nagpur,2024-08,Ceftriaxone,20.46
Nagpur,2024-08,Ciprofloxacin,17.71
Nagpur,2024-08,Doxycycline,18.01
Nagpur,2024-08,Metronidazole,18.77
Nagpur,2024-08,Cotrimoxazole,18.98
Nagpur,2024-08,Meropenem,18.94
Nagpur,2024-09,Amoxicillin,18.28
Nagpur,2024-09,Amoxicillin-Clavulanate,18.55
Nagpur,2024-09,Azithromycin,19.51
Nagpur,2024-09,Cefixime,17.78
Nagpur,2024-09,Ceftriaxone,19.39
Nagpur,2024-09,Ciprofloxacin,18.31
Nagpur,2024-09,Doxycycline,18.26
Nagpur,2024-09,Metronidazole,18.03
Nagpur,2024-09,Cotrimoxazole,17.43
Nagpur,2024-09,Meropenem,17.49
Nagpur,2024-10,Amoxicillin,19.17
Nagpur,2024-10,Amoxicillin-Clavulanate,18.53
Nagpur,2024-10,Azithromycin,20.06
Nagpur,2024-10,Cefixime,19.86
Nagpur,2024-10,Ceftriaxone,19.28
Nagpur,2024-10,Ciprofloxacin,17.91
Nagpur,2024-10,Doxycycline,17.32
Nagpur,2024-10,Metronidazole,20.29
Nagpur,2024-10,Cotrimoxazole,17.38
Nagpur,2024-10,Meropenem,18.09
Nagpur,2024-11,Amoxicillin,19.46
Nagpur,2024-11,Amoxicillin-Clavulanate,18.36
Nagpur,2024-11,Azithromycin,17.28
Nagpur,2024-11,Cefixime,17.94
Nagpur,2024-11,Ceftriaxone,18.41
Nagpur,2024-11,Ciprofloxacin,18.02
Nagpur,2024-11,Doxycycline,19.74
Nagpur,2024-11,Metronidazole,18.17
Nagpur,2024-11,Cotrimoxazole,17.97
Nagpur,2024-11,Meropenem,18.14
Nagpur,2024-12,Amoxicillin,19.78
Nagpur,2024-12,Amoxicillin-Clavulanate,18.3
Nagpur,2024-12,Azithromycin,19.36
Nagpur,2024-12,Cefixime,17.39
Nagpur,2024-12,Ceftriaxone,20.28
Nagpur,2024-12,Ciprofloxacin,18.78
Nagpur,2024-12,Doxycycline,18.22
Nagpur,2024-12,Metronidazole,17.4
Nagpur,2024-12,Cotrimoxazole,17.18
Nagpur,2024-12,Meropenem,16.18
Nagpur,2025-01,Amoxicillin,18.69
Nagpur,2025-01,Amoxicillin-Clavulanate,19.8
Nagpur,2025-01,Azithromycin,17.77
Nagpur,2025-01,Cefixime,17.56
Nagpur,2025-01,Ceftriaxone,18.48
Nagpur,2025-01,Ciprofloxacin,18.84
Nagpur,2025-01,Doxycycline,18.34
Nagpur,2025-01,Metronidazole,18.47
Nagpur,2025-01,Cotrimoxazole,20.13
Nagpur,2025-01,Meropenem,19.83
Nagpur,2025-02,Amoxicillin,21.97
Nagpur,2025-02,Amoxicillin-Clavulanate,17.59
Nagpur,2025-02,Azithromycin,18.11
Nagpur,2025-02,Cefixime,20.26
Nagpur,2025-02,Ceftriaxone,19.21
Nagpur,2025-02,Ciprofloxacin,20.44
Nagpur,2025-02,Doxycycline,19.17
Nagpur,2025-02,Metronidazole,20.57
Nagpur,2025-02,Cotrimoxazole,20.36
Nagpur,2025-02,Meropenem,19.84
Nagpur,2025-03,Amoxicillin,19.77
Nagpur,2025-03,Amoxicillin-Clavulanate,19.72
Nagpur,2025-03,Azithromycin,19.15
Nagpur,2025-03,Cefixime,18.28
Nagpur,2025-03,Ceftriaxone,21.78
Nagpur,2025-03,Ciprofloxacin,20.76
Nagpur,2025-03,Doxycycline,18.99
Nagpur,2025-03,Metronidazole,20.69
Nagpur,2025-03,Cotrimoxazole,18.96
Nagpur,2025-03,Meropenem,17.07
Nagpur,2025-04,Amoxicillin,21.8
Nagpur,2025-04,Amoxicillin-Clavulanate,18.88
Nagpur,2025-04,Azithromycin,19.72
Nagpur,2025-04,Cefixime,20.62
Nagpur,2025-04,Ceftriaxone,21.06
Nagpur,2025-04,Ciprofloxacin,21.33
Nagpur,2025-04,Doxycycline,20.45
Nagpur,2025-04,Metronidazole,20.3
Nagpur,2025-04,Cotrimoxazole,19.24
Nagpur,2025-04,Meropenem,19.85
Nagpur,2025-05,Amoxicillin,19.82
Nagpur,2025-05,Amoxicillin-Clavulanate,22.76
Nagpur,2025-05,Azithromycin,19.13
Nagpur,2025-05,Cefixime,20.79
Nagpur,2025-05,Ceftriaxone,19.97
Nagpur,2025-05,Ciprofloxacin,20.37
Nagpur,2025-05,Doxycycline,20.56
Nagpur,2025-05,Metronidazole,19.84
Nagpur,2025-05,Cotrimoxazole,22.12
Nagpur,2025-05,Meropenem,20.49
Nagpur,2025-06,Amoxicillin,21.34
Nagpur,2025-06,Amoxicillin-Clavulanate,21.26
Nagpur,2025-06,Azithromycin,22.36
Nagpur,2025-06,Cefixime,22.53
Nagpur,2025-06,Ceftriaxone,20.53
Nagpur,2025-06,Ciprofloxacin,20.78
Nagpur,2025-06,Doxycycline,21.42
Nagpur,2025-06,Metronidazole,21.16
Nagpur,2025-06,Cotrimoxazole,20.06
Nagpur,2025-06,Meropenem,21.4
Nagpur,2025-07,Amoxicillin,21.38
Nagpur,2025-07,Amoxicillin-Clavulanate,23.33
Nagpur,2025-07,Azithromycin,22.09
Nagpur,2025-07,Cefixime,20.79
Nagpur,2025-07,Ceftriaxone,21.71
Nagpur,2025-07,Ciprofloxacin,21.43
Nagpur,2025-07,Doxycycline,21.55
Nagpur,2025-07,Metronidazole,21.02
Nagpur,2025-07,Cotrimoxazole,20.44
Nagpur,2025-07,Meropenem,19.51
Nagpur,2025-08,Amoxicillin,22.95
Nagpur,2025-08,Amoxicillin-Clavulanate,22.2
Nagpur,2025-08,Azithromycin,21.61
Nagpur,2025-08,Cefixime,22.31
Nagpur,2025-08,Ceftriaxone,21.6
Nagpur,2025-08,Ciprofloxacin,22.22
Nagpur,2025-08,Doxycycline,24.16
Nagpur,2025-08,Metronidazole,22.53
Nagpur,2025-08,Cotrimoxazole,21.37
Nagpur,2025-08,Meropenem,20.46
Nagpur,2025-09,Amoxicillin,19.23
Nagpur,2025-09,Amoxicillin-Clavulanate,23.1
Nagpur,2025-09,Azithromycin,22.4
Nagpur,2025-09,Cefixime,21.46
Nagpur,2025-09,Ceftriaxone,20.74
Nagpur,2025-09,Ciprofloxacin,20.78
Nagpur,2025-09,Doxycycline,21.9
Nagpur,2025-09,Metronidazole,21.18
Nagpur,2025-09,Cotrimoxazole,22.49
Nagpur,2025-09,Meropenem,21.18
Nagpur,2025-10,Amoxicillin,23.09
Nagpur,2025-10,Amoxicillin-Clavulanate,21.99
Nagpur,2025-10,Azithromycin,22.12
Nagpur,2025-10,Cefixime,19.41
Nagpur,2025-10,Ceftriaxone,20.61
Nagpur,2025-10,Ciprofloxacin,21.31
Nagpur,2025-10,Doxycycline,22.27
Nagpur,2025-10,Metronidazole,23.03
Nagpur,2025-10,Cotrimoxazole,21.22
Nagpur,2025-10,Meropenem,20.1
Nagpur,2025-11,Amoxicillin,19.46
Nagpur,2025-11,Amoxicillin-Clavulanate,22.14
Nagpur,2025-11,Azithromycin,20.23
Nagpur,2025-11,Cefixime,24.57
Nagpur,2025-11,Ceftriaxone,20.74
Nagpur,2025-11,Ciprofloxacin,23.63
Nagpur,2025-11,Doxycycline,21.53
Nagpur,2025-11,Metronidazole,19.46
Nagpur,2025-11,Cotrimoxazole,21.27
Nagpur,2025-11,Meropenem,21.26
Nagpur,2025-12,Amoxicillin,21.28
Nagpur,2025-12,Amoxicillin-Clavulanate,22.04
Nagpur,2025-12,Azithromycin,21.66
Nagpur,2025-12,Cefixime,21.89
Nagpur,2025-12,Ceftriaxone,21.45
Nagpur,2025-12,Ciprofloxacin,19.94
Nagpur,2025-12,Doxycycline,20.56
Nagpur,2025-12,Metronidazole,20.72
Nagpur,2025-12,Cotrimoxazole,18.87
Nagpur,2025-12,Meropenem,20.53
Surat,2024-01,Amoxicillin,17.89
Surat,2024-01,Amoxicillin-Clavulanate,16.21
Surat,2024-01,Azithromycin,16.97
Surat,2024-01,Cefixime,17.4
Surat,2024-01,Ceftriaxone,20.07
Surat,2024-01,Ciprofloxacin,17.99
Surat,2024-01,Doxycycline,18.37
Surat,2024-01,Metronidazole,17.0
Surat,2024-01,Cotrimoxazole,15.43
Surat,2024-01,Meropenem,17.71
Surat,2024-02,Amoxicillin,17.36
Surat,2024-02,Amoxicillin-Clavulanate,17.36
Surat,2024-02,Azithromycin,16.26
Surat,2024-02,Cefixime,17.91
Surat,2024-02,Ceftriaxone,19.21
Surat,2024-02,Ciprofloxacin,18.86
Surat,2024-02,Doxycycline,19.06
Surat,2024-02,Metronidazole,19.12
Surat,2024-02,Cotrimoxazole,15.32
Surat,2024-02,Meropenem,15.75
Surat,2024-03,Amoxicillin,16.47
Surat,2024-03,Amoxicillin-Clavulanate,18.78
Surat,2024-03,Azithromycin,17.01
Surat,2024-03,Cefixime,17.65
Surat,2024-03,Ceftriaxone,18.16
Surat,2024-03,Ciprofloxacin,18.61
Surat,2024-03,Doxycycline,16.03
Surat,2024-03,Metronidazole,16.17
Surat,2024-03,Cotrimoxazole,17.93
Surat,2024-03,Meropenem,18.72
Surat,2024-04,Amoxicillin,19.05
Surat,2024-04,Amoxicillin-Clavulanate,17.82
Surat,2024-04,Azithromycin,16.0
Surat,2024-04,Cefixime,19.85
Surat,2024-04,Ceftriaxone,18.22
Surat,2024-04,Ciprofloxacin,17.54
Surat,2024-04,Doxycycline,16.36
Surat,2024-04,Metronidazole,16.56
Surat,2024-04,Cotrimoxazole,17.47
Surat,2024-04,Meropenem,17.71
Surat,2024-05,Amoxicillin,18.13
Surat,2024-05,Amoxicillin-Clavulanate,19.27
Surat,2024-05,Azithromycin,18.45
Surat,2024-05,Cefixime,21.62
Surat,2024-05,Ceftriaxone,17.53
Surat,2024-05,Ciprofloxacin,19.35
Surat,2024-05,Doxycycline,18.8
Surat,2024-05,Metronidazole,17.36
Surat,2024-05,Cotrimoxazole,19.0
Surat,2024-05,Meropenem,19.17
Surat,2024-06,Amoxicillin,19.94
Surat,2024-06,Amoxicillin-Clavulanate,20.95
Surat,2024-06,Azithromycin,16.68
Surat,2024-06,Cefixime,18.62
Surat,2024-06,Ceftriaxone,21.4
Surat,2024-06,Ciprofloxacin,20.55
Surat,2024-06,Doxycycline,19.56
Surat,2024-06,Metronidazole,20.2
Surat,2024-06,Cotrimoxazole,17.15
Surat,2024-06,Meropenem,19.54
Surat,2024-07,Amoxicillin,21.56
Surat,2024-07,Amoxicillin-Clavulanate,19.24
Surat,2024-07,Azithromycin,22.49
Surat,2024-07,Cefixime,20.3
Surat,2024-07,Ceftriaxone,17.92
Surat,2024-07,Ciprofloxacin,20.51
Surat,2024-07,Doxycycline,18.69
Surat,2024-07,Metronidazole,20.64
Surat,2024-07,Cotrimoxazole,20.39
Surat,2024-07,Meropenem,18.52
Surat,2024-08,Amoxicillin,22.21
Surat,2024-08,Amoxicillin-Clavulanate,21.16
Surat,2024-08,Azithromycin,18.85
Surat,2024-08,Cefixime,20.08
Surat,2024-08,Ceftriaxone,21.06
Surat,2024-08,Ciprofloxacin,19.85
Surat,2024-08,Doxycycline,19.27
Surat,2024-08,Metronidazole,19.55
Surat,2024-08,Cotrimoxazole,18.77
Surat,2024-08,Meropenem,16.87
Surat,2024-09,Amoxicillin,20.38
Surat,2024-09,Amoxicillin-Clavulanate,17.52
Surat,2024-09,Azithromycin,18.26
Surat,2024-09,Cefixime,17.88
Surat,2024-09,Ceftriaxone,18.25
Surat,2024-09,Ciprofloxacin,20.29
Surat,2024-09,Doxycycline,19.0
Surat,2024-09,Metronidazole,18.84
Surat,2024-09,Cotrimoxazole,18.09
Surat,2024-09,Meropenem,18.23
Surat,2024-10,Amoxicillin,20.27
Surat,2024-10,Amoxicillin-Clavulanate,19.4
Surat,2024-10,Azithromycin,20.02
Surat,2024-10,Cefixime,20.64
Surat,2024-10,Ceftriaxone,19.52
Surat,2024-10,Ciprofloxacin,17.54
Surat,2024-10,Doxycycline,18.17
Surat,2024-10,Metronidazole,18.79
Surat,2024-10,Cotrimoxazole,18.44
Surat,2024-10,Meropenem,17.56
Surat,2024-11,Amoxicillin,19.7
Surat,2024-11,Amoxicillin-Clavulanate,21.91
Surat,2024-11,Azithromycin,18.37
Surat,2024-11,Cefixime,19.34
Surat,2024-11,Ceftriaxone,18.13
Surat,2024-11,Ciprofloxacin,20.72
Surat,2024-11,Doxycycline,19.76
Surat,2024-11,Metronidazole,19.57
Surat,2024-11,Cotrimoxazole,20.57
Surat,2024-11,Meropenem,18.05
Surat,2024-12,Amoxicillin,19.01
Surat,2024-12,Amoxicillin-Clavulanate,20.85
Surat,2024-12,Azithromycin,19.34
Surat,2024-12,Cefixime,16.63
Surat,2024-12,Ceftriaxone,19.79
Surat,2024-12,Ciprofloxacin,18.43
Surat,2024-12,Doxycycline,19.53
Surat,2024-12,Metronidazole,18.88
Surat,2024-12,Cotrimoxazole,16.89
Surat,2024-12,Meropenem,18.57
Surat,2025-01,Amoxicillin,19.67
Surat,2025-01,Amoxicillin-Clavulanate,19.47
Surat,2025-01,Azithromycin,19.38
Surat,2025-01,Cefixime,20.82
Surat,2025-01,Ceftriaxone,19.84
Surat,2025-01,Ciprofloxacin,19.2
Surat,2025-01,Doxycycline,19.9
Surat,2025-01,Metronidazole,21.0
Surat,2025-01,Cotrimoxazole,19.91
Surat,2025-01,Meropenem,18.6
Surat,2025-02,Amoxicillin,20.57
Surat,2025-02,Amoxicillin-Clavulanate,19.98
Surat,2025-02,Azithromycin,19.38
Surat,2025-02,Cefixime,22.19
Surat,2025-02,Ceftriaxone,19.21
Surat,2025-02,Ciprofloxacin,21.08
Surat,2025-02,Doxycycline,19.11
Surat,2025-02,Metronidazole,17.51
Surat,2025-02,Cotrimoxazole,19.32
Surat,2025-02,Meropenem,18.36
Surat,2025-03,Amoxicillin,21.35
Surat,2025-03,Amoxicillin-Clavulanate,20.4
Surat,2025-03,Azithromycin,18.82
Surat,2025-03,Cefixime,22.03
Surat,2025-03,Ceftriaxone,21.85
Surat,2025-03,Ciprofloxacin,22.16
Surat,2025-03,Doxycycline,20.09
Surat,2025-03,Metronidazole,19.67
Surat,2025-03,Cotrimoxazole,20.9
Surat,2025-03,Meropenem,18.9
Surat,2025-04,Amoxicillin,21.4
Surat,2025-04,Amoxicillin-Clavulanate,20.64
Surat,2025-04,Azithromycin,18.86
Surat,2025-04,Cefixime,21.09
Surat,2025-04,Ceftriaxone,20.71
Surat,2025-04,Ciprofloxacin,20.69
Surat,2025-04,Doxycycline,20.74
Surat,2025-04,Metronidazole,21.62
Surat,2025-04,Cotrimoxazole,19.71
Surat,2025-04,Meropenem,19.66
Surat,2025-05,Amoxicillin,21.29
Surat,2025-05,Amoxicillin-Clavulanate,20.76
Surat,2025-05,Azithromycin,20.63
Surat,2025-05,Cefixime,21.59
Surat,2025-05,Ceftriaxone,22.71
Surat,2025-05,Ciprofloxacin,22.16
Surat,2025-05,Doxycycline,19.99
Surat,2025-05,Metronidazole,22.45
Surat,2025-05,Cotrimoxazole,22.52
Surat,2025-05,Meropenem,19.84
Surat,2025-06,Amoxicillin,23.97
Surat,2025-06,Amoxicillin-Clavulanate,22.51
Surat,2025-06,Azithromycin,21.58
Surat,2025-06,Cefixime,22.68
Surat,2025-06,Ceftriaxone,22.53
Surat,2025-06,Ciprofloxacin,22.89
Surat,2025-06,Doxycycline,21.82
Surat,2025-06,Metronidazole,21.11
Surat,2025-06,Cotrimoxazole,19.72
Surat,2025-06,Meropenem,21.86
Surat,2025-07,Amoxicillin,22.6
Surat,2025-07,Amoxicillin-Clavulanate,23.39
Surat,2025-07,Azithromycin,22.65
Surat,2025-07,Cefixime,22.29
Surat,2025-07,Ceftriaxone,24.07
Surat,2025-07,Ciprofloxacin,22.89
Surat,2025-07,Doxycycline,22.16
Surat,2025-07,Metronidazole,21.69
Surat,2025-07,Cotrimoxazole,24.18
Surat,2025-07,Meropenem,20.85
Surat,2025-08,Amoxicillin,22.75
Surat,2025-08,Amoxicillin-Clavulanate,21.26
Surat,2025-08,Azithromycin,23.01
Surat,2025-08,Cefixime,22.12
Surat,2025-08,Ceftriaxone,22.52
Surat,2025-08,Ciprofloxacin,22.19
Surat,2025-08,Doxycycline,22.14
Surat,2025-08,Metronidazole,20.56
Surat,2025-08,Cotrimoxazole,19.95
Surat,2025-08,Meropenem,22.23
Surat,2025-09,Amoxicillin,20.58
Surat,2025-09,Amoxicillin-Clavulanate,23.37
Surat,2025-09,Azithromycin,23.74
Surat,2025-09,Cefixime,22.38
Surat,2025-09,Ceftriaxone,24.26
Surat,2025-09,Ciprofloxacin,22.54
Surat,2025-09,Doxycycline,23.65
Surat,2025-09,Metronidazole,21.25
Surat,2025-09,Cotrimoxazole,19.63
Surat,2025-09,Meropenem,21.46
Surat,2025-10,Amoxicillin,24.52
Surat,2025-10,Amoxicillin-Clavulanate,22.77
Surat,2025-10,Azithromycin,21.22
Surat,2025-10,Cefixime,22.68
Surat,2025-10,Ceftriaxone,23.65
Surat,2025-10,Ciprofloxacin,22.22
Surat,2025-10,Doxycycline,24.55
Surat,2025-10,Metronidazole,20.96
Surat,2025-10,Cotrimoxazole,23.09
Surat,2025-10,Meropenem,22.17
Surat,2025-11,Amoxicillin,22.04
Surat,2025-11,Amoxicillin-Clavulanate,21.88
Surat,2025-11,Azithromycin,23.07
Surat,2025-11,Cefixime,22.63
Surat,2025-11,Ceftriaxone,23.11
Surat,2025-11,Ciprofloxacin,20.68
Surat,2025-11,Doxycycline,22.54
Surat,2025-11,Metronidazole,22.0
Surat,2025-11,Cotrimoxazole,22.07
Surat,2025-11,Meropenem,21.88
Surat,2025-12,Amoxicillin,22.18
Surat,2025-12,Amoxicillin-Clavulanate,21.53
Surat,2025-12,Azithromycin,21.52
Surat,2025-12,Cefixime,21.8
Surat,2025-12,Ceftriaxone,24.97
Surat,2025-12,Ciprofloxacin,23.31
Surat,2025-12,Doxycycline,20.59
Surat,2025-12,Metronidazole,23.77
Surat,2025-12,Cotrimoxazole,21.51
Surat,2025-12,Meropenem,21.37
Kochi,2024-01,Amoxicillin,16.82
Kochi,2024-01,Amoxicillin-Clavulanate,13.39
Kochi,2024-01,Azithromycin,15.05
Kochi,2024-01,Cefixime,15.0
Kochi,2024-01,Ceftriaxone,16.02
Kochi,2024-01,Ciprofloxacin,16.04
Kochi,2024-01,Doxycycline,15.15
Kochi,2024-01,Metronidazole,15.02
Kochi,2024-01,Cotrimoxazole,16.61
Kochi,2024-01,Meropenem,15.36
Kochi,2024-02,Amoxicillin,15.97
Kochi,2024-02,Amoxicillin-Clavulanate,15.8
Kochi,2024-02,Azithromycin,17.42
Kochi,2024-02,Cefixime,15.91
Kochi,2024-02,Ceftriaxone,15.32
Kochi,2024-02,Ciprofloxacin,13.62
Kochi,2024-02,Doxycycline,13.74
Kochi,2024-02,Metronidazole,14.73
Kochi,2024-02,Cotrimoxazole,15.4
Kochi,2024-02,Meropenem,14.51
Kochi,2024-03,Amoxicillin,16.14
Kochi,2024-03,Amoxicillin-Clavulanate,14.86
Kochi,2024-03,Azithromycin,14.24
Kochi,2024-03,Cefixime,16.23
Kochi,2024-03,Ceftriaxone,17.22
Kochi,2024-03,Ciprofloxacin,14.34
Kochi,2024-03,Doxycycline,15.44
Kochi,2024-03,Metronidazole,13.0
Kochi,2024-03,Cotrimoxazole,13.74
Kochi,2024-03,Meropenem,14.33
Kochi,2024-04,Amoxicillin,17.32
Kochi,2024-04,Amoxicillin-Clavulanate,14.94
Kochi,2024-04,Azithromycin,14.66
Kochi,2024-04,Cefixime,15.91
Kochi,2024-04,Ceftriaxone,16.07
Kochi,2024-04,Ciprofloxacin,15.01
Kochi,2024-04,Doxycycline,17.66
Kochi,2024-04,Metronidazole,15.1
Kochi,2024-04,Cotrimoxazole,15.8
Kochi,2024-04,Meropenem,14.83
Kochi,2024-05,Amoxicillin,16.67
Kochi,2024-05,Amoxicillin-Clavulanate,17.27
Kochi,2024-05,Azithromycin,17.5
Kochi,2024-05,Cefixime,15.15
Kochi,2024-05,Ceftriaxone,17.36
Kochi,2024-05,Ciprofloxacin,16.59
Kochi,2024-05,Doxycycline,16.66
Kochi,2024-05,Metronidazole,15.4
Kochi,2024-05,Cotrimoxazole,15.58
Kochi,2024-05,Meropenem,16.41
Kochi,2024-06,Amoxicillin,17.55
Kochi,2024-06,Amoxicillin-Clavulanate,17.93
Kochi,2024-06,Azithromycin,16.18
Kochi,2024-06,Cefixime,16.17
Kochi,2024-06,Ceftriaxone,13.75
Kochi,2024-06,Ciprofloxacin,14.52
Kochi,2024-06,Doxycycline,15.44
Kochi,2024-06,Metronidazole,14.58
Kochi,2024-06,Cotrimoxazole,16.98
Kochi,2024-06,Meropenem,14.23
Kochi,2024-07,Amoxicillin,16.08
Kochi,2024-07,Amoxicillin-Clavulanate,15.83
Kochi,2024-07,Azithromycin,17.42
Kochi,2024-07,Cefixime,15.76
Kochi,2024-07,Ceftriaxone,17.09
Kochi,2024-07,Ciprofloxacin,16.64
Kochi,2024-07,Doxycycline,17.0
Kochi,2024-07,Metronidazole,16.86
Kochi,2024-07,Cotrimoxazole,16.18
Kochi,2024-07,Meropenem,13.93
Kochi,2024-08,Amoxicillin,16.67
Kochi,2024-08,Amoxicillin-Clavulanate,16.6
Kochi,2024-08,Azithromycin,16.68
Kochi,2024-08,Cefixime,15.9
Kochi,2024-08,Ceftriaxone,18.14
Kochi,2024-08,Ciprofloxacin,16.73
Kochi,2024-08,Doxycycline,15.27
Kochi,2024-08,Metronidazole,15.7
Kochi,2024-08,Cotrimoxazole,18.62
Kochi,2024-08,Meropenem,16.8
Kochi,2024-09,Amoxicillin,17.88
Kochi,2024-09,Amoxicillin-Clavulanate,15.29
Kochi,2024-09,Azithromycin,15.43
Kochi,2024-09,Cefixime,15.77
Kochi,2024-09,Ceftriaxone,16.89
Kochi,2024-09,Ciprofloxacin,16.33
Kochi,2024-09,Doxycycline,15.57
Kochi,2024-09,Metronidazole,15.63
Kochi,2024-09,Cotrimoxazole,15.44
Kochi,2024-09,Meropenem,15.71
Kochi,2024-10,Amoxicillin,17.76
Kochi,2024-10,Amoxicillin-Clavulanate,14.59
Kochi,2024-10,Azithromycin,16.4
Kochi,2024-10,Cefixime,17.86
Kochi,2024-10,Ceftriaxone,16.3
Kochi,2024-10,Ciprofloxacin,15.76
Kochi,2024-10,Doxycycline,16.96
Kochi,2024-10,Metronidazole,14.78
Kochi,2024-10,Cotrimoxazole,16.11
Kochi,2024-10,Meropenem,14.6
Kochi,2024-11,Amoxicillin,14.09
Kochi,2024-11,Amoxicillin-Clavulanate,15.72
Kochi,2024-11,Azithromycin,14.27
Kochi,2024-11,Cefixime,15.94
Kochi,2024-11,Ceftriaxone,17.33
Kochi,2024-11,Ciprofloxacin,18.0
Kochi,2024-11,Doxycycline,15.69
Kochi,2024-11,Metronidazole,16.63
Kochi,2024-11,Cotrimoxazole,16.21
Kochi,2024-11,Meropenem,14.98
Kochi,2024-12,Amoxicillin,13.89
Kochi,2024-12,Amoxicillin-Clavulanate,17.54
Kochi,2024-12,Azithromycin,14.38
Kochi,2024-12,Cefixime,17.35
Kochi,2024-12,Ceftriaxone,16.56
Kochi,2024-12,Ciprofloxacin,14.75
Kochi,2024-12,Doxycycline,15.81
Kochi,2024-12,Metronidazole,17.74
Kochi,2024-12,Cotrimoxazole,17.33
Kochi,2024-12,Meropenem,14.72
Kochi,2025-01,Amoxicillin,15.21
Kochi,2025-01,Amoxicillin-Clavulanate,15.85
Kochi,2025-01,Azithromycin,15.35
Kochi,2025-01,Cefixime,17.13
Kochi,2025-01,Ceftriaxone,16.77
Kochi,2025-01,Ciprofloxacin,13.95
Kochi,2025-01,Doxycycline,15.96
Kochi,2025-01,Metronidazole,15.19
Kochi,2025-01,Cotrimoxazole,15.68
Kochi,2025-01,Meropenem,15.55
Kochi,2025-02,Amoxicillin,17.74
Kochi,2025-02,Amoxicillin-Clavulanate,17.23
Kochi,2025-02,Azithromycin,15.11
Kochi,2025-02,Cefixime,16.17
Kochi,2025-02,Ceftriaxone,15.89
Kochi,2025-02,Ciprofloxacin,14.38
Kochi,2025-02,Doxycycline,15.74
Kochi,2025-02,Metronidazole,17.81
Kochi,2025-02,Cotrimoxazole,14.16
Kochi,2025-02,Meropenem,15.64
Kochi,2025-03,Amoxicillin,16.82
Kochi,2025-03,Amoxicillin-Clavulanate,16.93
Kochi,2025-03,Azithromycin,15.31
Kochi,2025-03,Cefixime,15.12
Kochi,2025-03,Ceftriaxone,15.33
Kochi,2025-03,Ciprofloxacin,18.15
Kochi,2025-03,Doxycycline,15.21
Kochi,2025-03,Metronidazole,15.67
Kochi,2025-03,Cotrimoxazole,18.81
Kochi,2025-03,Meropenem,15.29
Kochi,2025-04,Amoxicillin,17.83
Kochi,2025-04,Amoxicillin-Clavulanate,18.33
Kochi,2025-04,Azithromycin,18.03
Kochi,2025-04,Cefixime,15.78
Kochi,2025-04,Ceftriaxone,16.63
Kochi,2025-04,Ciprofloxacin,17.58
Kochi,2025-04,Doxycycline,18.95
Kochi,2025-04,Metronidazole,15.91
Kochi,2025-04,Cotrimoxazole,16.49
Kochi,2025-04,Meropenem,17.08
Kochi,2025-05,Amoxicillin,19.0
Kochi,2025-05,Amoxicillin-Clavulanate,18.74
Kochi,2025-05,Azithromycin,16.79
Kochi,2025-05,Cefixime,17.5
Kochi,2025-05,Ceftriaxone,18.51
Kochi,2025-05,Ciprofloxacin,19.48
Kochi,2025-05,Doxycycline,17.37
Kochi,2025-05,Metronidazole,17.51
Kochi,2025-05,Cotrimoxazole,16.73
Kochi,2025-05,Meropenem,19.45
Kochi,2025-06,Amoxicillin,18.95
Kochi,2025-06,Amoxicillin-Clavulanate,19.63
Kochi,2025-06,Azithromycin,18.19
Kochi,2025-06,Cefixime,18.63
Kochi,2025-06,Ceftriaxone,17.08
Kochi,2025-06,Ciprofloxacin,16.17
Kochi,2025-06,Doxycycline,19.44
Kochi,2025-06,Metronidazole,18.05
Kochi,2025-06,Cotrimoxazole,18.53
Kochi,2025-06,Meropenem,16.45
Kochi,2025-07,Amoxicillin,18.0
Kochi,2025-07,Amoxicillin-Clavulanate,19.82
Kochi,2025-07,Azithromycin,20.28
Kochi,2025-07,Cefixime,18.07
Kochi,2025-07,Ceftriaxone,19.68
Kochi,2025-07,Ciprofloxacin,18.96
Kochi,2025-07,Doxycycline,18.13
Kochi,2025-07,Metronidazole,20.21
Kochi,2025-07,Cotrimoxazole,18.01
Kochi,2025-07,Meropenem,19.39
Kochi,2025-08,Amoxicillin,19.72
Kochi,2025-08,Amoxicillin-Clavulanate,18.94
Kochi,2025-08,Azithromycin,20.17
Kochi,2025-08,Cefixime,19.38
Kochi,2025-08,Ceftriaxone,19.15
Kochi,2025-08,Ciprofloxacin,20.57
Kochi,2025-08,Doxycycline,19.94
Kochi,2025-08,Metronidazole,19.79
Kochi,2025-08,Cotrimoxazole,14.53
Kochi,2025-08,Meropenem,18.8
Kochi,2025-09,Amoxicillin,19.52
Kochi,2025-09,Amoxicillin-Clavulanate,18.91
Kochi,2025-09,Azithromycin,19.33
Kochi,2025-09,Cefixime,19.33
Kochi,2025-09,Ceftriaxone,19.99
Kochi,2025-09,Ciprofloxacin,18.75
Kochi,2025-09,Doxycycline,20.2
Kochi,2025-09,Metronidazole,19.32
Kochi,2025-09,Cotrimoxazole,19.4
Kochi,2025-09,Meropenem,18.85
Kochi,2025-10,Amoxicillin,20.22
Kochi,2025-10,Amoxicillin-Clavulanate,19.75
Kochi,2025-10,Azithromycin,18.22
Kochi,2025-10,Cefixime,19.8
Kochi,2025-10,Ceftriaxone,19.09
Kochi,2025-10,Ciprofloxacin,20.82
Kochi,2025-10,Doxycycline,19.45
Kochi,2025-10,Metronidazole,17.47
Kochi,2025-10,Cotrimoxazole,21.04
Kochi,2025-10,Meropenem,15.7
Kochi,2025-11,Amoxicillin,19.62
Kochi,2025-11,Amoxicillin-Clavulanate,17.83
Kochi,2025-11,Azithromycin,20.39
Kochi,2025-11,Cefixime,18.97
Kochi,2025-11,Ceftriaxone,18.0
Kochi,2025-11,Ciprofloxacin,18.39
Kochi,2025-11,Doxycycline,17.44
Kochi,2025-11,Metronidazole,17.8
Kochi,2025-11,Cotrimoxazole,18.1
Kochi,2025-11,Meropenem,17.17
Kochi,2025-12,Amoxicillin,19.2
Kochi,2025-12,Amoxicillin-Clavulanate,19.02
Kochi,2025-12,Azithromycin,17.22
Kochi,2025-12,Cefixime,16.85
Kochi,2025-12,Ceftriaxone,19.2
Kochi,2025-12,Ciprofloxacin,19.26
Kochi,2025-12,Doxycycline,19.02
Kochi,2025-12,Metronidazole,18.74
Kochi,2025-12,Cotrimoxazole,20.18
Kochi,2025-12,Meropenem,19.09
Visakhapatnam,2024-01,Amoxicillin,20.61
Visakhapatnam,2024-01,Amoxicillin-Clavulanate,20.73
Visakhapatnam,2024-01,Azithromycin,15.08
Visakhapatnam,2024-01,Cefixime,15.0
Visakhapatnam,2024-01,Ceftriaxone,17.6
Visakhapatnam,2024-01,Ciprofloxacin,17.97
Visakhapatnam,2024-01,Doxycycline,16.83
Visakhapatnam,2024-01,Metronidazole,17.59
Visakhapatnam,2024-01,Cotrimoxazole,16.87
Visakhapatnam,2024-01,Meropenem,15.91
Visakhapatnam,2024-02,Amoxicillin,17.15
Visakhapatnam,2024-02,Amoxicillin-Clavulanate,17.18
Visakhapatnam,2024-02,Azithromycin,18.03
Visakhapatnam,2024-02,Cefixime,16.97
Visakhapatnam,2024-02,Ceftriaxone,17.38
Visakhapatnam,2024-02,Ciprofloxacin,18.13
Visakhapatnam,2024-02,Doxycycline,16.79
Visakhapatnam,2024-02,Metronidazole,18.13
Visakhapatnam,2024-02,Cotrimoxazole,16.24
Visakhapatnam,2024-02,Meropenem,15.51
Visakhapatnam,2024-03,Amoxicillin,18.33
Visakhapatnam,2024-03,Amoxicillin-Clavulanate,18.09
Visakhapatnam,2024-03,Azithromycin,16.39
Visakhapatnam,2024-03,Cefixime,19.23
Visakhapatnam,2024-03,Ceftriaxone,20.07
Visakhapatnam,2024-03,Ciprofloxacin,17.06
Visakhapatnam,2024-03,Doxycycline,18.88
Visakhapatnam,2024-03,Metronidazole,14.52
Visakhapatnam,2024-03,Cotrimoxazole,18.68
Visakhapatnam,2024-03,Meropenem,16.05
Visakhapatnam,2024-04,Amoxicillin,19.73
Visakhapatnam,2024-04,Amoxicillin-Clavulanate,17.22
Visakhapatnam,2024-04,Azithromycin,17.89
Visakhapatnam,2024-04,Cefixime,17.5
Visakhapatnam,2024-04,Ceftriaxone,18.37
Visakhapatnam,2024-04,Ciprofloxacin,20.4
Visakhapatnam,2024-04,Doxycycline,17.74
Visakhapatnam,2024-04,Metronidazole,20.07
Visakhapatnam,2024-04,Cotrimoxazole,17.7
Visakhapatnam,2024-04,Meropenem,19.23
Visakhapatnam,2024-05,Amoxicillin,17.33
Visakhapatnam,2024-05,Amoxicillin-Clavulanate,18.42
Visakhapatnam,2024-05,Azithromycin,17.81
Visakhapatnam,2024-05,Cefixime,20.53
Visakhapatnam,2024-05,Ceftriaxone,19.27
Visakhapatnam,2024-05,Ciprofloxacin,16.54
Visakhapatnam,2024-05,Doxycycline,16.85
Visakhapatnam,2024-05,Metronidazole,17.06
Visakhapatnam,2024-05,Cotrimoxazole,19.59
Visakhapatnam,2024-05,Meropenem,18.9
Visakhapatnam,2024-06,Amoxicillin,18.95
Visakhapatnam,2024-06,Amoxicillin-Clavulanate,18.29
Visakhapatnam,2024-06,Azithromycin,19.34
Visakhapatnam,2024-06,Cefixime,17.76
Visakhapatnam,2024-06,Ceftriaxone,19.73
Visakhapatnam,2024-06,Ciprofloxacin,19.41
Visakhapatnam,2024-06,Doxycycline,18.14
Visakhapatnam,2024-06,Metronidazole,18.77
Visakhapatnam,2024-06,Cotrimoxazole,18.83
Visakhapatnam,2024-06,Meropenem,18.71
Visakhapatnam,2024-07,Amoxicillin,18.27
Visakhapatnam,2024-07,Amoxicillin-Clavulanate,20.01
Visakhapatnam,2024-07,Azithromycin,20.12
Visakhapatnam,2024-07,Cefixime,19.8
Visakhapatnam,2024-07,Ceftriaxone,20.34
Visakhapatnam,2024-07,Ciprofloxacin,19.33
Visakhapatnam,2024-07,Doxycycline,19.85
Visakhapatnam,2024-07,Metronidazole,18.83
Visakhapatnam,2024-07,Cotrimoxazole,17.9
Visakhapatnam,2024-07,Meropenem,19.49
Visakhapatnam,2024-08,Amoxicillin,18.22
Visakhapatnam,2024-08,Amoxicillin-Clavulanate,19.92
Visakhapatnam,2024-08,Azithromycin,18.84
Visakhapatnam,2024-08,Cefixime,19.24
Visakhapatnam,2024-08,Ceftriaxone,20.15
Visakhapatnam,2024-08,Ciprofloxacin,18.95
Visakhapatnam,2024-08,Doxycycline,19.71
Visakhapatnam,2024-08,Metronidazole,19.09
Visakhapatnam,2024-08,Cotrimoxazole,18.76
Visakhapatnam,2024-08,Meropenem,20.32
Visakhapatnam,2024-09,Amoxicillin,20.0
Visakhapatnam,2024-09,Amoxicillin-Clavulanate,20.08
Visakhapatnam,2024-09,Azithromycin,20.6
Visakhapatnam,2024-09,Cefixime,21.04
Visakhapatnam,2024-09,Ceftriaxone,20.36
Visakhapatnam,2024-09,Ciprofloxacin,19.16
Visakhapatnam,2024-09,Doxycycline,17.35
Visakhapatnam,2024-09,Metronidazole,19.04
Visakhapatnam,2024-09,Cotrimoxazole,20.42
Visakhapatnam,2024-09,Meropenem,19.03
Visakhapatnam,2024-10,Amoxicillin,15.58
Visakhapatnam,2024-10,Amoxicillin-Clavulanate,19.94
Visakhapatnam,2024-10,Azithromycin,19.68
Visakhapatnam,2024-10,Cefixime,18.76
Visakhapatnam,2024-10,Ceftriaxone,20.4
Visakhapatnam,2024-10,Ciprofloxacin,19.78
Visakhapatnam,2024-10,Doxycycline,17.8
Visakhapatnam,2024-10,Metronidazole,19.84
Visakhapatnam,2024-10,Cotrimoxazole,17.43
Visakhapatnam,2024-10,Meropenem,18.22
Visakhapatnam,2024-11,Amoxicillin,19.11
Visakhapatnam,2024-11,Amoxicillin-Clavulanate,18.0
Visakhapatnam,2024-11,Azithromycin,18.92
Visakhapatnam,2024-11,Cefixime,20.46
Visakhapatnam,2024-11,Ceftriaxone,20.6
Visakhapatnam,2024-11,Ciprofloxacin,19.81
Visakhapatnam,2024-11,Doxycycline,16.62
Visakhapatnam,2024-11,Metronidazole,16.9
Visakhapatnam,2024-11,Cotrimoxazole,18.93
Visakhapatnam,2024-11,Meropenem,18.18
Visakhapatnam,2024-12,Amoxicillin,18.37
Visakhapatnam,2024-12,Amoxicillin-Clavulanate,20.66
Visakhapatnam,2024-12,Azithromycin,18.37
Visakhapatnam,2024-12,Cefixime,19.26
Visakhapatnam,2024-12,Ceftriaxone,19.96
Visakhapatnam,2024-12,Ciprofloxacin,18.73
Visakhapatnam,2024-12,Doxycycline,21.0
Visakhapatnam,2024-12,Metronidazole,17.02
Visakhapatnam,2024-12,Cotrimoxazole,17.74
Visakhapatnam,2024-12,Meropenem,16.86
Visakhapatnam,2025-01,Amoxicillin,20.8
Visakhapatnam,2025-01,Amoxicillin-Clavulanate,19.6
Visakhapatnam,2025-01,Azithromycin,17.81
Visakhapatnam,2025-01,Cefixime,17.87
Visakhapatnam,2025-01,Ceftriaxone,20.55
Visakhapatnam,2025-01,Ciprofloxacin,19.22
Visakhapatnam,2025-01,Doxycycline,19.86
Visakhapatnam,2025-01,Metronidazole,18.14
Visakhapatnam,2025-01,Cotrimoxazole,19.13
Visakhapatnam,2025-01,Meropenem,18.38
Visakhapatnam,2025-02,Amoxicillin,18.69
Visakhapatnam,2025-02,Amoxicillin-Clavulanate,18.85
Visakhapatnam,2025-02,Azithromycin,17.39
Visakhapatnam,2025-02,Cefixime,19.66
Visakhapatnam,2025-02,Ceftriaxone,20.16
Visakhapatnam,2025-02,Ciprofloxacin,20.21
Visakhapatnam,2025-02,Doxycycline,19.32
Visakhapatnam,2025-02,Metronidazole,18.35
Visakhapatnam,2025-02,Cotrimoxazole,20.56
Visakhapatnam,2025-02,Meropenem,19.31
Visakhapatnam,2025-03,Amoxicillin,21.73
Visakhapatnam,2025-03,Amoxicillin-Clavulanate,21.41
Visakhapatnam,2025-03,Azithromycin,19.34
Visakhapatnam,2025-03,Cefixime,20.35
Visakhapatnam,2025-03,Ceftriaxone,21.0
Visakhapatnam,2025-03,Ciprofloxacin,18.66
Visakhapatnam,2025-03,Doxycycline,18.12
Visakhapatnam,2025-03,Metronidazole,17.82
Visakhapatnam,2025-03,Cotrimoxazole,19.52
Visakhapatnam,2025-03,Meropenem,18.71
Visakhapatnam,2025-04,Amoxicillin,19.18
Visakhapatnam,2025-04,Amoxicillin-Clavulanate,20.51
Visakhapatnam,2025-04,Azithromycin,19.89
Visakhapatnam,2025-04,Cefixime,21.77
Visakhapatnam,2025-04,Ceftriaxone,22.92
Visakhapatnam,2025-04,Ciprofloxacin,20.97
Visakhapatnam,2025-04,Doxycycline,19.11
Visakhapatnam,2025-04,Metronidazole,20.47
Visakhapatnam,2025-04,Cotrimoxazole,20.18
Visakhapatnam,2025-04,Meropenem,19.32
Visakhapatnam,2025-05,Amoxicillin,20.55
Visakhapatnam,2025-05,Amoxicillin-Clavulanate,20.55
Visakhapatnam,2025-05,Azithromycin,20.5
Visakhapatnam,2025-05,Cefixime,22.07
Visakhapatnam,2025-05,Ceftriaxone,22.0
Visakhapatnam,2025-05,Ciprofloxacin,23.2
Visakhapatnam,2025-05,Doxycycline,21.31
Visakhapatnam,2025-05,Metronidazole,20.91
Visakhapatnam,2025-05,Cotrimoxazole,20.54
Visakhapatnam,2025-05,Meropenem,19.12
Visakhapatnam,2025-06,Amoxicillin,21.13
Visakhapatnam,2025-06,Amoxicillin-Clavulanate,20.55
Visakhapatnam,2025-06,Azithromycin,18.12
Visakhapatnam,2025-06,Cefixime,20.33
Visakhapatnam,2025-06,Ceftriaxone,23.46
Visakhapatnam,2025-06,Ciprofloxacin,21.85
Visakhapatnam,2025-06,Doxycycline,20.4
Visakhapatnam,2025-06,Metronidazole,21.12
Visakhapatnam,2025-06,Cotrimoxazole,18.98
Visakhapatnam,2025-06,Meropenem,20.81
Visakhapatnam,2025-07,Amoxicillin,23.8
Visakhapatnam,2025-07,Amoxicillin-Clavulanate,21.8
Visakhapatnam,2025-07,Azithromycin,19.59
Visakhapatnam,2025-07,Cefixime,21.61
Visakhapatnam,2025-07,Ceftriaxone,23.73
Visakhapatnam,2025-07,Ciprofloxacin,22.35
Visakhapatnam,2025-07,Doxycycline,19.84
Visakhapatnam,2025-07,Metronidazole,23.88
Visakhapatnam,2025-07,Cotrimoxazole,20.35
Visakhapatnam,2025-07,Meropenem,20.81
Visakhapatnam,2025-08,Amoxicillin,21.27
Visakhapatnam,2025-08,Amoxicillin-Clavulanate,20.81
Visakhapatnam,2025-08,Azithromycin,21.06
Visakhapatnam,2025-08,Cefixime,22.78
Visakhapatnam,2025-08,Ceftriaxone,23.76
Visakhapatnam,2025-08,Ciprofloxacin,21.66
Visakhapatnam,2025-08,Doxycycline,20.31
Visakhapatnam,2025-08,Metronidazole,21.82
Visakhapatnam,2025-08,Cotrimoxazole,22.31
Visakhapatnam,2025-08,Meropenem,21.36
Visakhapatnam,2025-09,Amoxicillin,22.68
Visakhapatnam,2025-09,Amoxicillin-Clavulanate,21.8
Visakhapatnam,2025-09,Azithromycin,21.64
Visakhapatnam,2025-09,Cefixime,21.85
Visakhapatnam,2025-09,Ceftriaxone,23.49
Visakhapatnam,2025-09,Ciprofloxacin,24.5
Visakhapatnam,2025-09,Doxycycline,21.6
Visakhapatnam,2025-09,Metronidazole,21.26
Visakhapatnam,2025-09,Cotrimoxazole,22.01
Visakhapatnam,2025-09,Meropenem,20.35
Visakhapatnam,2025-10,Amoxicillin,23.07
Visakhapatnam,2025-10,Amoxicillin-Clavulanate,22.26
Visakhapatnam,2025-10,Azithromycin,20.94
Visakhapatnam,2025-10,Cefixime,22.9
Visakhapatnam,2025-10,Ceftriaxone,22.18
Visakhapatnam,2025-10,Ciprofloxacin,20.84
Visakhapatnam,2025-10,Doxycycline,21.66
Visakhapatnam,2025-10,Metronidazole,21.4
Visakhapatnam,2025-10,Cotrimoxazole,22.64
Visakhapatnam,2025-10,Meropenem,21.87
Visakhapatnam,2025-11,Amoxicillin,22.07
Visakhapatnam,2025-11,Amoxicillin-Clavulanate,21.23
Visakhapatnam,2025-11,Azithromycin,21.38
Visakhapatnam,2025-11,Cefixime,22.28
Visakhapatnam,2025-11,Ceftriaxone,22.66
Visakhapatnam,2025-11,Ciprofloxacin,22.21
Visakhapatnam,2025-11,Doxycycline,21.15
Visakhapatnam,2025-11,Metronidazole,22.22
Visakhapatnam,2025-11,Cotrimoxazole,20.82
Visakhapatnam,2025-11,Meropenem,23.66
Visakhapatnam,2025-12,Amoxicillin,22.71
Visakhapatnam,2025-12,Amoxicillin-Clavulanate,20.2
Visakhapatnam,2025-12,Azithromycin,21.28
Visakhapatnam,2025-12,Cefixime,22.41
Visakhapatnam,2025-12,Ceftriaxone,21.42
Visakhapatnam,2025-12,Ciprofloxacin,19.92
Visakhapatnam,2025-12,Doxycycline,19.81
Visakhapatnam,2025-12,Metronidazole,21.43
Visakhapatnam,2025-12,Cotrimoxazole,19.33
Visakhapatnam,2025-12,Meropenem,19.06
Bhopal,2024-01,Amoxicillin,18.29
Bhopal,2024-01,Amoxicillin-Clavulanate,17.1
Bhopal,2024-01,Azithromycin,16.28
Bhopal,2024-01,Cefixime,16.9
Bhopal,2024-01,Ceftriaxone,16.03
Bhopal,2024-01,Ciprofloxacin,17.98
Bhopal,2024-01,Doxycycline,16.06
Bhopal,2024-01,Metronidazole,16.26
Bhopal,2024-01,Cotrimoxazole,17.58
Bhopal,2024-01,Meropenem,16.42
Bhopal,2024-02,Amoxicillin,17.01
Bhopal,2024-02,Amoxicillin-Clavulanate,15.25
Bhopal,2024-02,Azithromycin,17.54
Bhopal,2024-02,Cefixime,17.62
Bhopal,2024-02,Ceftriaxone,17.16
Bhopal,2024-02,Ciprofloxacin,16.39
Bhopal,2024-02,Doxycycline,17.05
Bhopal,2024-02,Metronidazole,17.47
Bhopal,2024-02,Cotrimoxazole,17.39
Bhopal,2024-02,Meropenem,18.59
Bhopal,2024-03,Amoxicillin,19.47
Bhopal,2024-03,Amoxicillin-Clavulanate,18.2
Bhopal,2024-03,Azithromycin,18.81
Bhopal,2024-03,Cefixime,18.48
Bhopal,2024-03,Ceftriaxone,18.69
Bhopal,2024-03,Ciprofloxacin,19.85
Bhopal,2024-03,Doxycycline,16.9
Bhopal,2024-03,Metronidazole,17.8
Bhopal,2024-03,Cotrimoxazole,19.46
Bhopal,2024-03,Meropenem,17.96
Bhopal,2024-04,Amoxicillin,18.52
Bhopal,2024-04,Amoxicillin-Clavulanate,16.66
Bhopal,2024-04,Azithromycin,15.71
Bhopal,2024-04,Cefixime,20.93
Bhopal,2024-04,Ceftriaxone,19.21
Bhopal,2024-04,Ciprofloxacin,18.01
Bhopal,2024-04,Doxycycline,18.49
Bhopal,2024-04,Metronidazole,16.95
Bhopal,2024-04,Cotrimoxazole,18.01
Bhopal,2024-04,Meropenem,16.79
Bhopal,2024-05,Amoxicillin,17.84
Bhopal,2024-05,Amoxicillin-Clavulanate,16.68
Bhopal,2024-05,Azithromycin,16.9
Bhopal,2024-05,Cefixime,20.24
Bhopal,2024-05,Ceftriaxone,18.25
Bhopal,2024-05,Ciprofloxacin,19.7
Bhopal,2024-05,Doxycycline,19.6
Bhopal,2024-05,Metronidazole,18.45
Bhopal,2024-05,Cotrimoxazole,18.5
Bhopal,2024-05,Meropenem,18.41
Bhopal,2024-06,Amoxicillin,19.1
Bhopal,2024-06,Amoxicillin-Clavulanate,20.49
Bhopal,2024-06,Azithromycin,20.88
Bhopal,2024-06,Cefixime,20.87
Bhopal,2024-06,Ceftriaxone,17.14
Bhopal,2024-06,Ciprofloxacin,18.8
Bhopal,2024-06,Doxycycline,18.71
Bhopal,2024-06,Metronidazole,19.1
Bhopal,2024-06,Cotrimoxazole,17.09
Bhopal,2024-06,Meropenem,16.5
Bhopal,2024-07,Amoxicillin,21.23
Bhopal,2024-07,Amoxicillin-Clavulanate,18.77
Bhopal,2024-07,Azithromycin,17.4
Bhopal,2024-07,Cefixime,18.29
Bhopal,2024-07,Ceftriaxone,20.16
Bhopal,2024-07,Ciprofloxacin,18.6
Bhopal,2024-07,Doxycycline,19.19
Bhopal,2024-07,Metronidazole,17.73
Bhopal,2024-07,Cotrimoxazole,17.29
Bhopal,2024-07,Meropenem,20.2
Bhopal,2024-08,Amoxicillin,20.23
Bhopal,2024-08,Amoxicillin-Clavulanate,19.02
Bhopal,2024-08,Azithromycin,18.47
Bhopal,2024-08,Cefixime,21.12
Bhopal,2024-08,Ceftriaxone,20.39
Bhopal,2024-08,Ciprofloxacin,20.77
Bhopal,2024-08,Doxycycline,18.29
Bhopal,2024-08,Metronidazole,18.87
Bhopal,2024-08,Cotrimoxazole,19.66
Bhopal,2024-08,Meropenem,18.04
Bhopal,2024-09,Amoxicillin,19.66
Bhopal,2024-09,Amoxicillin-Clavulanate,18.73
Bhopal,2024-09,Azithromycin,19.47
Bhopal,2024-09,Cefixime,18.03
Bhopal,2024-09,Ceftriaxone,20.34
Bhopal,2024-09,Ciprofloxacin,19.82
Bhopal,2024-09,Doxycycline,18.69
Bhopal,2024-09,Metronidazole,19.29
Bhopal,2024-09,Cotrimoxazole,18.8
Bhopal,2024-09,Meropenem,17.89
Bhopal,2024-10,Amoxicillin,19.95
Bhopal,2024-10,Amoxicillin-Clavulanate,19.62
Bhopal,2024-10,Azithromycin,18.09
Bhopal,2024-10,Cefixime,18.43
Bhopal,2024-10,Ceftriaxone,19.1
Bhopal,2024-10,Ciprofloxacin,18.47
Bhopal,2024-10,Doxycycline,20.22
Bhopal,2024-10,Metronidazole,18.78
Bhopal,2024-10,Cotrimoxazole,18.82
Bhopal,2024-10,Meropenem,17.24
Bhopal,2024-11,Amoxicillin,19.94
Bhopal,2024-11,Amoxicillin-Clavulanate,18.09
Bhopal,2024-11,Azithromycin,17.72
Bhopal,2024-11,Cefixime,19.71
Bhopal,2024-11,Ceftriaxone,19.5
Bhopal,2024-11,Ciprofloxacin,16.11
Bhopal,2024-11,Doxycycline,18.16
Bhopal,2024-11,Metronidazole,18.37
Bhopal,2024-11,Cotrimoxazole,18.23
Bhopal,2024-11,Meropenem,18.25
Bhopal,2024-12,Amoxicillin,17.07
Bhopal,2024-12,Amoxicillin-Clavulanate,15.58
Bhopal,2024-12,Azithromycin,17.31
Bhopal,2024-12,Cefixime,19.11
Bhopal,2024-12,Ceftriaxone,15.46
Bhopal,2024-12,Ciprofloxacin,17.87
Bhopal,2024-12,Doxycycline,16.17
Bhopal,2024-12,Metronidazole,17.91
Bhopal,2024-12,Cotrimoxazole,20.69
Bhopal,2024-12,Meropenem,17.78
Bhopal,2025-01,Amoxicillin,18.94
Bhopal,2025-01,Amoxicillin-Clavulanate,19.62
Bhopal,2025-01,Azithromycin,18.41
Bhopal,2025-01,Cefixime,18.56
Bhopal,2025-01,Ceftriaxone,20.03
Bhopal,2025-01,Ciprofloxacin,19.32
Bhopal,2025-01,Doxycycline,18.6
Bhopal,2025-01,Metronidazole,18.03
Bhopal,2025-01,Cotrimoxazole,18.16
Bhopal,2025-01,Meropenem,19.04
Bhopal,2025-02,Amoxicillin,18.96
Bhopal,2025-02,Amoxicillin-Clavulanate,20.32
Bhopal,2025-02,Azithromycin,17.5
Bhopal,2025-02,Cefixime,20.65
Bhopal,2025-02,Ceftriaxone,19.8
Bhopal,2025-02,Ciprofloxacin,18.0
Bhopal,2025-02,Doxycycline,19.11
Bhopal,2025-02,Metronidazole,17.73
Bhopal,2025-02,Cotrimoxazole,18.84
Bhopal,2025-02,Meropenem,17.75
Bhopal,2025-03,Amoxicillin,19.74
Bhopal,2025-03,Amoxicillin-Clavulanate,20.54
Bhopal,2025-03,Azithromycin,19.74
Bhopal,2025-03,Cefixime,18.37
Bhopal,2025-03,Ceftriaxone,18.66
Bhopal,2025-03,Ciprofloxacin,19.91
Bhopal,2025-03,Doxycycline,19.44
Bhopal,2025-03,Metronidazole,18.21
Bhopal,2025-03,Cotrimoxazole,21.09
Bhopal,2025-03,Meropenem,19.69
Bhopal,2025-04,Amoxicillin,20.1
Bhopal,2025-04,Amoxicillin-Clavulanate,19.58
Bhopal,2025-04,Azithromycin,19.77
Bhopal,2025-04,Cefixime,20.13
Bhopal,2025-04,Ceftriaxone,22.11
Bhopal,2025-04,Ciprofloxacin,21.58
Bhopal,2025-04,Doxycycline,19.95
Bhopal,2025-04,Metronidazole,20.54
Bhopal,2025-04,Cotrimoxazole,21.11
Bhopal,2025-04,Meropenem,19.68
Bhopal,2025-05,Amoxicillin,21.92
Bhopal,2025-05,Amoxicillin-Clavulanate,21.69
Bhopal,2025-05,Azithromycin,21.2
Bhopal,2025-05,Cefixime,20.31
Bhopal,2025-05,Ceftriaxone,20.66
Bhopal,2025-05,Ciprofloxacin,20.84
Bhopal,2025-05,Doxycycline,19.77
Bhopal,2025-05,Metronidazole,18.8
Bhopal,2025-05,Cotrimoxazole,21.6
Bhopal,2025-05,Meropenem,20.61
Bhopal,2025-06,Amoxicillin,20.58
Bhopal,2025-06,Amoxicillin-Clavulanate,21.34
Bhopal,2025-06,Azithromycin,21.01
Bhopal,2025-06,Cefixime,21.93
Bhopal,2025-06,Ceftriaxone,20.8
Bhopal,2025-06,Ciprofloxacin,20.24
Bhopal,2025-06,Doxycycline,21.66
Bhopal,2025-06,Metronidazole,19.27
Bhopal,2025-06,Cotrimoxazole,21.15
Bhopal,2025-06,Meropenem,20.41
Bhopal,2025-07,Amoxicillin,22.32
Bhopal,2025-07,Amoxicillin-Clavulanate,22.27
Bhopal,2025-07,Azithromycin,23.35
Bhopal,2025-07,Cefixime,20.37
Bhopal,2025-07,Ceftriaxone,23.35
Bhopal,2025-07,Ciprofloxacin,19.36
Bhopal,2025-07,Doxycycline,23.0
Bhopal,2025-07,Metronidazole,19.08
Bhopal,2025-07,Cotrimoxazole,24.47
Bhopal,2025-07,Meropenem,20.71
Bhopal,2025-08,Amoxicillin,23.98
Bhopal,2025-08,Amoxicillin-Clavulanate,23.29
Bhopal,2025-08,Azithromycin,21.22
Bhopal,2025-08,Cefixime,21.84
Bhopal,2025-08,Ceftriaxone,21.58
Bhopal,2025-08,Ciprofloxacin,23.1
Bhopal,2025-08,Doxycycline,21.1
Bhopal,2025-08,Metronidazole,20.54
Bhopal,2025-08,Cotrimoxazole,22.49
Bhopal,2025-08,Meropenem,20.25
Bhopal,2025-09,Amoxicillin,21.84
Bhopal,2025-09,Amoxicillin-Clavulanate,21.87
Bhopal,2025-09,Azithromycin,20.66
Bhopal,2025-09,Cefixime,21.34
Bhopal,2025-09,Ceftriaxone,23.83
Bhopal,2025-09,Ciprofloxacin,21.66
Bhopal,2025-09,Doxycycline,20.85
Bhopal,2025-09,Metronidazole,20.92
Bhopal,2025-09,Cotrimoxazole,22.06
Bhopal,2025-09,Meropenem,19.79
Bhopal,2025-10,Amoxicillin,22.58
Bhopal,2025-10,Amoxicillin-Clavulanate,21.95
Bhopal,2025-10,Azithromycin,19.32
Bhopal,2025-10,Cefixime,23.77
Bhopal,2025-10,Ceftriaxone,23.65
Bhopal,2025-10,Ciprofloxacin,20.91
Bhopal,2025-10,Doxycycline,19.93
Bhopal,2025-10,Metronidazole,21.29
Bhopal,2025-10,Cotrimoxazole,19.91
Bhopal,2025-10,Meropenem,22.35
Bhopal,2025-11,Amoxicillin,21.28
Bhopal,2025-11,Amoxicillin-Clavulanate,23.15
Bhopal,2025-11,Azithromycin,20.1
Bhopal,2025-11,Cefixime,21.37
Bhopal,2025-11,Ceftriaxone,23.13
Bhopal,2025-11,Ciprofloxacin,21.14
Bhopal,2025-11,Doxycycline,21.18
Bhopal,2025-11,Metronidazole,21.96
Bhopal,2025-11,Cotrimoxazole,20.58
Bhopal,2025-11,Meropenem,19.19
Bhopal,2025-12,Amoxicillin,20.17
Bhopal,2025-12,Amoxicillin-Clavulanate,21.99
Bhopal,2025-12,Azithromycin,21.41
Bhopal,2025-12,Cefixime,22.64
Bhopal,2025-12,Ceftriaxone,21.41
Bhopal,2025-12,Ciprofloxacin,19.9
Bhopal,2025-12,Doxycycline,18.28
Bhopal,2025-12,Metronidazole,23.9
Bhopal,2025-12,Cotrimoxazole,21.75
Bhopal,2025-12,Meropenem,20.72
Indore,2024-01,Amoxicillin,21.43
Indore,2024-01,Amoxicillin-Clavulanate,19.08
Indore,2024-01,Azithromycin,19.37
Indore,2024-01,Cefixime,22.7
Indore,2024-01,Ceftriaxone,21.78
Indore,2024-01,Ciprofloxacin,19.94
Indore,2024-01,Doxycycline,18.76
Indore,2024-01,Metronidazole,19.41
Indore,2024-01,Cotrimoxazole,20.1
Indore,2024-01,Meropenem,22.03
Indore,2024-02,Amoxicillin,21.0
Indore,2024-02,Amoxicillin-Clavulanate,19.43
Indore,2024-02,Azithromycin,20.27
Indore,2024-02,Cefixime,21.16
Indore,2024-02,Ceftriaxone,19.73
Indore,2024-02,Ciprofloxacin,21.31
Indore,2024-02,Doxycycline,21.53
Indore,2024-02,Metronidazole,20.22
Indore,2024-02,Cotrimoxazole,19.66
Indore,2024-02,Meropenem,19.28
Indore,2024-03,Amoxicillin,19.92
Indore,2024-03,Amoxicillin-Clavulanate,21.11
Indore,2024-03,Azithromycin,21.18
Indore,2024-03,Cefixime,20.41
Indore,2024-03,Ceftriaxone,23.81
Indore,2024-03,Ciprofloxacin,22.27
Indore,2024-03,Doxycycline,18.73
Indore,2024-03,Metronidazole,18.61
Indore,2024-03,Cotrimoxazole,19.97
Indore,2024-03,Meropenem,22.09
Indore,2024-04,Amoxicillin,23.08
Indore,2024-04,Amoxicillin-Clavulanate,23.39
Indore,2024-04,Azithromycin,21.19
Indore,2024-04,Cefixime,21.52
Indore,2024-04,Ceftriaxone,20.66
Indore,2024-04,Ciprofloxacin,22.13
Indore,2024-04,Doxycycline,20.82
Indore,2024-04,Metronidazole,20.64
Indore,2024-04,Cotrimoxazole,23.17
Indore,2024-04,Meropenem,20.54
Indore,2024-05,Amoxicillin,23.67
Indore,2024-05,Amoxicillin-Clavulanate,19.96
Indore,2024-05,Azithromycin,24.24
Indore,2024-05,Cefixime,21.44
Indore,2024-05,Ceftriaxone,22.92
Indore,2024-05,Ciprofloxacin,22.81
Indore,2024-05,Doxycycline,20.6
Indore,2024-05,Metronidazole,21.9
Indore,2024-05,Cotrimoxazole,22.46
Indore,2024-05,Meropenem,20.0
Indore,2024-06,Amoxicillin,21.62
Indore,2024-06,Amoxicillin-Clavulanate,21.94
Indore,2024-06,Azithromycin,21.33
Indore,2024-06,Cefixime,23.56
Indore,2024-06,Ceftriaxone,23.09
Indore,2024-06,Ciprofloxacin,21.95
Indore,2024-06,Doxycycline,21.98
Indore,2024-06,Metronidazole,18.92
Indore,2024-06,Cotrimoxazole,21.0
Indore,2024-06,Meropenem,21.27
Indore,2024-07,Amoxicillin,23.98
Indore,2024-07,Amoxicillin-Clavulanate,22.46
Indore,2024-07,Azithromycin,23.4
Indore,2024-07,Cefixime,23.34
Indore,2024-07,Ceftriaxone,22.14
Indore,2024-07,Ciprofloxacin,22.23
Indore,2024-07,Doxycycline,22.1
Indore,2024-07,Metronidazole,21.01
Indore,2024-07,Cotrimoxazole,23.7
Indore,2024-07,Meropenem,20.07
Indore,2024-08,Amoxicillin,23.21
Indore,2024-08,Amoxicillin-Clavulanate,23.16
Indore,2024-08,Azithromycin,21.57
Indore,2024-08,Cefixime,21.91
Indore,2024-08,Ceftriaxone,22.71
Indore,2024-08,Ciprofloxacin,23.39
Indore,2024-08,Doxycycline,21.22
Indore,2024-08,Metronidazole,20.45
Indore,2024-08,Cotrimoxazole,23.4
Indore,2024-08,Meropenem,21.84
Indore,2024-09,Amoxicillin,24.13
Indore,2024-09,Amoxicillin-Clavulanate,23.34
Indore,2024-09,Azithromycin,24.47
Indore,2024-09,Cefixime,23.88
Indore,2024-09,Ceftriaxone,22.15
Indore,2024-09,Ciprofloxacin,23.17
Indore,2024-09,Doxycycline,21.31
Indore,2024-09,Metronidazole,21.27
Indore,2024-09,Cotrimoxazole,20.73
Indore,2024-09,Meropenem,21.24
Indore,2024-10,Amoxicillin,24.48
Indore,2024-10,Amoxicillin-Clavulanate,23.26
Indore,2024-10,Azithromycin,21.66
Indore,2024-10,Cefixime,21.81
Indore,2024-10,Ceftriaxone,26.12
Indore,2024-10,Ciprofloxacin,23.85
Indore,2024-10,Doxycycline,21.81
Indore,2024-10,Metronidazole,23.07
Indore,2024-10,Cotrimoxazole,25.51
Indore,2024-10,Meropenem,23.01
Indore,2024-11,Amoxicillin,20.71
Indore,2024-11,Amoxicillin-Clavulanate,26.16
Indore,2024-11,Azithromycin,20.75
Indore,2024-11,Cefixime,23.17
Indore,2024-11,Ceftriaxone,22.46
Indore,2024-11,Ciprofloxacin,22.58
Indore,2024-11,Doxycycline,22.95
Indore,2024-11,Metronidazole,20.2
Indore,2024-11,Cotrimoxazole,22.92
Indore,2024-11,Meropenem,23.51
Indore,2024-12,Amoxicillin,22.83
Indore,2024-12,Amoxicillin-Clavulanate,21.7
Indore,2024-12,Azithromycin,22.62
Indore,2024-12,Cefixime,23.01
Indore,2024-12,Ceftriaxone,23.03
Indore,2024-12,Ciprofloxacin,22.07
Indore,2024-12,Doxycycline,23.19
Indore,2024-12,Metronidazole,23.12
Indore,2024-12,Cotrimoxazole,21.83
Indore,2024-12,Meropenem,21.22
Indore,2025-01,Amoxicillin,24.09
Indore,2025-01,Amoxicillin-Clavulanate,22.34
Indore,2025-01,Azithromycin,23.14
Indore,2025-01,Cefixime,25.17
Indore,2025-01,Ceftriaxone,23.79
Indore,2025-01,Ciprofloxacin,22.22
Indore,2025-01,Doxycycline,23.22
Indore,2025-01,Metronidazole,22.44
Indore,2025-01,Cotrimoxazole,23.01
Indore,2025-01,Meropenem,22.93
Indore,2025-02,Amoxicillin,24.85
Indore,2025-02,Amoxicillin-Clavulanate,23.59
Indore,2025-02,Azithromycin,23.03
Indore,2025-02,Cefixime,25.98
Indore,2025-02,Ceftriaxone,25.34
Indore,2025-02,Ciprofloxacin,24.63
Indore,2025-02,Doxycycline,23.09
Indore,2025-02,Metronidazole,21.68
Indore,2025-02,Cotrimoxazole,24.56
Indore,2025-02,Meropenem,22.72
Indore,2025-03,Amoxicillin,23.26
Indore,2025-03,Amoxicillin-Clavulanate,23.1
Indore,2025-03,Azithromycin,21.86
Indore,2025-03,Cefixime,24.69
Indore,2025-03,Ceftriaxone,24.58
Indore,2025-03,Ciprofloxacin,23.72
Indore,2025-03,Doxycycline,22.72
Indore,2025-03,Metronidazole,21.87
Indore,2025-03,Cotrimoxazole,20.8
Indore,2025-03,Meropenem,20.84
Indore,2025-04,Amoxicillin,23.92
Indore,2025-04,Amoxicillin-Clavulanate,23.2
Indore,2025-04,Azithromycin,24.03
Indore,2025-04,Cefixime,25.23
Indore,2025-04,Ceftriaxone,24.52
Indore,2025-04,Ciprofloxacin,25.89
Indore,2025-04,Doxycycline,22.69
Indore,2025-04,Metronidazole,23.24
Indore,2025-04,Cotrimoxazole,23.89
Indore,2025-04,Meropenem,24.35
Indore,2025-05,Amoxicillin,25.67
Indore,2025-05,Amoxicillin-Clavulanate,25.12
Indore,2025-05,Azithromycin,22.66
Indore,2025-05,Cefixime,24.15
Indore,2025-05,Ceftriaxone,26.68
Indore,2025-05,Ciprofloxacin,22.86
Indore,2025-05,Doxycycline,25.79
Indore,2025-05,Metronidazole,24.7
Indore,2025-05,Cotrimoxazole,23.91
Indore,2025-05,Meropenem,22.98
Indore,2025-06,Amoxicillin,28.27
Indore,2025-06,Amoxicillin-Clavulanate,27.14
Indore,2025-06,Azithromycin,24.94
Indore,2025-06,Cefixime,25.91
Indore,2025-06,Ceftriaxone,25.39
Indore,2025-06,Ciprofloxacin,25.91
Indore,2025-06,Doxycycline,24.16
Indore,2025-06,Metronidazole,24.64
Indore,2025-06,Cotrimoxazole,27.32
Indore,2025-06,Meropenem,24.37
Indore,2025-07,Amoxicillin,26.01
Indore,2025-07,Amoxicillin-Clavulanate,25.02
Indore,2025-07,Azithromycin,26.12
Indore,2025-07,Cefixime,25.87
Indore,2025-07,Ceftriaxone,27.34
Indore,2025-07,Ciprofloxacin,24.93
Indore,2025-07,Doxycycline,26.56
Indore,2025-07,Metronidazole,24.46
Indore,2025-07,Cotrimoxazole,26.31
Indore,2025-07,Meropenem,24.98
Indore,2025-08,Amoxicillin,29.3
Indore,2025-08,Amoxicillin-Clavulanate,26.96
Indore,2025-08,Azithromycin,28.37
Indore,2025-08,Cefixime,27.57
Indore,2025-08,Ceftriaxone,28.89
Indore,2025-08,Ciprofloxacin,26.73
Indore,2025-08,Doxycycline,26.43
Indore,2025-08,Metronidazole,27.2
Indore,2025-08,Cotrimoxazole,27.5
Indore,2025-08,Meropenem,26.18
Indore,2025-09,Amoxicillin,26.96
Indore,2025-09,Amoxicillin-Clavulanate,26.52
Indore,2025-09,Azithromycin,27.4
Indore,2025-09,Cefixime,28.35
Indore,2025-09,Ceftriaxone,26.58
Indore,2025-09,Ciprofloxacin,26.05
Indore,2025-09,Doxycycline,24.98
Indore,2025-09,Metronidazole,26.7
Indore,2025-09,Cotrimoxazole,25.4
Indore,2025-09,Meropenem,26.42
Indore,2025-10,Amoxicillin,27.68
Indore,2025-10,Amoxicillin-Clavulanate,25.86
Indore,2025-10,Azithromycin,27.65
Indore,2025-10,Cefixime,25.03
Indore,2025-10,Ceftriaxone,28.82
Indore,2025-10,Ciprofloxacin,26.99
Indore,2025-10,Doxycycline,23.47
Indore,2025-10,Metronidazole,27.33
Indore,2025-10,Cotrimoxazole,27.26
Indore,2025-10,Meropenem,24.84
Indore,2025-11,Amoxicillin,25.98
Indore,2025-11,Amoxicillin-Clavulanate,24.7
Indore,2025-11,Azithromycin,28.56
Indore,2025-11,Cefixime,25.59
Indore,2025-11,Ceftriaxone,25.57
Indore,2025-11,Ciprofloxacin,26.9
Indore,2025-11,Doxycycline,23.92
Indore,2025-11,Metronidazole,24.47
Indore,2025-11,Cotrimoxazole,27.26
Indore,2025-11,Meropenem,25.8
Indore,2025-12,Amoxicillin,26.22
Indore,2025-12,Amoxicillin-Clavulanate,26.06
Indore,2025-12,Azithromycin,25.05
Indore,2025-12,Cefixime,26.15
Indore,2025-12,Ceftriaxone,25.72
Indore,2025-12,Ciprofloxacin,25.58
Indore,2025-12,Doxycycline,24.69
Indore,2025-12,Metronidazole,24.39
Indore,2025-12,Cotrimoxazole,26.94
Indore,2025-12,Meropenem,25.78
Jabalpur,2024-01,Amoxicillin,13.76
Jabalpur,2024-01,Amoxicillin-Clavulanate,13.22
Jabalpur,2024-01,Azithromycin,14.16
Jabalpur,2024-01,Cefixime,16.98
Jabalpur,2024-01,Ceftriaxone,13.62
Jabalpur,2024-01,Ciprofloxacin,14.43
Jabalpur,2024-01,Doxycycline,14.36
Jabalpur,2024-01,Metronidazole,14.07
Jabalpur,2024-01,Cotrimoxazole,13.93
Jabalpur,2024-01,Meropenem,15.36
Jabalpur,2024-02,Amoxicillin,15.37
Jabalpur,2024-02,Amoxicillin-Clavulanate,15.55
Jabalpur,2024-02,Azithromycin,15.06
Jabalpur,2024-02,Cefixime,15.68
Jabalpur,2024-02,Ceftriaxone,16.58
Jabalpur,2024-02,Ciprofloxacin,16.16
Jabalpur,2024-02,Doxycycline,16.9
Jabalpur,2024-02,Metronidazole,15.62
Jabalpur,2024-02,Cotrimoxazole,13.78
Jabalpur,2024-02,Meropenem,15.1
Jabalpur,2024-03,Amoxicillin,16.15
Jabalpur,2024-03,Amoxicillin-Clavulanate,17.22
Jabalpur,2024-03,Azithromycin,13.82
Jabalpur,2024-03,Cefixime,15.8
Jabalpur,2024-03,Ceftriaxone,14.58
Jabalpur,2024-03,Ciprofloxacin,15.75
Jabalpur,2024-03,Doxycycline,14.58
Jabalpur,2024-03,Metronidazole,15.27
Jabalpur,2024-03,Cotrimoxazole,13.45
Jabalpur,2024-03,Meropenem,15.5
Jabalpur,2024-04,Amoxicillin,15.82
Jabalpur,2024-04,Amoxicillin-Clavulanate,15.49
Jabalpur,2024-04,Azithromycin,17.25
Jabalpur,2024-04,Cefixime,14.98
Jabalpur,2024-04,Ceftriaxone,15.93
Jabalpur,2024-04,Ciprofloxacin,15.51
Jabalpur,2024-04,Doxycycline,15.24
Jabalpur,2024-04,Metronidazole,17.39
Jabalpur,2024-04,Cotrimoxazole,15.28
Jabalpur,2024-04,Meropenem,14.21
Jabalpur,2024-05,Amoxicillin,18.05
Jabalpur,2024-05,Amoxicillin-Clavulanate,15.38
Jabalpur,2024-05,Azithromycin,13.71
Jabalpur,2024-05,Cefixime,14.98
Jabalpur,2024-05,Ceftriaxone,14.58
Jabalpur,2024-05,Ciprofloxacin,13.81
Jabalpur,2024-05,Doxycycline,15.0
Jabalpur,2024-05,Metronidazole,15.24
Jabalpur,2024-05,Cotrimoxazole,16.89
Jabalpur,2024-05,Meropenem,15.9
Jabalpur,2024-06,Amoxicillin,16.91
Jabalpur,2024-06,Amoxicillin-Clavulanate,15.01
Jabalpur,2024-06,Azithromycin,16.72
Jabalpur,2024-06,Cefixime,17.6
Jabalpur,2024-06,Ceftriaxone,16.66
Jabalpur,2024-06,Ciprofloxacin,16.53
Jabalpur,2024-06,Doxycycline,14.28
Jabalpur,2024-06,Metronidazole,16.75
Jabalpur,2024-06,Cotrimoxazole,17.83
Jabalpur,2024-06,Meropenem,15.82
Jabalpur,2024-07,Amoxicillin,15.92
Jabalpur,2024-07,Amoxicillin-Clavulanate,16.11
Jabalpur,2024-07,Azithromycin,15.58
Jabalpur,2024-07,Cefixime,15.97
Jabalpur,2024-07,Ceftriaxone,17.25
Jabalpur,2024-07,Ciprofloxacin,16.68
Jabalpur,2024-07,Doxycycline,17.06
Jabalpur,2024-07,Metronidazole,16.28
Jabalpur,2024-07,Cotrimoxazole,15.21
Jabalpur,2024-07,Meropenem,15.2
Jabalpur,2024-08,Amoxicillin,16.05
Jabalpur,2024-08,Amoxicillin-Clavulanate,16.17
Jabalpur,2024-08,Azithromycin,18.1
Jabalpur,2024-08,Cefixime,18.61
Jabalpur,2024-08,Ceftriaxone,17.54
Jabalpur,2024-08,Ciprofloxacin,16.59
Jabalpur,2024-08,Doxycycline,14.55
Jabalpur,2024-08,Metronidazole,16.21
Jabalpur,2024-08,Cotrimoxazole,15.38
Jabalpur,2024-08,Meropenem,17.63
Jabalpur,2024-09,Amoxicillin,14.82
Jabalpur,2024-09,Amoxicillin-Clavulanate,16.73
Jabalpur,2024-09,Azithromycin,15.1
Jabalpur,2024-09,Cefixime,16.37
Jabalpur,2024-09,Ceftriaxone,17.28
Jabalpur,2024-09,Ciprofloxacin,17.51
Jabalpur,2024-09,Doxycycline,15.91
Jabalpur,2024-09,Metronidazole,16.74
Jabalpur,2024-09,Cotrimoxazole,15.45
Jabalpur,2024-09,Meropenem,16.05
Jabalpur,2024-10,Amoxicillin,17.41
Jabalpur,2024-10,Amoxicillin-Clavulanate,16.4
Jabalpur,2024-10,Azithromycin,15.22
Jabalpur,2024-10,Cefixime,15.81
Jabalpur,2024-10,Ceftriaxone,17.38
Jabalpur,2024-10,Ciprofloxacin,14.91
Jabalpur,2024-10,Doxycycline,14.69
Jabalpur,2024-10,Metronidazole,16.31
Jabalpur,2024-10,Cotrimoxazole,15.44
Jabalpur,2024-10,Meropenem,13.94
Jabalpur,2024-11,Amoxicillin,17.45
Jabalpur,2024-11,Amoxicillin-Clavulanate,14.5
Jabalpur,2024-11,Azithromycin,15.27
Jabalpur,2024-11,Cefixime,15.1
Jabalpur,2024-11,Ceftriaxone,15.6
Jabalpur,2024-11,Ciprofloxacin,14.81
Jabalpur,2024-11,Doxycycline,16.21
Jabalpur,2024-11,Metronidazole,15.47
Jabalpur,2024-11,Cotrimoxazole,16.68
Jabalpur,2024-11,Meropenem,14.57
Jabalpur,2024-12,Amoxicillin,18.02
Jabalpur,2024-12,Amoxicillin-Clavulanate,13.34
Jabalpur,2024-12,Azithromycin,13.48
Jabalpur,2024-12,Cefixime,17.43
Jabalpur,2024-12,Ceftriaxone,16.16
Jabalpur,2024-12,Ciprofloxacin,15.88
Jabalpur,2024-12,Doxycycline,15.63
Jabalpur,2024-12,Metronidazole,15.72
Jabalpur,2024-12,Cotrimoxazole,15.66
Jabalpur,2024-12,Meropenem,13.92
Jabalpur,2025-01,Amoxicillin,16.71
Jabalpur,2025-01,Amoxicillin-Clavulanate,16.29
Jabalpur,2025-01,Azithromycin,16.93
Jabalpur,2025-01,Cefixime,17.58
Jabalpur,2025-01,Ceftriaxone,16.14
Jabalpur,2025-01,Ciprofloxacin,14.28
Jabalpur,2025-01,Doxycycline,17.24
Jabalpur,2025-01,Metronidazole,14.1
Jabalpur,2025-01,Cotrimoxazole,15.83
Jabalpur,2025-01,Meropenem,14.83
Jabalpur,2025-02,Amoxicillin,15.72
Jabalpur,2025-02,Amoxicillin-Clavulanate,16.78
Jabalpur,2025-02,Azithromycin,15.99
Jabalpur,2025-02,Cefixime,16.58
Jabalpur,2025-02,Ceftriaxone,15.26
Jabalpur,2025-02,Ciprofloxacin,15.82
Jabalpur,2025-02,Doxycycline,14.8
Jabalpur,2025-02,Metronidazole,15.36
Jabalpur,2025-02,Cotrimoxazole,15.7
Jabalpur,2025-02,Meropenem,17.5
Jabalpur,2025-03,Amoxicillin,16.25
Jabalpur,2025-03,Amoxicillin-Clavulanate,13.94
Jabalpur,2025-03,Azithromycin,17.58
Jabalpur,2025-03,Cefixime,16.84
Jabalpur,2025-03,Ceftriaxone,16.36
Jabalpur,2025-03,Ciprofloxacin,15.87
Jabalpur,2025-03,Doxycycline,14.93
Jabalpur,2025-03,Metronidazole,18.03
Jabalpur,2025-03,Cotrimoxazole,16.22
Jabalpur,2025-03,Meropenem,13.88
Jabalpur,2025-04,Amoxicillin,17.49
Jabalpur,2025-04,Amoxicillin-Clavulanate,18.18
Jabalpur,2025-04,Azithromycin,16.78
Jabalpur,2025-04,Cefixime,15.94
Jabalpur,2025-04,Ceftriaxone,16.0
Jabalpur,2025-04,Ciprofloxacin,15.92
Jabalpur,2025-04,Doxycycline,18.2
Jabalpur,2025-04,Metronidazole,16.37
Jabalpur,2025-04,Cotrimoxazole,14.88
Jabalpur,2025-04,Meropenem,16.75
Jabalpur,2025-05,Amoxicillin,18.16
Jabalpur,2025-05,Amoxicillin-Clavulanate,17.2
Jabalpur,2025-05,Azithromycin,16.31
Jabalpur,2025-05,Cefixime,16.61
Jabalpur,2025-05,Ceftriaxone,19.16
Jabalpur,2025-05,Ciprofloxacin,18.06
Jabalpur,2025-05,Doxycycline,17.87
Jabalpur,2025-05,Metronidazole,17.52
Jabalpur,2025-05,Cotrimoxazole,17.92
Jabalpur,2025-05,Meropenem,16.61
Jabalpur,2025-06,Amoxicillin,18.05
Jabalpur,2025-06,Amoxicillin-Clavulanate,19.24
Jabalpur,2025-06,Azithromycin,19.25
Jabalpur,2025-06,Cefixime,16.71
Jabalpur,2025-06,Ceftriaxone,18.0
Jabalpur,2025-06,Ciprofloxacin,18.98
Jabalpur,2025-06,Doxycycline,19.67
Jabalpur,2025-06,Metronidazole,19.47
Jabalpur,2025-06,Cotrimoxazole,16.95
Jabalpur,2025-06,Meropenem,18.78
Jabalpur,2025-07,Amoxicillin,18.6
Jabalpur,2025-07,Amoxicillin-Clavulanate,19.37
Jabalpur,2025-07,Azithromycin,18.81
Jabalpur,2025-07,Cefixime,16.92
Jabalpur,2025-07,Ceftriaxone,19.1
Jabalpur,2025-07,Ciprofloxacin,19.42
Jabalpur,2025-07,Doxycycline,17.83
Jabalpur,2025-07,Metronidazole,17.49
Jabalpur,2025-07,Cotrimoxazole,16.35
Jabalpur,2025-07,Meropenem,18.37
Jabalpur,2025-08,Amoxicillin,18.89
Jabalpur,2025-08,Amoxicillin-Clavulanate,17.33
Jabalpur,2025-08,Azithromycin,17.71
Jabalpur,2025-08,Cefixime,18.6
Jabalpur,2025-08,Ceftriaxone,18.0
Jabalpur,2025-08,Ciprofloxacin,18.44
Jabalpur,2025-08,Doxycycline,16.05
Jabalpur,2025-08,Metronidazole,19.36
Jabalpur,2025-08,Cotrimoxazole,18.22
Jabalpur,2025-08,Meropenem,16.53
Jabalpur,2025-09,Amoxicillin,15.85
Jabalpur,2025-09,Amoxicillin-Clavulanate,19.37
Jabalpur,2025-09,Azithromycin,18.58
Jabalpur,2025-09,Cefixime,18.56
Jabalpur,2025-09,Ceftriaxone,19.46
Jabalpur,2025-09,Ciprofloxacin,19.28
Jabalpur,2025-09,Doxycycline,18.09
Jabalpur,2025-09,Metronidazole,17.51
Jabalpur,2025-09,Cotrimoxazole,17.64
Jabalpur,2025-09,Meropenem,18.11
Jabalpur,2025-10,Amoxicillin,19.77
Jabalpur,2025-10,Amoxicillin-Clavulanate,17.82
Jabalpur,2025-10,Azithromycin,19.3
Jabalpur,2025-10,Cefixime,18.43
Jabalpur,2025-10,Ceftriaxone,18.61
Jabalpur,2025-10,Ciprofloxacin,20.66
Jabalpur,2025-10,Doxycycline,19.4
Jabalpur,2025-10,Metronidazole,19.35
Jabalpur,2025-10,Cotrimoxazole,16.92
Jabalpur,2025-10,Meropenem,19.78
Jabalpur,2025-11,Amoxicillin,18.11
Jabalpur,2025-11,Amoxicillin-Clavulanate,17.65
Jabalpur,2025-11,Azithromycin,15.27
Jabalpur,2025-11,Cefixime,18.35
Jabalpur,2025-11,Ceftriaxone,16.97
Jabalpur,2025-11,Ciprofloxacin,18.44
Jabalpur,2025-11,Doxycycline,16.29
Jabalpur,2025-11,Metronidazole,19.46
Jabalpur,2025-11,Cotrimoxazole,18.38
Jabalpur,2025-11,Meropenem,19.86
Jabalpur,2025-12,Amoxicillin,16.78
Jabalpur,2025-12,Amoxicillin-Clavulanate,19.32
Jabalpur,2025-12,Azithromycin,15.39
Jabalpur,2025-12,Cefixime,17.93
Jabalpur,2025-12,Ceftriaxone,17.17
Jabalpur,2025-12,Ciprofloxacin,17.21
Jabalpur,2025-12,Doxycycline,16.73
Jabalpur,2025-12,Metronidazole,16.21
Jabalpur,2025-12,Cotrimoxazole,16.11
Jabalpur,2025-12,Meropenem,16.61
Gwalior,2024-01,Amoxicillin,15.51
Gwalior,2024-01,Amoxicillin-Clavulanate,16.39
Gwalior,2024-01,Azithromycin,15.21
Gwalior,2024-01,Cefixime,16.47
Gwalior,2024-01,Ceftriaxone,13.71
Gwalior,2024-01,Ciprofloxacin,14.71
Gwalior,2024-01,Doxycycline,15.59
Gwalior,2024-01,Metronidazole,15.11
Gwalior,2024-01,Cotrimoxazole,14.05
Gwalior,2024-01,Meropenem,15.65
Gwalior,2024-02,Amoxicillin,14.88
Gwalior,2024-02,Amoxicillin-Clavulanate,14.34
Gwalior,2024-02,Azithromycin,15.51
Gwalior,2024-02,Cefixime,15.28
Gwalior,2024-02,Ceftriaxone,14.85
Gwalior,2024-02,Ciprofloxacin,14.66
Gwalior,2024-02,Doxycycline,13.72
Gwalior,2024-02,Metronidazole,14.39
Gwalior,2024-02,Cotrimoxazole,16.3
Gwalior,2024-02,Meropenem,14.98
Gwalior,2024-03,Amoxicillin,16.84
Gwalior,2024-03,Amoxicillin-Clavulanate,16.08
Gwalior,2024-03,Azithromycin,14.6
Gwalior,2024-03,Cefixime,13.78
Gwalior,2024-03,Ceftriaxone,14.73
Gwalior,2024-03,Ciprofloxacin,14.85
Gwalior,2024-03,Doxycycline,14.38
Gwalior,2024-03,Metronidazole,16.2
Gwalior,2024-03,Cotrimoxazole,16.46
Gwalior,2024-03,Meropenem,17.44
Gwalior,2024-04,Amoxicillin,15.17
Gwalior,2024-04,Amoxicillin-Clavulanate,17.49
Gwalior,2024-04,Azithromycin,17.24
Gwalior,2024-04,Cefixime,15.55
Gwalior,2024-04,Ceftriaxone,16.49
Gwalior,2024-04,Ciprofloxacin,17.18
Gwalior,2024-04,Doxycycline,15.35
Gwalior,2024-04,Metronidazole,15.18
Gwalior,2024-04,Cotrimoxazole,14.92
Gwalior,2024-04,Meropenem,12.62
Gwalior,2024-05,Amoxicillin,16.5
Gwalior,2024-05,Amoxicillin-Clavulanate,15.35
Gwalior,2024-05,Azithromycin,14.7
Gwalior,2024-05,Cefixime,16.68
Gwalior,2024-05,Ceftriaxone,14.78
Gwalior,2024-05,Ciprofloxacin,17.1
Gwalior,2024-05,Doxycycline,16.33
Gwalior,2024-05,Metronidazole,15.27
Gwalior,2024-05,Cotrimoxazole,15.93
Gwalior,2024-05,Meropenem,14.28
Gwalior,2024-06,Amoxicillin,17.61
Gwalior,2024-06,Amoxicillin-Clavulanate,16.69
Gwalior,2024-06,Azithromycin,16.51
Gwalior,2024-06,Cefixime,17.12
Gwalior,2024-06,Ceftriaxone,16.03
Gwalior,2024-06,Ciprofloxacin,14.9
Gwalior,2024-06,Doxycycline,17.19
Gwalior,2024-06,Metronidazole,16.81
Gwalior,2024-06,Cotrimoxazole,15.76
Gwalior,2024-06,Meropenem,16.38
Gwalior,2024-07,Amoxicillin,18.43
Gwalior,2024-07,Amoxicillin-Clavulanate,18.0
Gwalior,2024-07,Azithromycin,15.86
Gwalior,2024-07,Cefixime,15.19
Gwalior,2024-07,Ceftriaxone,15.56
Gwalior,2024-07,Ciprofloxacin,16.49
Gwalior,2024-07,Doxycycline,18.0
Gwalior,2024-07,Metronidazole,15.5
Gwalior,2024-07,Cotrimoxazole,15.96
Gwalior,2024-07,Meropenem,15.5
Gwalior,2024-08,Amoxicillin,16.46
Gwalior,2024-08,Amoxicillin-Clavulanate,16.73
Gwalior,2024-08,Azithromycin,15.08
Gwalior,2024-08,Cefixime,18.03
Gwalior,2024-08,Ceftriaxone,16.85
Gwalior,2024-08,Ciprofloxacin,19.56
Gwalior,2024-08,Doxycycline,15.11
Gwalior,2024-08,Metronidazole,18.06
Gwalior,2024-08,Cotrimoxazole,18.15
Gwalior,2024-08,Meropenem,15.73
Gwalior,2024-09,Amoxicillin,16.59
Gwalior,2024-09,Amoxicillin-Clavulanate,15.71
Gwalior,2024-09,Azithromycin,15.47
Gwalior,2024-09,Cefixime,16.81
Gwalior,2024-09,Ceftriaxone,17.01
Gwalior,2024-09,Ciprofloxacin,15.05
Gwalior,2024-09,Doxycycline,18.91
Gwalior,2024-09,Metronidazole,16.01
Gwalior,2024-09,Cotrimoxazole,16.67
Gwalior,2024-09,Meropenem,15.48
Gwalior,2024-10,Amoxicillin,16.53
Gwalior,2024-10,Amoxicillin-Clavulanate,16.14
Gwalior,2024-10,Azithromycin,16.28
Gwalior,2024-10,Cefixime,16.6
Gwalior,2024-10,Ceftriaxone,17.66
Gwalior,2024-10,Ciprofloxacin,16.86
Gwalior,2024-10,Doxycycline,16.98
Gwalior,2024-10,Metronidazole,16.11
Gwalior,2024-10,Cotrimoxazole,16.66
Gwalior,2024-10,Meropenem,15.73
Gwalior,2024-11,Amoxicillin,17.37
Gwalior,2024-11,Amoxicillin-Clavulanate,16.36
Gwalior,2024-11,Azithromycin,15.6
Gwalior,2024-11,Cefixime,15.87
Gwalior,2024-11,Ceftriaxone,16.11
Gwalior,2024-11,Ciprofloxacin,16.11
Gwalior,2024-11,Doxycycline,15.64
Gwalior,2024-11,Metronidazole,15.01
Gwalior,2024-11,Cotrimoxazole,16.73
Gwalior,2024-11,Meropenem,16.42
Gwalior,2024-12,Amoxicillin,18.21
Gwalior,2024-12,Amoxicillin-Clavulanate,15.33
Gwalior,2024-12,Azithromycin,16.5
Gwalior,2024-12,Cefixime,13.96
Gwalior,2024-12,Ceftriaxone,17.13
Gwalior,2024-12,Ciprofloxacin,14.46
Gwalior,2024-12,Doxycycline,14.61
Gwalior,2024-12,Metronidazole,15.98
Gwalior,2024-12,Cotrimoxazole,15.19
Gwalior,2024-12,Meropenem,14.67
Gwalior,2025-01,Amoxicillin,15.93
Gwalior,2025-01,Amoxicillin-Clavulanate,17.0
Gwalior,2025-01,Azithromycin,14.94
Gwalior,2025-01,Cefixime,16.21
Gwalior,2025-01,Ceftriaxone,16.01
Gwalior,2025-01,Ciprofloxacin,17.17
Gwalior,2025-01,Doxycycline,16.82
Gwalior,2025-01,Metronidazole,13.8
Gwalior,2025-01,Cotrimoxazole,17.23
Gwalior,2025-01,Meropenem,15.03
Gwalior,2025-02,Amoxicillin,17.28
Gwalior,2025-02,Amoxicillin-Clavulanate,15.7
Gwalior,2025-02,Azithromycin,16.9
Gwalior,2025-02,Cefixime,19.62
Gwalior,2025-02,Ceftriaxone,17.12
Gwalior,2025-02,Ciprofloxacin,16.31
Gwalior,2025-02,Doxycycline,16.15
Gwalior,2025-02,Metronidazole,14.71
Gwalior,2025-02,Cotrimoxazole,18.21
Gwalior,2025-02,Meropenem,16.55
Gwalior,2025-03,Amoxicillin,16.27
Gwalior,2025-03,Amoxicillin-Clavulanate,16.01
Gwalior,2025-03,Azithromycin,16.89
Gwalior,2025-03,Cefixime,18.24
Gwalior,2025-03,Ceftriaxone,16.12
Gwalior,2025-03,Ciprofloxacin,18.44
Gwalior,2025-03,Doxycycline,16.69
Gwalior,2025-03,Metronidazole,15.69
Gwalior,2025-03,Cotrimoxazole,16.49
Gwalior,2025-03,Meropenem,18.51
Gwalior,2025-04,Amoxicillin,16.77
Gwalior,2025-04,Amoxicillin-Clavulanate,17.17
Gwalior,2025-04,Azithromycin,18.75
Gwalior,2025-04,Cefixime,18.3
Gwalior,2025-04,Ceftriaxone,17.38
Gwalior,2025-04,Ciprofloxacin,19.13
Gwalior,2025-04,Doxycycline,18.72
Gwalior,2025-04,Metronidazole,17.88
Gwalior,2025-04,Cotrimoxazole,17.16
Gwalior,2025-04,Meropenem,16.87
Gwalior,2025-05,Amoxicillin,19.25
Gwalior,2025-05,Amoxicillin-Clavulanate,17.15
Gwalior,2025-05,Azithromycin,19.76
Gwalior,2025-05,Cefixime,20.56
Gwalior,2025-05,Ceftriaxone,18.62
Gwalior,2025-05,Ciprofloxacin,19.08
Gwalior,2025-05,Doxycycline,19.5
Gwalior,2025-05,Metronidazole,20.25
Gwalior,2025-05,Cotrimoxazole,20.16
Gwalior,2025-05,Meropenem,16.04
Gwalior,2025-06,Amoxicillin,19.07
Gwalior,2025-06,Amoxicillin-Clavulanate,19.61
Gwalior,2025-06,Azithromycin,18.21
Gwalior,2025-06,Cefixime,21.12
Gwalior,2025-06,Ceftriaxone,21.16
Gwalior,2025-06,Ciprofloxacin,18.27
Gwalior,2025-06,Doxycycline,18.47
Gwalior,2025-06,Metronidazole,17.73
Gwalior,2025-06,Cotrimoxazole,18.69
Gwalior,2025-06,Meropenem,18.15
Gwalior,2025-07,Amoxicillin,20.58
Gwalior,2025-07,Amoxicillin-Clavulanate,18.19
Gwalior,2025-07,Azithromycin,15.98
Gwalior,2025-07,Cefixime,17.51
Gwalior,2025-07,Ceftriaxone,18.34
Gwalior,2025-07,Ciprofloxacin,18.55
Gwalior,2025-07,Doxycycline,18.97
Gwalior,2025-07,Metronidazole,17.47
Gwalior,2025-07,Cotrimoxazole,17.68
Gwalior,2025-07,Meropenem,17.48
Gwalior,2025-08,Amoxicillin,18.56
Gwalior,2025-08,Amoxicillin-Clavulanate,18.81
Gwalior,2025-08,Azithromycin,18.45
Gwalior,2025-08,Cefixime,20.28
Gwalior,2025-08,Ceftriaxone,18.65
Gwalior,2025-08,Ciprofloxacin,19.13
Gwalior,2025-08,Doxycycline,18.41
Gwalior,2025-08,Metronidazole,19.79
Gwalior,2025-08,Cotrimoxazole,19.1
Gwalior,2025-08,Meropenem,19.9
Gwalior,2025-09,Amoxicillin,18.26
Gwalior,2025-09,Amoxicillin-Clavulanate,19.12
Gwalior,2025-09,Azithromycin,18.24
Gwalior,2025-09,Cefixime,17.93
Gwalior,2025-09,Ceftriaxone,19.4
Gwalior,2025-09,Ciprofloxacin,21.18
Gwalior,2025-09,Doxycycline,17.84
Gwalior,2025-09,Metronidazole,18.54
Gwalior,2025-09,Cotrimoxazole,17.58
Gwalior,2025-09,Meropenem,16.92
Gwalior,2025-10,Amoxicillin,18.33
Gwalior,2025-10,Amoxicillin-Clavulanate,18.36
Gwalior,2025-10,Azithromycin,18.12
Gwalior,2025-10,Cefixime,18.7
Gwalior,2025-10,Ceftriaxone,17.33
Gwalior,2025-10,Ciprofloxacin,18.26
Gwalior,2025-10,Doxycycline,19.02
Gwalior,2025-10,Metronidazole,16.88
Gwalior,2025-10,Cotrimoxazole,18.32
Gwalior,2025-10,Meropenem,18.55
Gwalior,2025-11,Amoxicillin,18.02
Gwalior,2025-11,Amoxicillin-Clavulanate,18.94
Gwalior,2025-11,Azithromycin,16.61
Gwalior,2025-11,Cefixime,19.63
Gwalior,2025-11,Ceftriaxone,19.24
Gwalior,2025-11,Ciprofloxacin,18.72
Gwalior,2025-11,Doxycycline,19.43
Gwalior,2025-11,Metronidazole,17.74
Gwalior,2025-11,Cotrimoxazole,17.74
Gwalior,2025-11,Meropenem,19.47
Gwalior,2025-12,Amoxicillin,20.72
Gwalior,2025-12,Amoxicillin-Clavulanate,17.62
Gwalior,2025-12,Azithromycin,17.99
Gwalior,2025-12,Cefixime,19.62
Gwalior,2025-12,Ceftriaxone,18.56
Gwalior,2025-12,Ciprofloxacin,19.12
Gwalior,2025-12,Doxycycline,18.88
Gwalior,2025-12,Metronidazole,17.32
Gwalior,2025-12,Cotrimoxazole,18.71
Gwalior,2025-12,Meropenem,17.79
Ujjain,2024-01,Amoxicillin,12.57
Ujjain,2024-01,Amoxicillin-Clavulanate,12.61
Ujjain,2024-01,Azithromycin,12.8
Ujjain,2024-01,Cefixime,14.78
Ujjain,2024-01,Ceftriaxone,14.93
Ujjain,2024-01,Ciprofloxacin,14.58
Ujjain,2024-01,Doxycycline,13.94
Ujjain,2024-01,Metronidazole,13.85
Ujjain,2024-01,Cotrimoxazole,13.91
Ujjain,2024-01,Meropenem,13.75
Ujjain,2024-02,Amoxicillin,14.52
Ujjain,2024-02,Amoxicillin-Clavulanate,12.24
Ujjain,2024-02,Azithromycin,12.73
Ujjain,2024-02,Cefixime,12.71
Ujjain,2024-02,Ceftriaxone,15.18
Ujjain,2024-02,Ciprofloxacin,15.66
Ujjain,2024-02,Doxycycline,11.15
Ujjain,2024-02,Metronidazole,15.2
Ujjain,2024-02,Cotrimoxazole,13.79
Ujjain,2024-02,Meropenem,14.5
Ujjain,2024-03,Amoxicillin,14.47
Ujjain,2024-03,Amoxicillin-Clavulanate,15.29
Ujjain,2024-03,Azithromycin,13.76
Ujjain,2024-03,Cefixime,12.27
Ujjain,2024-03,Ceftriaxone,13.77
Ujjain,2024-03,Ciprofloxacin,14.33
Ujjain,2024-03,Doxycycline,13.23
Ujjain,2024-03,Metronidazole,14.14
Ujjain,2024-03,Cotrimoxazole,13.55
Ujjain,2024-03,Meropenem,12.67
Ujjain,2024-04,Amoxicillin,13.36
Ujjain,2024-04,Amoxicillin-Clavulanate,13.9
Ujjain,2024-04,Azithromycin,14.36
Ujjain,2024-04,Cefixime,12.24
Ujjain,2024-04,Ceftriaxone,13.67
Ujjain,2024-04,Ciprofloxacin,12.2
Ujjain,2024-04,Doxycycline,13.4
Ujjain,2024-04,Metronidazole,15.33
Ujjain,2024-04,Cotrimoxazole,12.93
Ujjain,2024-04,Meropenem,14.69
Ujjain,2024-05,Amoxicillin,17.85
Ujjain,2024-05,Amoxicillin-Clavulanate,16.09
Ujjain,2024-05,Azithromycin,14.44
Ujjain,2024-05,Cefixime,15.5
Ujjain,2024-05,Ceftriaxone,13.18
Ujjain,2024-05,Ciprofloxacin,12.83
Ujjain,2024-05,Doxycycline,14.26
Ujjain,2024-05,Metronidazole,14.6
Ujjain,2024-05,Cotrimoxazole,15.6
Ujjain,2024-05,Meropenem,13.44
Ujjain,2024-06,Amoxicillin,15.04
Ujjain,2024-06,Amoxicillin-Clavulanate,14.77
Ujjain,2024-06,Azithromycin,14.25
Ujjain,2024-06,Cefixime,14.58
Ujjain,2024-06,Ceftriaxone,13.85
Ujjain,2024-06,Ciprofloxacin,14.97
Ujjain,2024-06,Doxycycline,14.55
Ujjain,2024-06,Metronidazole,13.78
Ujjain,2024-06,Cotrimoxazole,15.23
Ujjain,2024-06,Meropenem,15.3
Ujjain,2024-07,Amoxicillin,15.83
Ujjain,2024-07,Amoxicillin-Clavulanate,13.7
Ujjain,2024-07,Azithromycin,14.75
Ujjain,2024-07,Cefixime,13.91
Ujjain,2024-07,Ceftriaxone,15.15
Ujjain,2024-07,Ciprofloxacin,13.91
Ujjain,2024-07,Doxycycline,15.98
Ujjain,2024-07,Metronidazole,15.37
Ujjain,2024-07,Cotrimoxazole,16.01
Ujjain,2024-07,Meropenem,15.57
Ujjain,2024-08,Amoxicillin,14.95
Ujjain,2024-08,Amoxicillin-Clavulanate,14.54
Ujjain,2024-08,Azithromycin,16.72
Ujjain,2024-08,Cefixime,14.9
Ujjain,2024-08,Ceftriaxone,13.72
Ujjain,2024-08,Ciprofloxacin,16.19
Ujjain,2024-08,Doxycycline,14.89
Ujjain,2024-08,Metronidazole,16.33
Ujjain,2024-08,Cotrimoxazole,15.17
Ujjain,2024-08,Meropenem,14.54
Ujjain,2024-09,Amoxicillin,16.65
Ujjain,2024-09,Amoxicillin-Clavulanate,13.05
Ujjain,2024-09,Azithromycin,13.91
Ujjain,2024-09,Cefixime,13.83
Ujjain,2024-09,Ceftriaxone,12.52
Ujjain,2024-09,Ciprofloxacin,15.77
Ujjain,2024-09,Doxycycline,13.88
Ujjain,2024-09,Metronidazole,15.42
Ujjain,2024-09,Cotrimoxazole,15.08
Ujjain,2024-09,Meropenem,15.0
Ujjain,2024-10,Amoxicillin,14.17
Ujjain,2024-10,Amoxicillin-Clavulanate,13.62
Ujjain,2024-10,Azithromycin,14.37
Ujjain,2024-10,Cefixime,15.53
Ujjain,2024-10,Ceftriaxone,14.58
Ujjain,2024-10,Ciprofloxacin,13.75
Ujjain,2024-10,Doxycycline,12.9
Ujjain,2024-10,Metronidazole,14.38
Ujjain,2024-10,Cotrimoxazole,13.76
Ujjain,2024-10,Meropenem,13.99
Ujjain,2024-11,Amoxicillin,14.35
Ujjain,2024-11,Amoxicillin-Clavulanate,13.92
Ujjain,2024-11,Azithromycin,14.56
Ujjain,2024-11,Cefixime,15.08
Ujjain,2024-11,Ceftriaxone,16.75
Ujjain,2024-11,Ciprofloxacin,15.3
Ujjain,2024-11,Doxycycline,15.93
Ujjain,2024-11,Metronidazole,13.21
Ujjain,2024-11,Cotrimoxazole,12.56
Ujjain,2024-11,Meropenem,14.01
Ujjain,2024-12,Amoxicillin,15.53
Ujjain,2024-12,Amoxicillin-Clavulanate,15.16
Ujjain,2024-12,Azithromycin,15.54
Ujjain,2024-12,Cefixime,11.65
Ujjain,2024-12,Ceftriaxone,15.94
Ujjain,2024-12,Ciprofloxacin,14.81
Ujjain,2024-12,Doxycycline,12.46
Ujjain,2024-12,Metronidazole,14.89
Ujjain,2024-12,Cotrimoxazole,14.48
Ujjain,2024-12,Meropenem,14.43
Ujjain,2025-01,Amoxicillin,15.86
Ujjain,2025-01,Amoxicillin-Clavulanate,15.02
Ujjain,2025-01,Azithromycin,12.76
Ujjain,2025-01,Cefixime,14.45
Ujjain,2025-01,Ceftriaxone,12.95
Ujjain,2025-01,Ciprofloxacin,15.32
Ujjain,2025-01,Doxycycline,15.85
Ujjain,2025-01,Metronidazole,12.89
Ujjain,2025-01,Cotrimoxazole,13.72
Ujjain,2025-01,Meropenem,13.2
Ujjain,2025-02,Amoxicillin,14.7
Ujjain,2025-02,Amoxicillin-Clavulanate,15.44
Ujjain,2025-02,Azithromycin,14.31
Ujjain,2025-02,Cefixime,15.77
Ujjain,2025-02,Ceftriaxone,16.34
Ujjain,2025-02,Ciprofloxacin,16.26
Ujjain,2025-02,Doxycycline,13.51
Ujjain,2025-02,Metronidazole,16.2
Ujjain,2025-02,Cotrimoxazole,16.51
Ujjain,2025-02,Meropenem,16.29
Ujjain,2025-03,Amoxicillin,15.67
Ujjain,2025-03,Amoxicillin-Clavulanate,14.78
Ujjain,2025-03,Azithromycin,14.32
Ujjain,2025-03,Cefixime,14.46
Ujjain,2025-03,Ceftriaxone,15.82
Ujjain,2025-03,Ciprofloxacin,16.6
Ujjain,2025-03,Doxycycline,16.77
Ujjain,2025-03,Metronidazole,14.73
Ujjain,2025-03,Cotrimoxazole,15.46
Ujjain,2025-03,Meropenem,15.05
Ujjain,2025-04,Amoxicillin,15.77
Ujjain,2025-04,Amoxicillin-Clavulanate,17.02
Ujjain,2025-04,Azithromycin,16.39
Ujjain,2025-04,Cefixime,16.44
Ujjain,2025-04,Ceftriaxone,16.82
Ujjain,2025-04,Ciprofloxacin,16.96
Ujjain,2025-04,Doxycycline,16.58
Ujjain,2025-04,Metronidazole,14.92
Ujjain,2025-04,Cotrimoxazole,17.08
Ujjain,2025-04,Meropenem,16.01
Ujjain,2025-05,Amoxicillin,16.63
Ujjain,2025-05,Amoxicillin-Clavulanate,17.09
Ujjain,2025-05,Azithromycin,16.97
Ujjain,2025-05,Cefixime,18.1
Ujjain,2025-05,Ceftriaxone,15.92
Ujjain,2025-05,Ciprofloxacin,18.37
Ujjain,2025-05,Doxycycline,16.54
Ujjain,2025-05,Metronidazole,15.88
Ujjain,2025-05,Cotrimoxazole,16.12
Ujjain,2025-05,Meropenem,15.22
Ujjain,2025-06,Amoxicillin,15.67
Ujjain,2025-06,Amoxicillin-Clavulanate,18.04
Ujjain,2025-06,Azithromycin,19.23
Ujjain,2025-06,Cefixime,15.6
Ujjain,2025-06,Ceftriaxone,16.5
Ujjain,2025-06,Ciprofloxacin,18.21
Ujjain,2025-06,Doxycycline,16.91
Ujjain,2025-06,Metronidazole,17.8
Ujjain,2025-06,Cotrimoxazole,17.06
Ujjain,2025-06,Meropenem,16.12
Ujjain,2025-07,Amoxicillin,17.53
Ujjain,2025-07,Amoxicillin-Clavulanate,14.86
Ujjain,2025-07,Azithromycin,15.97
Ujjain,2025-07,Cefixime,18.61
Ujjain,2025-07,Ceftriaxone,19.05
Ujjain,2025-07,Ciprofloxacin,19.11
Ujjain,2025-07,Doxycycline,17.63
Ujjain,2025-07,Metronidazole,14.58
Ujjain,2025-07,Cotrimoxazole,16.66
Ujjain,2025-07,Meropenem,18.39
Ujjain,2025-08,Amoxicillin,19.62
Ujjain,2025-08,Amoxicillin-Clavulanate,19.04
Ujjain,2025-08,Azithromycin,17.03
Ujjain,2025-08,Cefixime,16.18
Ujjain,2025-08,Ceftriaxone,17.74
Ujjain,2025-08,Ciprofloxacin,17.64
Ujjain,2025-08,Doxycycline,18.92
Ujjain,2025-08,Metronidazole,17.37
Ujjain,2025-08,Cotrimoxazole,17.43
Ujjain,2025-08,Meropenem,17.07
Ujjain,2025-09,Amoxicillin,18.18
Ujjain,2025-09,Amoxicillin-Clavulanate,18.14
Ujjain,2025-09,Azithromycin,16.41
Ujjain,2025-09,Cefixime,16.37
Ujjain,2025-09,Ceftriaxone,19.21
Ujjain,2025-09,Ciprofloxacin,15.73
Ujjain,2025-09,Doxycycline,18.93
Ujjain,2025-09,Metronidazole,14.94
Ujjain,2025-09,Cotrimoxazole,16.69
Ujjain,2025-09,Meropenem,17.99
Ujjain,2025-10,Amoxicillin,17.43
Ujjain,2025-10,Amoxicillin-Clavulanate,15.7
Ujjain,2025-10,Azithromycin,17.39
Ujjain,2025-10,Cefixime,17.3
Ujjain,2025-10,Ceftriaxone,17.15
Ujjain,2025-10,Ciprofloxacin,16.54
Ujjain,2025-10,Doxycycline,16.8
Ujjain,2025-10,Metronidazole,16.12
Ujjain,2025-10,Cotrimoxazole,19.71
Ujjain,2025-10,Meropenem,16.38
Ujjain,2025-11,Amoxicillin,16.79
Ujjain,2025-11,Amoxicillin-Clavulanate,16.34
Ujjain,2025-11,Azithromycin,18.67
Ujjain,2025-11,Cefixime,15.21
Ujjain,2025-11,Ceftriaxone,17.56
Ujjain,2025-11,Ciprofloxacin,16.75
Ujjain,2025-11,Doxycycline,15.07
Ujjain,2025-11,Metronidazole,15.66
Ujjain,2025-11,Cotrimoxazole,17.17
Ujjain,2025-11,Meropenem,15.5
Ujjain,2025-12,Amoxicillin,17.33
Ujjain,2025-12,Amoxicillin-Clavulanate,18.69
Ujjain,2025-12,Azithromycin,16.76
Ujjain,2025-12,Cefixime,15.26
Ujjain,2025-12,Ceftriaxone,16.07
Ujjain,2025-12,Ciprofloxacin,16.55
Ujjain,2025-12,Doxycycline,16.11
Ujjain,2025-12,Metronidazole,16.59
Ujjain,2025-12,Cotrimoxazole,17.02
Ujjain,2025-12,Meropenem,18.22
Sagar,2024-01,Amoxicillin,12.67
Sagar,2024-01,Amoxicillin-Clavulanate,11.24
Sagar,2024-01,Azithromycin,13.63
Sagar,2024-01,Cefixime,13.94
Sagar,2024-01,Ceftriaxone,12.91
Sagar,2024-01,Ciprofloxacin,12.28
Sagar,2024-01,Doxycycline,13.0
Sagar,2024-01,Metronidazole,12.03
Sagar,2024-01,Cotrimoxazole,10.17
Sagar,2024-01,Meropenem,12.81
Sagar,2024-02,Amoxicillin,13.74
Sagar,2024-02,Amoxicillin-Clavulanate,14.18
Sagar,2024-02,Azithromycin,11.64
Sagar,2024-02,Cefixime,12.89
Sagar,2024-02,Ceftriaxone,13.01
Sagar,2024-02,Ciprofloxacin,12.73
Sagar,2024-02,Doxycycline,12.53
Sagar,2024-02,Metronidazole,12.39
Sagar,2024-02,Cotrimoxazole,12.75
Sagar,2024-02,Meropenem,13.1
Sagar,2024-03,Amoxicillin,15.05
Sagar,2024-03,Amoxicillin-Clavulanate,12.68
Sagar,2024-03,Azithromycin,13.15
Sagar,2024-03,Cefixime,13.1
Sagar,2024-03,Ceftriaxone,13.06
Sagar,2024-03,Ciprofloxacin,11.79
Sagar,2024-03,Doxycycline,13.31
Sagar,2024-03,Metronidazole,13.76
Sagar,2024-03,Cotrimoxazole,13.26
Sagar,2024-03,Meropenem,13.13
Sagar,2024-04,Amoxicillin,14.49
Sagar,2024-04,Amoxicillin-Clavulanate,15.38
Sagar,2024-04,Azithromycin,13.19
Sagar,2024-04,Cefixime,12.6
Sagar,2024-04,Ceftriaxone,13.9
Sagar,2024-04,Ciprofloxacin,15.96
Sagar,2024-04,Doxycycline,12.31
Sagar,2024-04,Metronidazole,14.24
Sagar,2024-04,Cotrimoxazole,15.01
Sagar,2024-04,Meropenem,10.84
Sagar,2024-05,Amoxicillin,14.69
Sagar,2024-05,Amoxicillin-Clavulanate,14.69
Sagar,2024-05,Azithromycin,13.55
Sagar,2024-05,Cefixime,13.38
Sagar,2024-05,Ceftriaxone,13.56
Sagar,2024-05,Ciprofloxacin,13.73
Sagar,2024-05,Doxycycline,13.45
Sagar,2024-05,Metronidazole,13.19
Sagar,2024-05,Cotrimoxazole,13.56
Sagar,2024-05,Meropenem,14.94
Sagar,2024-06,Amoxicillin,13.13
Sagar,2024-06,Amoxicillin-Clavulanate,12.33
Sagar,2024-06,Azithromycin,15.39
Sagar,2024-06,Cefixime,14.1
Sagar,2024-06,Ceftriaxone,14.01
Sagar,2024-06,Ciprofloxacin,14.19
Sagar,2024-06,Doxycycline,14.23
Sagar,2024-06,Metronidazole,13.37
Sagar,2024-06,Cotrimoxazole,14.72
Sagar,2024-06,Meropenem,12.79
Sagar,2024-07,Amoxicillin,14.54
Sagar,2024-07,Amoxicillin-Clavulanate,12.21
Sagar,2024-07,Azithromycin,15.74
Sagar,2024-07,Cefixime,14.51
Sagar,2024-07,Ceftriaxone,15.58
Sagar,2024-07,Ciprofloxacin,15.23
Sagar,2024-07,Doxycycline,14.99
Sagar,2024-07,Metronidazole,14.31
Sagar,2024-07,Cotrimoxazole,14.97
Sagar,2024-07,Meropenem,13.16
Sagar,2024-08,Amoxicillin,13.47
Sagar,2024-08,Amoxicillin-Clavulanate,14.43
Sagar,2024-08,Azithromycin,13.6
Sagar,2024-08,Cefixime,16.17
Sagar,2024-08,Ceftriaxone,15.14
Sagar,2024-08,Ciprofloxacin,13.81
Sagar,2024-08,Doxycycline,13.99
Sagar,2024-08,Metronidazole,14.37
Sagar,2024-08,Cotrimoxazole,14.37
Sagar,2024-08,Meropenem,14.43
Sagar,2024-09,Amoxicillin,14.78
Sagar,2024-09,Amoxicillin-Clavulanate,12.96
Sagar,2024-09,Azithromycin,11.94
Sagar,2024-09,Cefixime,14.14
Sagar,2024-09,Ceftriaxone,15.29
Sagar,2024-09,Ciprofloxacin,14.15
Sagar,2024-09,Doxycycline,15.61
Sagar,2024-09,Metronidazole,14.13
Sagar,2024-09,Cotrimoxazole,15.89
Sagar,2024-09,Meropenem,15.36
Sagar,2024-10,Amoxicillin,15.79
Sagar,2024-10,Amoxicillin-Clavulanate,13.1
Sagar,2024-10,Azithromycin,14.26
Sagar,2024-10,Cefixime,15.83
Sagar,2024-10,Ceftriaxone,14.9
Sagar,2024-10,Ciprofloxacin,15.09
Sagar,2024-10,Doxycycline,12.65
Sagar,2024-10,Metronidazole,16.23
Sagar,2024-10,Cotrimoxazole,13.46
Sagar,2024-10,Meropenem,11.84
Sagar,2024-11,Amoxicillin,14.06
Sagar,2024-11,Amoxicillin-Clavulanate,11.55
Sagar,2024-11,Azithromycin,12.88
Sagar,2024-11,Cefixime,17.12
Sagar,2024-11,Ceftriaxone,14.0
Sagar,2024-11,Ciprofloxacin,12.73
Sagar,2024-11,Doxycycline,14.04
Sagar,2024-11,Metronidazole,12.97
Sagar,2024-11,Cotrimoxazole,15.11
Sagar,2024-11,Meropenem,12.89
Sagar,2024-12,Amoxicillin,14.79
Sagar,2024-12,Amoxicillin-Clavulanate,13.03
Sagar,2024-12,Azithromycin,16.98
Sagar,2024-12,Cefixime,14.9
Sagar,2024-12,Ceftriaxone,14.3
Sagar,2024-12,Ciprofloxacin,14.03
Sagar,2024-12,Doxycycline,13.46
Sagar,2024-12,Metronidazole,13.17
Sagar,2024-12,Cotrimoxazole,13.34
Sagar,2024-12,Meropenem,15.77
Sagar,2025-01,Amoxicillin,14.1
Sagar,2025-01,Amoxicillin-Clavulanate,12.16
Sagar,2025-01,Azithromycin,13.05
Sagar,2025-01,Cefixime,15.58
Sagar,2025-01,Ceftriaxone,14.4
Sagar,2025-01,Ciprofloxacin,14.42
Sagar,2025-01,Doxycycline,15.56
Sagar,2025-01,Metronidazole,13.36
Sagar,2025-01,Cotrimoxazole,15.11
Sagar,2025-01,Meropenem,13.39
Sagar,2025-02,Amoxicillin,15.53
Sagar,2025-02,Amoxicillin-Clavulanate,14.26
Sagar,2025-02,Azithromycin,14.25
Sagar,2025-02,Cefixime,15.65
Sagar,2025-02,Ceftriaxone,15.69
Sagar,2025-02,Ciprofloxacin,14.57
Sagar,2025-02,Doxycycline,13.94
Sagar,2025-02,Metronidazole,16.15
Sagar,2025-02,Cotrimoxazole,15.25
Sagar,2025-02,Meropenem,13.88
Sagar,2025-03,Amoxicillin,14.55
Sagar,2025-03,Amoxicillin-Clavulanate,16.18
Sagar,2025-03,Azithromycin,14.99
Sagar,2025-03,Cefixime,14.93
Sagar,2025-03,Ceftriaxone,15.36
Sagar,2025-03,Ciprofloxacin,15.48
Sagar,2025-03,Doxycycline,14.74
Sagar,2025-03,Metronidazole,16.06
Sagar,2025-03,Cotrimoxazole,16.34
Sagar,2025-03,Meropenem,15.23
Sagar,2025-04,Amoxicillin,17.34
Sagar,2025-04,Amoxicillin-Clavulanate,15.6
Sagar,2025-04,Azithromycin,16.15
Sagar,2025-04,Cefixime,16.76
Sagar,2025-04,Ceftriaxone,16.91
Sagar,2025-04,Ciprofloxacin,16.67
Sagar,2025-04,Doxycycline,16.02
Sagar,2025-04,Metronidazole,17.41
Sagar,2025-04,Cotrimoxazole,14.9
Sagar,2025-04,Meropenem,14.99
Sagar,2025-05,Amoxicillin,15.89
Sagar,2025-05,Amoxicillin-Clavulanate,15.48
Sagar,2025-05,Azithromycin,13.49
Sagar,2025-05,Cefixime,17.46
Sagar,2025-05,Ceftriaxone,14.96
Sagar,2025-05,Ciprofloxacin,16.14
Sagar,2025-05,Doxycycline,14.04
Sagar,2025-05,Metronidazole,16.22
Sagar,2025-05,Cotrimoxazole,14.92
Sagar,2025-05,Meropenem,14.18
Sagar,2025-06,Amoxicillin,16.95
Sagar,2025-06,Amoxicillin-Clavulanate,15.7
Sagar,2025-06,Azithromycin,15.62
Sagar,2025-06,Cefixime,16.74
Sagar,2025-06,Ceftriaxone,17.58
Sagar,2025-06,Ciprofloxacin,15.65
Sagar,2025-06,Doxycycline,15.09
Sagar,2025-06,Metronidazole,16.13
Sagar,2025-06,Cotrimoxazole,16.96
Sagar,2025-06,Meropenem,17.6
Sagar,2025-07,Amoxicillin,15.95
Sagar,2025-07,Amoxicillin-Clavulanate,16.51
Sagar,2025-07,Azithromycin,17.92
Sagar,2025-07,Cefixime,19.11
Sagar,2025-07,Ceftriaxone,16.0
Sagar,2025-07,Ciprofloxacin,16.12
Sagar,2025-07,Doxycycline,16.97
Sagar,2025-07,Metronidazole,15.83
Sagar,2025-07,Cotrimoxazole,15.91
Sagar,2025-07,Meropenem,16.62
Sagar,2025-08,Amoxicillin,19.13
Sagar,2025-08,Amoxicillin-Clavulanate,15.71
Sagar,2025-08,Azithromycin,18.55
Sagar,2025-08,Cefixime,16.59
Sagar,2025-08,Ceftriaxone,17.77
Sagar,2025-08,Ciprofloxacin,18.98
Sagar,2025-08,Doxycycline,17.18
Sagar,2025-08,Metronidazole,16.42
Sagar,2025-08,Cotrimoxazole,17.82
Sagar,2025-08,Meropenem,16.44
Sagar,2025-09,Amoxicillin,17.82
Sagar,2025-09,Amoxicillin-Clavulanate,16.75
Sagar,2025-09,Azithromycin,17.69
Sagar,2025-09,Cefixime,15.52
Sagar,2025-09,Ceftriaxone,16.09
Sagar,2025-09,Ciprofloxacin,15.51
Sagar,2025-09,Doxycycline,16.61
Sagar,2025-09,Metronidazole,14.91
Sagar,2025-09,Cotrimoxazole,16.1
Sagar,2025-09,Meropenem,15.26
Sagar,2025-10,Amoxicillin,18.88
Sagar,2025-10,Amoxicillin-Clavulanate,15.89
Sagar,2025-10,Azithromycin,15.34
Sagar,2025-10,Cefixime,17.33
Sagar,2025-10,Ceftriaxone,19.07
Sagar,2025-10,Ciprofloxacin,16.93
Sagar,2025-10,Doxycycline,16.64
Sagar,2025-10,Metronidazole,18.02
Sagar,2025-10,Cotrimoxazole,17.84
Sagar,2025-10,Meropenem,16.96
Sagar,2025-11,Amoxicillin,16.09
Sagar,2025-11,Amoxicillin-Clavulanate,16.99
Sagar,2025-11,Azithromycin,14.78
Sagar,2025-11,Cefixime,15.87
Sagar,2025-11,Ceftriaxone,18.27
Sagar,2025-11,Ciprofloxacin,17.99
Sagar,2025-11,Doxycycline,16.69
Sagar,2025-11,Metronidazole,14.02
Sagar,2025-11,Cotrimoxazole,15.05
Sagar,2025-11,Meropenem,15.29
Sagar,2025-12,Amoxicillin,16.48
Sagar,2025-12,Amoxicillin-Clavulanate,15.06
Sagar,2025-12,Azithromycin,15.96
Sagar,2025-12,Cefixime,18.44
Sagar,2025-12,Ceftriaxone,17.08
Sagar,2025-12,Ciprofloxacin,16.74
Sagar,2025-12,Doxycycline,15.04
Sagar,2025-12,Metronidazole,14.29
Sagar,2025-12,Cotrimoxazole,14.98
Sagar,2025-12,Meropenem,14.14
Rewa,2024-01,Amoxicillin,14.7
Rewa,2024-01,Amoxicillin-Clavulanate,14.8
Rewa,2024-01,Azithromycin,13.11
Rewa,2024-01,Cefixime,14.61
Rewa,2024-01,Ceftriaxone,16.2
Rewa,2024-01,Ciprofloxacin,16.6
Rewa,2024-01,Doxycycline,14.95
Rewa,2024-01,Metronidazole,13.85
Rewa,2024-01,Cotrimoxazole,15.09
Rewa,2024-01,Meropenem,15.42
Rewa,2024-02,Amoxicillin,12.49
Rewa,2024-02,Amoxicillin-Clavulanate,16.09
Rewa,2024-02,Azithromycin,13.66
Rewa,2024-02,Cefixime,13.94
Rewa,2024-02,Ceftriaxone,14.28
Rewa,2024-02,Ciprofloxacin,14.88
Rewa,2024-02,Doxycycline,12.97
Rewa,2024-02,Metronidazole,13.81
Rewa,2024-02,Cotrimoxazole,14.94
Rewa,2024-02,Meropenem,14.26
Rewa,2024-03,Amoxicillin,15.54
Rewa,2024-03,Amoxicillin-Clavulanate,14.52
Rewa,2024-03,Azithromycin,15.42
Rewa,2024-03,Cefixime,16.11
Rewa,2024-03,Ceftriaxone,16.18
Rewa,2024-03,Ciprofloxacin,15.41
Rewa,2024-03,Doxycycline,15.62
Rewa,2024-03,Metronidazole,15.47
Rewa,2024-03,Cotrimoxazole,17.71
Rewa,2024-03,Meropenem,15.75
Rewa,2024-04,Amoxicillin,15.09
Rewa,2024-04,Amoxicillin-Clavulanate,13.93
Rewa,2024-04,Azithromycin,14.44
Rewa,2024-04,Cefixime,14.64
Rewa,2024-04,Ceftriaxone,15.71
Rewa,2024-04,Ciprofloxacin,14.24
Rewa,2024-04,Doxycycline,15.96
Rewa,2024-04,Metronidazole,13.05
Rewa,2024-04,Cotrimoxazole,13.03
Rewa,2024-04,Meropenem,14.33
Rewa,2024-05,Amoxicillin,14.38
Rewa,2024-05,Amoxicillin-Clavulanate,13.67
Rewa,2024-05,Azithromycin,14.14
Rewa,2024-05,Cefixime,14.29
Rewa,2024-05,Ceftriaxone,15.28
Rewa,2024-05,Ciprofloxacin,14.45
Rewa,2024-05,Doxycycline,14.18
Rewa,2024-05,Metronidazole,14.7
Rewa,2024-05,Cotrimoxazole,16.07
Rewa,2024-05,Meropenem,16.21
Rewa,2024-06,Amoxicillin,15.51
Rewa,2024-06,Amoxicillin-Clavulanate,15.35
Rewa,2024-06,Azithromycin,14.69
Rewa,2024-06,Cefixime,15.7
Rewa,2024-06,Ceftriaxone,15.75
Rewa,2024-06,Ciprofloxacin,16.63
Rewa,2024-06,Doxycycline,12.74
Rewa,2024-06,Metronidazole,14.49
Rewa,2024-06,Cotrimoxazole,15.37
Rewa,2024-06,Meropenem,14.61
Rewa,2024-07,Amoxicillin,14.55
Rewa,2024-07,Amoxicillin-Clavulanate,13.9
Rewa,2024-07,Azithromycin,16.0
Rewa,2024-07,Cefixime,14.57
Rewa,2024-07,Ceftriaxone,13.61
Rewa,2024-07,Ciprofloxacin,16.34
Rewa,2024-07,Doxycycline,15.54
Rewa,2024-07,Metronidazole,14.84
Rewa,2024-07,Cotrimoxazole,14.21
Rewa,2024-07,Meropenem,14.73
Rewa,2024-08,Amoxicillin,16.87
Rewa,2024-08,Amoxicillin-Clavulanate,13.51
Rewa,2024-08,Azithromycin,13.35
Rewa,2024-08,Cefixime,14.67
Rewa,2024-08,Ceftriaxone,15.47
Rewa,2024-08,Ciprofloxacin,14.81
Rewa,2024-08,Doxycycline,15.71
Rewa,2024-08,Metronidazole,16.13
Rewa,2024-08,Cotrimoxazole,15.49
Rewa,2024-08,Meropenem,15.44
Rewa,2024-09,Amoxicillin,15.81
Rewa,2024-09,Amoxicillin-Clavulanate,15.28
Rewa,2024-09,Azithromycin,13.63
Rewa,2024-09,Cefixime,14.21
Rewa,2024-09,Ceftriaxone,13.99
Rewa,2024-09,Ciprofloxacin,15.17
Rewa,2024-09,Doxycycline,15.24
Rewa,2024-09,Metronidazole,13.32
Rewa,2024-09,Cotrimoxazole,15.24
Rewa,2024-09,Meropenem,13.85
Rewa,2024-10,Amoxicillin,14.22
Rewa,2024-10,Amoxicillin-Clavulanate,14.48
Rewa,2024-10,Azithromycin,13.73
Rewa,2024-10,Cefixime,15.9
Rewa,2024-10,Ceftriaxone,15.18
Rewa,2024-10,Ciprofloxacin,16.13
Rewa,2024-10,Doxycycline,14.4
Rewa,2024-10,Metronidazole,14.38
Rewa,2024-10,Cotrimoxazole,17.12
Rewa,2024-10,Meropenem,12.94
Rewa,2024-11,Amoxicillin,16.88
Rewa,2024-11,Amoxicillin-Clavulanate,17.05
Rewa,2024-11,Azithromycin,15.87
Rewa,2024-11,Cefixime,14.94
Rewa,2024-11,Ceftriaxone,17.0
Rewa,2024-11,Ciprofloxacin,14.94
Rewa,2024-11,Doxycycline,14.18
Rewa,2024-11,Metronidazole,14.47
Rewa,2024-11,Cotrimoxazole,14.5
Rewa,2024-11,Meropenem,13.75
Rewa,2024-12,Amoxicillin,16.45
Rewa,2024-12,Amoxicillin-Clavulanate,14.15
Rewa,2024-12,Azithromycin,14.78
Rewa,2024-12,Cefixime,13.48
Rewa,2024-12,Ceftriaxone,15.23
Rewa,2024-12,Ciprofloxacin,13.79
Rewa,2024-12,Doxycycline,13.45
Rewa,2024-12,Metronidazole,14.56
Rewa,2024-12,Cotrimoxazole,16.07
Rewa,2024-12,Meropenem,15.07
Rewa,2025-01,Amoxicillin,15.9
Rewa,2025-01,Amoxicillin-Clavulanate,14.97
Rewa,2025-01,Azithromycin,14.55
Rewa,2025-01,Cefixime,16.05
Rewa,2025-01,Ceftriaxone,14.69
Rewa,2025-01,Ciprofloxacin,16.1
Rewa,2025-01,Doxycycline,16.21
Rewa,2025-01,Metronidazole,13.86
Rewa,2025-01,Cotrimoxazole,14.25
Rewa,2025-01,Meropenem,14.09
Rewa,2025-02,Amoxicillin,14.03
Rewa,2025-02,Amoxicillin-Clavulanate,14.89
Rewa,2025-02,Azithromycin,16.64
Rewa,2025-02,Cefixime,14.32
Rewa,2025-02,Ceftriaxone,17.07
Rewa,2025-02,Ciprofloxacin,15.0
Rewa,2025-02,Doxycycline,17.47
Rewa,2025-02,Metronidazole,14.32
Rewa,2025-02,Cotrimoxazole,15.15
Rewa,2025-02,Meropenem,13.97
Rewa,2025-03,Amoxicillin,15.44
Rewa,2025-03,Amoxicillin-Clavulanate,17.41
Rewa,2025-03,Azithromycin,16.25
Rewa,2025-03,Cefixime,17.15
Rewa,2025-03,Ceftriaxone,14.71
Rewa,2025-03,Ciprofloxacin,16.73
Rewa,2025-03,Doxycycline,14.59
Rewa,2025-03,Metronidazole,14.11
Rewa,2025-03,Cotrimoxazole,16.1
Rewa,2025-03,Meropenem,15.73
Rewa,2025-04,Amoxicillin,16.7
Rewa,2025-04,Amoxicillin-Clavulanate,17.17
Rewa,2025-04,Azithromycin,17.11
Rewa,2025-04,Cefixime,18.07
Rewa,2025-04,Ceftriaxone,15.29
Rewa,2025-04,Ciprofloxacin,18.1
Rewa,2025-04,Doxycycline,18.15
Rewa,2025-04,Metronidazole,15.6
Rewa,2025-04,Cotrimoxazole,14.43
Rewa,2025-04,Meropenem,14.36
Rewa,2025-05,Amoxicillin,17.06
Rewa,2025-05,Amoxicillin-Clavulanate,19.49
Rewa,2025-05,Azithromycin,17.05
Rewa,2025-05,Cefixime,16.68
Rewa,2025-05,Ceftriaxone,16.78
Rewa,2025-05,Ciprofloxacin,15.91
Rewa,2025-05,Doxycycline,17.9
Rewa,2025-05,Metronidazole,16.76
Rewa,2025-05,Cotrimoxazole,19.46
Rewa,2025-05,Meropenem,17.42
Rewa,2025-06,Amoxicillin,19.1
Rewa,2025-06,Amoxicillin-Clavulanate,17.61
Rewa,2025-06,Azithromycin,16.41
Rewa,2025-06,Cefixime,17.0
Rewa,2025-06,Ceftriaxone,16.64
Rewa,2025-06,Ciprofloxacin,18.97
Rewa,2025-06,Doxycycline,17.1
Rewa,2025-06,Metronidazole,18.48
Rewa,2025-06,Cotrimoxazole,17.89
Rewa,2025-06,Meropenem,16.97
Rewa,2025-07,Amoxicillin,17.13
Rewa,2025-07,Amoxicillin-Clavulanate,18.43
Rewa,2025-07,Azithromycin,17.58
Rewa,2025-07,Cefixime,19.18
Rewa,2025-07,Ceftriaxone,17.58
Rewa,2025-07,Ciprofloxacin,18.86
Rewa,2025-07,Doxycycline,19.54
Rewa,2025-07,Metronidazole,17.94
Rewa,2025-07,Cotrimoxazole,18.82
Rewa,2025-07,Meropenem,18.13
Rewa,2025-08,Amoxicillin,20.32
Rewa,2025-08,Amoxicillin-Clavulanate,18.33
Rewa,2025-08,Azithromycin,18.43
Rewa,2025-08,Cefixime,17.97
Rewa,2025-08,Ceftriaxone,17.33
Rewa,2025-08,Ciprofloxacin,16.68
Rewa,2025-08,Doxycycline,18.96
Rewa,2025-08,Metronidazole,16.37
Rewa,2025-08,Cotrimoxazole,18.61
Rewa,2025-08,Meropenem,17.81
Rewa,2025-09,Amoxicillin,19.01
Rewa,2025-09,Amoxicillin-Clavulanate,17.14
Rewa,2025-09,Azithromycin,16.58
Rewa,2025-09,Cefixime,18.21
Rewa,2025-09,Ceftriaxone,17.64
Rewa,2025-09,Ciprofloxacin,16.44
Rewa,2025-09,Doxycycline,19.5
Rewa,2025-09,Metronidazole,16.41
Rewa,2025-09,Cotrimoxazole,16.49
Rewa,2025-09,Meropenem,16.89
Rewa,2025-10,Amoxicillin,18.66
Rewa,2025-10,Amoxicillin-Clavulanate,14.63
Rewa,2025-10,Azithromycin,18.07
Rewa,2025-10,Cefixime,16.09
Rewa,2025-10,Ceftriaxone,17.53
Rewa,2025-10,Ciprofloxacin,16.35
Rewa,2025-10,Doxycycline,18.9
Rewa,2025-10,Metronidazole,16.77
Rewa,2025-10,Cotrimoxazole,16.12
Rewa,2025-10,Meropenem,16.18
Rewa,2025-11,Amoxicillin,16.72
Rewa,2025-11,Amoxicillin-Clavulanate,16.57
Rewa,2025-11,Azithromycin,16.66
Rewa,2025-11,Cefixime,16.45
Rewa,2025-11,Ceftriaxone,15.07
Rewa,2025-11,Ciprofloxacin,16.07
Rewa,2025-11,Doxycycline,16.77
Rewa,2025-11,Metronidazole,15.3
Rewa,2025-11,Cotrimoxazole,17.02
Rewa,2025-11,Meropenem,15.97
Rewa,2025-12,Amoxicillin,16.26
Rewa,2025-12,Amoxicillin-Clavulanate,17.58
Rewa,2025-12,Azithromycin,14.16
Rewa,2025-12,Cefixime,15.59
Rewa,2025-12,Ceftriaxone,17.82
Rewa,2025-12,Ciprofloxacin,18.35
Rewa,2025-12,Doxycycline,18.52
Rewa,2025-12,Metronidazole,15.99
Rewa,2025-12,Cotrimoxazole,16.67
Rewa,2025-12,Meropenem,16.73
Khandwa,2024-01,Amoxicillin,14.99
Khandwa,2024-01,Amoxicillin-Clavulanate,13.73
Khandwa,2024-01,Azithromycin,14.24
Khandwa,2024-01,Cefixime,13.95
Khandwa,2024-01,Ceftriaxone,14.14
Khandwa,2024-01,Ciprofloxacin,12.44
Khandwa,2024-01,Doxycycline,12.8
Khandwa,2024-01,Metronidazole,12.53
Khandwa,2024-01,Cotrimoxazole,12.0
Khandwa,2024-01,Meropenem,11.2
Khandwa,2024-02,Amoxicillin,13.21
Khandwa,2024-02,Amoxicillin-Clavulanate,13.19
Khandwa,2024-02,Azithromycin,13.42
Khandwa,2024-02,Cefixime,14.14
Khandwa,2024-02,Ceftriaxone,13.86
Khandwa,2024-02,Ciprofloxacin,13.25
Khandwa,2024-02,Doxycycline,12.24
Khandwa,2024-02,Metronidazole,14.15
Khandwa,2024-02,Cotrimoxazole,13.28
Khandwa,2024-02,Meropenem,12.63
Khandwa,2024-03,Amoxicillin,13.66
Khandwa,2024-03,Amoxicillin-Clavulanate,12.86
Khandwa,2024-03,Azithromycin,12.9
Khandwa,2024-03,Cefixime,13.1
Khandwa,2024-03,Ceftriaxone,13.52
Khandwa,2024-03,Ciprofloxacin,14.44
Khandwa,2024-03,Doxycycline,13.88
Khandwa,2024-03,Metronidazole,15.07
Khandwa,2024-03,Cotrimoxazole,14.91
Khandwa,2024-03,Meropenem,15.43
Khandwa,2024-04,Amoxicillin,15.01
Khandwa,2024-04,Amoxicillin-Clavulanate,14.78
Khandwa,2024-04,Azithromycin,13.45
Khandwa,2024-04,Cefixime,15.15
Khandwa,2024-04,Ceftriaxone,13.65
Khandwa,2024-04,Ciprofloxacin,12.62
Khandwa,2024-04,Doxycycline,15.61
Khandwa,2024-04,Metronidazole,12.49
Khandwa,2024-04,Cotrimoxazole,14.57
Khandwa,2024-04,Meropenem,12.8
Khandwa,2024-05,Amoxicillin,15.83
Khandwa,2024-05,Amoxicillin-Clavulanate,15.75
Khandwa,2024-05,Azithromycin,14.75
Khandwa,2024-05,Cefixime,15.8
Khandwa,2024-05,Ceftriaxone,14.56
Khandwa,2024-05,Ciprofloxacin,16.88
Khandwa,2024-05,Doxycycline,14.93
Khandwa,2024-05,Metronidazole,13.05
Khandwa,2024-05,Cotrimoxazole,14.34
Khandwa,2024-05,Meropenem,13.78
Khandwa,2024-06,Amoxicillin,14.53
Khandwa,2024-06,Amoxicillin-Clavulanate,12.75
Khandwa,2024-06,Azithromycin,14.8
Khandwa,2024-06,Cefixime,13.11
Khandwa,2024-06,Ceftriaxone,11.99
Khandwa,2024-06,Ciprofloxacin,14.26
Khandwa,2024-06,Doxycycline,13.48
Khandwa,2024-06,Metronidazole,13.3
Khandwa,2024-06,Cotrimoxazole,11.06
Khandwa,2024-06,Meropenem,13.21
Khandwa,2024-07,Amoxicillin,15.09
Khandwa,2024-07,Amoxicillin-Clavulanate,14.34
Khandwa,2024-07,Azithromycin,15.26
Khandwa,2024-07,Cefixime,16.64
Khandwa,2024-07,Ceftriaxone,15.82
Khandwa,2024-07,Ciprofloxacin,16.24
Khandwa,2024-07,Doxycycline,15.98
Khandwa,2024-07,Metronidazole,13.57
Khandwa,2024-07,Cotrimoxazole,15.42
Khandwa,2024-07,Meropenem,15.69
Khandwa,2024-08,Amoxicillin,14.84
Khandwa,2024-08,Amoxicillin-Clavulanate,14.21
Khandwa,2024-08,Azithromycin,15.46
Khandwa,2024-08,Cefixime,13.52
Khandwa,2024-08,Ceftriaxone,14.09
Khandwa,2024-08,Ciprofloxacin,14.42
Khandwa,2024-08,Doxycycline,15.3
Khandwa,2024-08,Metronidazole,14.98
Khandwa,2024-08,Cotrimoxazole,16.11
Khandwa,2024-08,Meropenem,13.62
Khandwa,2024-09,Amoxicillin,14.27
Khandwa,2024-09,Amoxicillin-Clavulanate,15.68
Khandwa,2024-09,Azithromycin,14.02
Khandwa,2024-09,Cefixime,14.5
Khandwa,2024-09,Ceftriaxone,13.26
Khandwa,2024-09,Ciprofloxacin,15.49
Khandwa,2024-09,Doxycycline,16.52
Khandwa,2024-09,Metronidazole,13.63
Khandwa,2024-09,Cotrimoxazole,16.12
Khandwa,2024-09,Meropenem,14.59
Khandwa,2024-10,Amoxicillin,13.4
Khandwa,2024-10,Amoxicillin-Clavulanate,14.12
Khandwa,2024-10,Azithromycin,13.85
Khandwa,2024-10,Cefixime,14.82
Khandwa,2024-10,Ceftriaxone,15.77
Khandwa,2024-10,Ciprofloxacin,17.21
Khandwa,2024-10,Doxycycline,13.26
Khandwa,2024-10,Metronidazole,14.24
Khandwa,2024-10,Cotrimoxazole,14.02
Khandwa,2024-10,Meropenem,13.27
Khandwa,2024-11,Amoxicillin,15.29
Khandwa,2024-11,Amoxicillin-Clavulanate,14.96
Khandwa,2024-11,Azithromycin,12.77
Khandwa,2024-11,Cefixime,15.04
Khandwa,2024-11,Ceftriaxone,13.82
Khandwa,2024-11,Ciprofloxacin,15.03
Khandwa,2024-11,Doxycycline,16.09
Khandwa,2024-11,Metronidazole,15.14
Khandwa,2024-11,Cotrimoxazole,15.05
Khandwa,2024-11,Meropenem,13.95
Khandwa,2024-12,Amoxicillin,14.83
Khandwa,2024-12,Amoxicillin-Clavulanate,15.17
Khandwa,2024-12,Azithromycin,14.88
Khandwa,2024-12,Cefixime,14.5
Khandwa,2024-12,Ceftriaxone,14.97
Khandwa,2024-12,Ciprofloxacin,13.16
Khandwa,2024-12,Doxycycline,13.5
Khandwa,2024-12,Metronidazole,15.03
Khandwa,2024-12,Cotrimoxazole,15.38
Khandwa,2024-12,Meropenem,14.26
Khandwa,2025-01,Amoxicillin,16.45
Khandwa,2025-01,Amoxicillin-Clavulanate,15.17
Khandwa,2025-01,Azithromycin,14.18
Khandwa,2025-01,Cefixime,13.33
Khandwa,2025-01,Ceftriaxone,16.37
Khandwa,2025-01,Ciprofloxacin,15.52
Khandwa,2025-01,Doxycycline,16.35
Khandwa,2025-01,Metronidazole,16.7
Khandwa,2025-01,Cotrimoxazole,13.11
Khandwa,2025-01,Meropenem,12.81
Khandwa,2025-02,Amoxicillin,11.7
Khandwa,2025-02,Amoxicillin-Clavulanate,15.66
Khandwa,2025-02,Azithromycin,15.19
Khandwa,2025-02,Cefixime,14.81
Khandwa,2025-02,Ceftriaxone,13.47
Khandwa,2025-02,Ciprofloxacin,14.61
Khandwa,2025-02,Doxycycline,14.62
Khandwa,2025-02,Metronidazole,15.21
Khandwa,2025-02,Cotrimoxazole,14.86
Khandwa,2025-02,Meropenem,15.0
Khandwa,2025-03,Amoxicillin,14.98
Khandwa,2025-03,Amoxicillin-Clavulanate,16.21
Khandwa,2025-03,Azithromycin,15.42
Khandwa,2025-03,Cefixime,13.66
Khandwa,2025-03,Ceftriaxone,16.62
Khandwa,2025-03,Ciprofloxacin,16.32
Khandwa,2025-03,Doxycycline,15.18
Khandwa,2025-03,Metronidazole,14.91
Khandwa,2025-03,Cotrimoxazole,16.64
Khandwa,2025-03,Meropenem,12.72
Khandwa,2025-04,Amoxicillin,16.95
Khandwa,2025-04,Amoxicillin-Clavulanate,14.84
Khandwa,2025-04,Azithromycin,16.37
Khandwa,2025-04,Cefixime,15.56
Khandwa,2025-04,Ceftriaxone,14.19
Khandwa,2025-04,Ciprofloxacin,14.88
Khandwa,2025-04,Doxycycline,16.23
Khandwa,2025-04,Metronidazole,14.81
Khandwa,2025-04,Cotrimoxazole,14.58
Khandwa,2025-04,Meropenem,14.25
Khandwa,2025-05,Amoxicillin,17.04
Khandwa,2025-05,Amoxicillin-Clavulanate,18.01
Khandwa,2025-05,Azithromycin,13.51
Khandwa,2025-05,Cefixime,19.23
Khandwa,2025-05,Ceftriaxone,16.52
Khandwa,2025-05,Ciprofloxacin,16.79
Khandwa,2025-05,Doxycycline,15.32
Khandwa,2025-05,Metronidazole,15.72
Khandwa,2025-05,Cotrimoxazole,16.19
Khandwa,2025-05,Meropenem,14.47
Khandwa,2025-06,Amoxicillin,16.28
Khandwa,2025-06,Amoxicillin-Clavulanate,18.19
Khandwa,2025-06,Azithromycin,14.95
Khandwa,2025-06,Cefixime,17.45
Khandwa,2025-06,Ceftriaxone,16.72
Khandwa,2025-06,Ciprofloxacin,15.91
Khandwa,2025-06,Doxycycline,18.74
Khandwa,2025-06,Metronidazole,15.45
Khandwa,2025-06,Cotrimoxazole,15.53
Khandwa,2025-06,Meropenem,16.17
Khandwa,2025-07,Amoxicillin,16.8
Khandwa,2025-07,Amoxicillin-Clavulanate,17.36
Khandwa,2025-07,Azithromycin,17.28
Khandwa,2025-07,Cefixime,17.7
Khandwa,2025-07,Ceftriaxone,17.47
Khandwa,2025-07,Ciprofloxacin,16.67
Khandwa,2025-07,Doxycycline,17.73
Khandwa,2025-07,Metronidazole,16.82
Khandwa,2025-07,Cotrimoxazole,16.69
Khandwa,2025-07,Meropenem,18.45
Khandwa,2025-08,Amoxicillin,17.49
Khandwa,2025-08,Amoxicillin-Clavulanate,18.54
Khandwa,2025-08,Azithromycin,18.44
Khandwa,2025-08,Cefixime,18.84
Khandwa,2025-08,Ceftriaxone,18.35
Khandwa,2025-08,Ciprofloxacin,17.42
Khandwa,2025-08,Doxycycline,16.94
Khandwa,2025-08,Metronidazole,16.66
Khandwa,2025-08,Cotrimoxazole,14.83
Khandwa,2025-08,Meropenem,17.6
Khandwa,2025-09,Amoxicillin,17.84
Khandwa,2025-09,Amoxicillin-Clavulanate,18.2
Khandwa,2025-09,Azithromycin,16.92
Khandwa,2025-09,Cefixime,18.1
Khandwa,2025-09,Ceftriaxone,16.02
Khandwa,2025-09,Ciprofloxacin,16.09
Khandwa,2025-09,Doxycycline,14.25
Khandwa,2025-09,Metronidazole,16.74
Khandwa,2025-09,Cotrimoxazole,16.32
Khandwa,2025-09,Meropenem,15.78
Khandwa,2025-10,Amoxicillin,17.63
Khandwa,2025-10,Amoxicillin-Clavulanate,16.52
Khandwa,2025-10,Azithromycin,15.19
Khandwa,2025-10,Cefixime,19.87
Khandwa,2025-10,Ceftriaxone,17.18
Khandwa,2025-10,Ciprofloxacin,15.88
Khandwa,2025-10,Doxycycline,15.95
Khandwa,2025-10,Metronidazole,16.42
Khandwa,2025-10,Cotrimoxazole,16.68
Khandwa,2025-10,Meropenem,17.93
Khandwa,2025-11,Amoxicillin,16.49
Khandwa,2025-11,Amoxicillin-Clavulanate,18.38
Khandwa,2025-11,Azithromycin,15.66
Khandwa,2025-11,Cefixime,16.87
Khandwa,2025-11,Ceftriaxone,17.67
Khandwa,2025-11,Ciprofloxacin,17.72
Khandwa,2025-11,Doxycycline,17.51
Khandwa,2025-11,Metronidazole,15.7
Khandwa,2025-11,Cotrimoxazole,16.23
Khandwa,2025-11,Meropenem,13.17
Khandwa,2025-12,Amoxicillin,16.22
Khandwa,2025-12,Amoxicillin-Clavulanate,17.41
Khandwa,2025-12,Azithromycin,17.0
Khandwa,2025-12,Cefixime,16.18
Khandwa,2025-12,Ceftriaxone,18.27
Khandwa,2025-12,Ciprofloxacin,15.85
Khandwa,2025-12,Doxycycline,15.16
Khandwa,2025-12,Metronidazole,15.36
Khandwa,2025-12,Cotrimoxazole,14.87
Khandwa,2025-12,Meropenem,16.46
Khargone,2024-01,Amoxicillin,13.01
Khargone,2024-01,Amoxicillin-Clavulanate,13.2
Khargone,2024-01,Azithromycin,11.93
Khargone,2024-01,Cefixime,12.51
Khargone,2024-01,Ceftriaxone,10.27
Khargone,2024-01,Ciprofloxacin,12.99
Khargone,2024-01,Doxycycline,12.44
Khargone,2024-01,Metronidazole,11.08
Khargone,2024-01,Cotrimoxazole,12.34
Khargone,2024-01,Meropenem,11.93
Khargone,2024-02,Amoxicillin,14.72
Khargone,2024-02,Amoxicillin-Clavulanate,11.45
Khargone,2024-02,Azithromycin,12.83
Khargone,2024-02,Cefixime,11.46
Khargone,2024-02,Ceftriaxone,12.14
Khargone,2024-02,Ciprofloxacin,12.97
Khargone,2024-02,Doxycycline,12.19
Khargone,2024-02,Metronidazole,12.37
Khargone,2024-02,Cotrimoxazole,12.91
Khargone,2024-02,Meropenem,11.76
Khargone,2024-03,Amoxicillin,14.55
Khargone,2024-03,Amoxicillin-Clavulanate,13.05
Khargone,2024-03,Azithromycin,13.11
Khargone,2024-03,Cefixime,13.83
Khargone,2024-03,Ceftriaxone,13.8
Khargone,2024-03,Ciprofloxacin,14.15
Khargone,2024-03,Doxycycline,13.51
Khargone,2024-03,Metronidazole,13.62
Khargone,2024-03,Cotrimoxazole,12.94
Khargone,2024-03,Meropenem,11.85
Khargone,2024-04,Amoxicillin,12.58
Khargone,2024-04,Amoxicillin-Clavulanate,12.1
Khargone,2024-04,Azithromycin,15.7
Khargone,2024-04,Cefixime,11.57
Khargone,2024-04,Ceftriaxone,15.44
Khargone,2024-04,Ciprofloxacin,13.1
Khargone,2024-04,Doxycycline,15.01
Khargone,2024-04,Metronidazole,11.22
Khargone,2024-04,Cotrimoxazole,13.59
Khargone,2024-04,Meropenem,15.15
Khargone,2024-05,Amoxicillin,15.28
Khargone,2024-05,Amoxicillin-Clavulanate,13.9
Khargone,2024-05,Azithromycin,11.95
Khargone,2024-05,Cefixime,12.88
Khargone,2024-05,Ceftriaxone,15.99
Khargone,2024-05,Ciprofloxacin,13.95
Khargone,2024-05,Doxycycline,13.94
Khargone,2024-05,Metronidazole,14.27
Khargone,2024-05,Cotrimoxazole,12.75
Khargone,2024-05,Meropenem,14.31
Khargone,2024-06,Amoxicillin,14.22
Khargone,2024-06,Amoxicillin-Clavulanate,14.78
Khargone,2024-06,Azithromycin,13.63
Khargone,2024-06,Cefixime,12.79
Khargone,2024-06,Ceftriaxone,14.18
Khargone,2024-06,Ciprofloxacin,15.22
Khargone,2024-06,Doxycycline,14.63
Khargone,2024-06,Metronidazole,14.17
Khargone,2024-06,Cotrimoxazole,15.35
Khargone,2024-06,Meropenem,13.82
Khargone,2024-07,Amoxicillin,15.18
Khargone,2024-07,Amoxicillin-Clavulanate,14.35
Khargone,2024-07,Azithromycin,15.73
Khargone,2024-07,Cefixime,15.27
Khargone,2024-07,Ceftriaxone,14.47
Khargone,2024-07,Ciprofloxacin,13.31
Khargone,2024-07,Doxycycline,15.82
Khargone,2024-07,Metronidazole,13.72
Khargone,2024-07,Cotrimoxazole,14.86
Khargone,2024-07,Meropenem,17.03
Khargone,2024-08,Amoxicillin,15.96
Khargone,2024-08,Amoxicillin-Clavulanate,16.62
Khargone,2024-08,Azithromycin,14.05
Khargone,2024-08,Cefixime,16.09
Khargone,2024-08,Ceftriaxone,15.07
Khargone,2024-08,Ciprofloxacin,15.31
Khargone,2024-08,Doxycycline,16.8
Khargone,2024-08,Metronidazole,14.21
Khargone,2024-08,Cotrimoxazole,14.77
Khargone,2024-08,Meropenem,13.42
Khargone,2024-09,Amoxicillin,15.69
Khargone,2024-09,Amoxicillin-Clavulanate,13.88
Khargone,2024-09,Azithromycin,15.43
Khargone,2024-09,Cefixime,12.74
Khargone,2024-09,Ceftriaxone,15.28
Khargone,2024-09,Ciprofloxacin,13.85
Khargone,2024-09,Doxycycline,15.05
Khargone,2024-09,Metronidazole,14.17
Khargone,2024-09,Cotrimoxazole,13.81
Khargone,2024-09,Meropenem,13.67
Khargone,2024-10,Amoxicillin,13.58
Khargone,2024-10,Amoxicillin-Clavulanate,15.23
Khargone,2024-10,Azithromycin,12.98
Khargone,2024-10,Cefixime,14.08
Khargone,2024-10,Ceftriaxone,14.87
Khargone,2024-10,Ciprofloxacin,16.14
Khargone,2024-10,Doxycycline,14.07
Khargone,2024-10,Metronidazole,13.75
Khargone,2024-10,Cotrimoxazole,14.52
Khargone,2024-10,Meropenem,11.65
Khargone,2024-11,Amoxicillin,12.97
Khargone,2024-11,Amoxicillin-Clavulanate,13.68
Khargone,2024-11,Azithromycin,13.14
Khargone,2024-11,Cefixime,12.39
Khargone,2024-11,Ceftriaxone,15.2
Khargone,2024-11,Ciprofloxacin,14.44
Khargone,2024-11,Doxycycline,14.03
Khargone,2024-11,Metronidazole,13.05
Khargone,2024-11,Cotrimoxazole,14.1
Khargone,2024-11,Meropenem,14.3
Khargone,2024-12,Amoxicillin,13.99
Khargone,2024-12,Amoxicillin-Clavulanate,14.58
Khargone,2024-12,Azithromycin,13.05
Khargone,2024-12,Cefixime,14.25
Khargone,2024-12,Ceftriaxone,15.51
Khargone,2024-12,Ciprofloxacin,15.5
Khargone,2024-12,Doxycycline,15.33
Khargone,2024-12,Metronidazole,14.13
Khargone,2024-12,Cotrimoxazole,14.04
Khargone,2024-12,Meropenem,13.24
Khargone,2025-01,Amoxicillin,12.34
Khargone,2025-01,Amoxicillin-Clavulanate,12.66
Khargone,2025-01,Azithromycin,13.79
Khargone,2025-01,Cefixime,14.08
Khargone,2025-01,Ceftriaxone,15.86
Khargone,2025-01,Ciprofloxacin,15.64
Khargone,2025-01,Doxycycline,13.17
Khargone,2025-01,Metronidazole,14.77
Khargone,2025-01,Cotrimoxazole,13.54
Khargone,2025-01,Meropenem,14.54
Khargone,2025-02,Amoxicillin,15.67
Khargone,2025-02,Amoxicillin-Clavulanate,15.95
Khargone,2025-02,Azithromycin,13.86
Khargone,2025-02,Cefixime,15.75
Khargone,2025-02,Ceftriaxone,12.69
Khargone,2025-02,Ciprofloxacin,16.06
Khargone,2025-02,Doxycycline,14.32
Khargone,2025-02,Metronidazole,14.29
Khargone,2025-02,Cotrimoxazole,12.25
Khargone,2025-02,Meropenem,13.78
Khargone,2025-03,Amoxicillin,16.51
Khargone,2025-03,Amoxicillin-Clavulanate,14.34
Khargone,2025-03,Azithromycin,15.41
Khargone,2025-03,Cefixime,14.91
Khargone,2025-03,Ceftriaxone,16.16
Khargone,2025-03,Ciprofloxacin,15.08
Khargone,2025-03,Doxycycline,13.55
Khargone,2025-03,Metronidazole,14.57
Khargone,2025-03,Cotrimoxazole,16.48
Khargone,2025-03,Meropenem,14.97
Khargone,2025-04,Amoxicillin,15.44
Khargone,2025-04,Amoxicillin-Clavulanate,17.83
Khargone,2025-04,Azithromycin,16.43
Khargone,2025-04,Cefixime,16.31
Khargone,2025-04,Ceftriaxone,15.89
Khargone,2025-04,Ciprofloxacin,16.21
Khargone,2025-04,Doxycycline,15.93
Khargone,2025-04,Metronidazole,12.62
Khargone,2025-04,Cotrimoxazole,15.68
Khargone,2025-04,Meropenem,14.75
Khargone,2025-05,Amoxicillin,15.34
Khargone,2025-05,Amoxicillin-Clavulanate,15.44
Khargone,2025-05,Azithromycin,13.75
Khargone,2025-05,Cefixime,13.74
Khargone,2025-05,Ceftriaxone,17.23
Khargone,2025-05,Ciprofloxacin,16.23
Khargone,2025-05,Doxycycline,12.74
Khargone,2025-05,Metronidazole,14.69
Khargone,2025-05,Cotrimoxazole,16.53
Khargone,2025-05,Meropenem,14.92
Khargone,2025-06,Amoxicillin,17.83
Khargone,2025-06,Amoxicillin-Clavulanate,17.36
Khargone,2025-06,Azithromycin,14.5
Khargone,2025-06,Cefixime,16.12
Khargone,2025-06,Ceftriaxone,15.93
Khargone,2025-06,Ciprofloxacin,14.75
Khargone,2025-06,Doxycycline,14.32
Khargone,2025-06,Metronidazole,14.96
Khargone,2025-06,Cotrimoxazole,15.39
Khargone,2025-06,Meropenem,16.05
Khargone,2025-07,Amoxicillin,17.78
Khargone,2025-07,Amoxicillin-Clavulanate,16.94
Khargone,2025-07,Azithromycin,16.98
Khargone,2025-07,Cefixime,16.15
Khargone,2025-07,Ceftriaxone,17.25
Khargone,2025-07,Ciprofloxacin,16.28
Khargone,2025-07,Doxycycline,15.6
Khargone,2025-07,Metronidazole,18.1
Khargone,2025-07,Cotrimoxazole,13.7
Khargone,2025-07,Meropenem,13.84
Khargone,2025-08,Amoxicillin,17.21
Khargone,2025-08,Amoxicillin-Clavulanate,16.24
Khargone,2025-08,Azithromycin,14.74
Khargone,2025-08,Cefixime,15.45
Khargone,2025-08,Ceftriaxone,15.74
Khargone,2025-08,Ciprofloxacin,17.59
Khargone,2025-08,Doxycycline,17.58
Khargone,2025-08,Metronidazole,17.97
Khargone,2025-08,Cotrimoxazole,14.68
Khargone,2025-08,Meropenem,14.56
Khargone,2025-09,Amoxicillin,15.17
Khargone,2025-09,Amoxicillin-Clavulanate,17.91
Khargone,2025-09,Azithromycin,16.74
Khargone,2025-09,Cefixime,16.65
Khargone,2025-09,Ceftriaxone,16.96
Khargone,2025-09,Ciprofloxacin,16.5
Khargone,2025-09,Doxycycline,14.97
Khargone,2025-09,Metronidazole,16.7
Khargone,2025-09,Cotrimoxazole,16.18
Khargone,2025-09,Meropenem,14.71
Khargone,2025-10,Amoxicillin,17.21
Khargone,2025-10,Amoxicillin-Clavulanate,15.86
Khargone,2025-10,Azithromycin,16.38
Khargone,2025-10,Cefixime,16.26
Khargone,2025-10,Ceftriaxone,17.52
Khargone,2025-10,Ciprofloxacin,16.64
Khargone,2025-10,Doxycycline,15.08
Khargone,2025-10,Metronidazole,16.34
Khargone,2025-10,Cotrimoxazole,16.62
Khargone,2025-10,Meropenem,16.45
Khargone,2025-11,Amoxicillin,17.38
Khargone,2025-11,Amoxicillin-Clavulanate,15.33
Khargone,2025-11,Azithromycin,16.55
Khargone,2025-11,Cefixime,14.18
Khargone,2025-11,Ceftriaxone,16.07
Khargone,2025-11,Ciprofloxacin,15.77
Khargone,2025-11,Doxycycline,17.34
Khargone,2025-11,Metronidazole,15.51
Khargone,2025-11,Cotrimoxazole,16.58
Khargone,2025-11,Meropenem,13.65
Khargone,2025-12,Amoxicillin,15.97
Khargone,2025-12,Amoxicillin-Clavulanate,15.2
Khargone,2025-12,Azithromycin,18.66
Khargone,2025-12,Cefixime,15.46
Khargone,2025-12,Ceftriaxone,16.41
Khargone,2025-12,Ciprofloxacin,16.34
Khargone,2025-12,Doxycycline,14.12
Khargone,2025-12,Metronidazole,15.23
Khargone,2025-12,Cotrimoxazole,16.48
Khargone,2025-12,Meropenem,15.8
